user_id,timestamp,glucose,cgm_quality_flag,insulin_bolus,insulin_basal,carbs,meal_type,exercise_steps,exercise_intensity
U001,2024-09-01 00:00:00,127.0,1,0.0,1.05,0,none,0,none
U001,2024-09-01 00:15:00,126.5,1,0.0,0.84,0,none,0,none
U001,2024-09-01 00:20:00,126.8,1,0.0,1.19,0,none,0,none
U001,2024-09-01 00:25:00,127.2,1,0.0,0.99,0,none,0,none
U001,2024-09-01 00:30:00,126.7,1,0.0,1.12,0,none,0,none
U001,2024-09-01 00:35:00,126.1,1,0.0,0.95,0,none,0,none
U001,2024-09-01 00:40:00,126.4,1,0.0,0.85,0,none,0,none
U001,2024-09-01 01:10:00,126.5,1,0.0,0.84,0,none,0,none
U001,2024-09-01 01:15:00,125.1,1,0.0,1.06,0,none,0,none
U001,2024-09-01 01:25:00,122.9,1,0.0,1.17,0,none,0,none
U001,2024-09-01 01:35:00,120.3,1,0.0,0.82,0,none,0,none
U001,2024-09-01 01:40:00,120.2,1,0.0,0.96,0,none,0,none
U001,2024-09-01 01:50:00,119.3,1,0.0,1.12,0,none,0,none
U001,2024-09-01 01:55:00,120.0,1,0.0,0.81,0,none,0,none
U001,2024-09-01 02:10:00,120.5,1,0.0,1.12,0,none,0,none
U001,2024-09-01 02:15:00,120.7,1,0.0,0.8,0,none,0,none
U001,2024-09-01 02:25:00,120.5,1,0.0,0.91,0,none,0,none
U001,2024-09-01 02:30:00,119.9,1,0.0,0.89,0,none,0,none
U001,2024-09-01 02:35:00,119.5,1,0.0,1.09,0,none,0,none
U001,2024-09-01 02:45:00,119.0,1,0.0,1.17,0,none,0,none
U001,2024-09-01 02:50:00,119.2,1,0.0,0.93,0,none,0,none
U001,2024-09-01 02:55:00,119.7,0,0.0,0.94,0,none,0,none
U001,2024-09-01 03:00:00,119.7,1,3.4,1.2,45,lunch,0,none
U001,2024-09-01 03:10:00,119.1,1,0.0,1.04,0,none,0,none
U001,2024-09-01 03:15:00,119.7,1,0.0,1.01,0,none,0,none
U001,2024-09-01 03:25:00,118.3,1,0.0,0.98,0,none,0,none
U001,2024-09-01 03:30:00,118.1,1,0.0,1.18,0,none,0,none
U001,2024-09-01 03:35:00,117.3,1,0.0,0.97,0,none,0,none
U001,2024-09-01 03:40:00,117.5,1,0.0,0.83,0,none,0,none
U001,2024-09-01 03:50:00,117.9,1,0.0,1.18,0,none,0,none
U001,2024-09-01 03:55:00,117.8,1,0.0,0.8,0,none,0,none
U001,2024-09-01 04:05:00,119.2,1,0.0,0.93,0,none,0,none
U001,2024-09-01 04:10:00,118.6,1,0.0,1.04,0,none,0,none
U001,2024-09-01 04:15:00,118.8,1,0.0,1.1,0,none,0,none
U001,2024-09-01 04:20:00,119.2,1,0.0,1.03,0,none,0,none
U001,2024-09-01 04:30:00,118.4,1,0.0,0.82,0,none,0,none
U001,2024-09-01 04:40:00,119.5,1,0.0,1.18,0,none,0,none
U001,2024-09-01 04:45:00,119.7,1,0.0,1.11,0,none,0,none
U001,2024-09-01 04:55:00,119.9,1,0.0,0.91,0,none,0,none
U001,2024-09-01 05:05:00,120.5,1,0.0,1.0,0,none,0,none
U001,2024-09-01 05:10:00,120.7,1,0.0,0.95,0,none,0,none
U001,2024-09-01 05:15:00,121.7,1,0.0,0.9,0,none,0,none
U001,2024-09-01 05:20:00,122.0,1,0.0,0.92,0,none,0,none
U001,2024-09-01 05:25:00,122.3,1,0.0,1.05,0,none,0,none
U001,2024-09-01 05:40:00,122.9,1,0.0,1.04,0,none,0,none
U001,2024-09-01 05:45:00,122.9,1,0.0,0.82,0,none,0,none
U001,2024-09-01 05:50:00,122.2,1,0.0,1.1,0,none,0,none
U001,2024-09-01 06:00:00,121.9,1,0.0,1.04,0,none,0,none
U001,2024-09-01 06:05:00,121.5,1,0.0,0.94,0,none,0,none
U001,2024-09-01 06:15:00,121.7,1,0.0,1.12,0,none,0,none
U001,2024-09-01 06:20:00,121.8,1,0.0,1.02,0,none,0,none
U001,2024-09-01 06:35:00,121.9,1,0.0,0.95,0,none,0,none
U001,2024-09-01 06:45:00,121.7,1,0.0,0.81,0,none,0,none
U001,2024-09-01 06:55:00,120.8,1,0.0,0.95,0,none,0,none
U001,2024-09-01 07:00:00,121.1,1,0.0,1.04,0,none,0,none
U001,2024-09-01 07:05:00,122.0,1,0.0,1.0,0,none,0,none
U001,2024-09-01 07:15:00,121.5,1,0.0,1.06,0,none,0,none
U001,2024-09-01 07:20:00,121.1,1,0.0,0.91,0,none,0,none
U001,2024-09-01 07:30:00,120.8,1,0.0,1.19,0,none,0,none
U001,2024-09-01 07:35:00,121.4,1,0.0,1.12,0,none,0,none
U001,2024-09-01 07:40:00,121.1,1,0.0,0.92,0,none,0,none
U001,2024-09-01 07:50:00,120.6,1,0.0,1.16,0,none,0,none
U001,2024-09-01 07:55:00,121.1,1,0.0,1.02,0,none,0,none
U001,2024-09-01 08:10:00,121.3,1,0.0,0.95,0,none,0,none
U001,2024-09-01 08:15:00,121.4,1,0.0,0.92,0,none,0,none
U001,2024-09-01 08:20:00,120.7,1,0.0,0.94,0,none,0,none
U001,2024-09-01 08:25:00,120.0,1,0.0,0.99,0,none,0,none
U001,2024-09-01 08:30:00,119.5,1,0.0,1.05,0,none,0,none
U001,2024-09-01 08:35:00,119.7,1,0.0,0.85,0,none,0,none
U001,2024-09-01 08:50:00,120.5,1,8.4,1.14,90,snack,0,none
U001,2024-09-01 08:55:00,121.5,1,0.0,1.09,45,breakfast,0,none
U001,2024-09-01 09:05:00,120.7,1,4.4,0.87,60,breakfast,0,none
U001,2024-09-01 09:10:00,120.6,1,0.0,0.81,0,none,0,none
U001,2024-09-01 09:15:00,120.3,1,0.0,1.08,0,none,0,none
U001,2024-09-01 09:25:00,120.2,1,0.0,0.82,0,none,0,none
U001,2024-09-01 09:30:00,121.1,1,0.0,0.82,0,none,0,none
U001,2024-09-01 09:35:00,121.3,1,0.0,0.85,0,none,0,none
U001,2024-09-01 09:40:00,121.7,1,0.0,1.06,0,none,0,none
U001,2024-09-01 09:55:00,121.4,1,0.0,1.05,0,none,0,none
U001,2024-09-01 10:05:00,122.5,1,6.0,0.87,75,dinner,0,none
U001,2024-09-01 10:15:00,122.6,1,0.0,0.82,0,none,0,none
U001,2024-09-01 10:20:00,123.0,1,0.0,0.93,0,none,0,none
U001,2024-09-01 10:35:00,124.2,1,0.0,1.02,0,none,0,none
U001,2024-09-01 10:40:00,124.0,1,0.0,1.15,0,none,0,none
U001,2024-09-01 10:45:00,125.0,1,0.0,0.89,0,none,0,none
U001,2024-09-01 10:50:00,125.2,1,0.0,0.99,0,none,0,none
U001,2024-09-01 10:55:00,125.6,1,0.0,0.94,0,none,0,none
U001,2024-09-01 11:05:00,125.1,1,0.0,0.87,0,none,0,none
U001,2024-09-01 11:10:00,125.8,1,0.0,0.85,0,none,0,none
U001,2024-09-01 11:15:00,125.6,1,0.0,0.85,0,none,0,none
U001,2024-09-01 11:25:00,125.9,1,0.0,0.88,0,none,0,none
U001,2024-09-01 11:35:00,125.6,1,0.0,1.16,0,none,0,none
U001,2024-09-01 11:40:00,126.0,1,0.0,0.99,0,none,0,none
U001,2024-09-01 11:50:00,127.0,1,0.0,1.0,0,none,0,none
U001,2024-09-01 12:00:00,127.1,1,0.0,1.04,0,none,0,none
U001,2024-09-01 12:10:00,128.9,1,0.0,0.8,0,none,0,none
U001,2024-09-01 12:15:00,129.2,1,0.0,0.8,0,none,0,none
U001,2024-09-01 12:25:00,128.3,1,0.0,0.86,0,none,0,none
U001,2024-09-01 12:30:00,128.5,1,0.0,0.81,0,none,0,none
U001,2024-09-01 13:05:00,127.4,1,0.0,0.86,0,none,0,none
U001,2024-09-01 13:10:00,127.4,1,0.0,0.83,0,none,0,none
U001,2024-09-01 13:20:00,126.6,1,0.0,0.93,0,none,0,none
U001,2024-09-01 13:40:00,126.9,1,0.0,1.1,0,none,0,none
U001,2024-09-01 13:55:00,126.8,1,0.0,0.85,0,none,0,none
U001,2024-09-01 14:00:00,127.6,1,0.0,0.84,0,none,0,none
U001,2024-09-01 14:05:00,127.0,1,0.0,1.12,0,none,0,none
U001,2024-09-01 14:10:00,127.0,1,0.0,0.82,0,none,0,none
U001,2024-09-01 14:15:00,126.7,1,0.0,1.05,0,none,0,none
U001,2024-09-01 14:25:00,127.9,1,1.7,1.14,30,breakfast,0,none
U001,2024-09-01 14:35:00,127.0,1,0.0,0.96,0,none,0,none
U001,2024-09-01 14:40:00,127.3,1,0.0,0.9,0,none,0,none
U001,2024-09-01 14:45:00,127.8,1,0.0,0.89,0,none,0,none
U001,2024-09-01 15:00:00,125.8,1,0.0,0.82,0,none,0,none
U001,2024-09-01 15:05:00,124.7,1,0.0,1.2,0,none,0,none
U001,2024-09-01 15:10:00,124.4,1,0.0,0.88,0,none,0,none
U001,2024-09-01 15:15:00,125.2,1,0.0,1.06,0,none,0,none
U001,2024-09-01 15:20:00,125.1,1,0.0,0.83,0,none,0,none
U001,2024-09-01 15:25:00,124.9,1,0.0,0.82,0,none,0,none
U001,2024-09-01 15:40:00,124.9,1,0.0,1.18,0,none,0,none
U001,2024-09-01 16:10:00,126.4,1,0.0,1.15,0,none,0,none
U001,2024-09-01 16:20:00,126.6,1,0.0,1.0,0,none,0,none
U001,2024-09-01 16:35:00,124.7,1,0.0,1.0,0,none,0,none
U001,2024-09-01 16:40:00,123.9,1,0.0,0.89,0,none,0,none
U001,2024-09-01 17:05:00,126.8,1,0.0,0.94,0,none,0,none
U001,2024-09-01 17:20:00,127.0,1,0.0,0.81,0,none,0,none
U001,2024-09-01 17:25:00,126.4,1,0.0,1.05,0,none,0,none
U001,2024-09-01 17:30:00,126.2,1,0.0,1.05,0,none,0,none
U001,2024-09-01 17:50:00,127.1,1,0.0,1.08,0,none,0,none
U001,2024-09-01 18:00:00,126.2,1,0.0,0.9,0,none,0,none
U001,2024-09-01 18:05:00,126.2,1,0.0,1.09,0,none,0,none
U001,2024-09-01 18:10:00,126.5,1,0.0,1.06,0,none,0,none
U001,2024-09-01 18:15:00,126.2,1,0.0,0.87,0,none,0,none
U001,2024-09-01 18:25:00,126.4,1,0.0,0.86,0,none,0,none
U001,2024-09-01 18:30:00,126.9,1,0.0,0.92,0,none,0,none
U001,2024-09-01 18:40:00,126.9,1,0.0,0.8,0,none,0,none
U001,2024-09-01 18:45:00,126.0,1,0.0,1.07,0,none,0,none
U001,2024-09-01 18:55:00,125.1,1,0.0,1.13,0,none,0,none
U001,2024-09-01 19:10:00,124.8,1,0.0,1.18,0,none,0,none
U001,2024-09-01 19:15:00,124.7,1,0.0,1.18,0,none,0,none
U001,2024-09-01 19:20:00,124.5,1,0.0,1.02,0,none,0,none
U001,2024-09-01 19:55:00,126.3,1,0.0,0.8,0,none,0,none
U001,2024-09-01 20:05:00,126.8,1,0.0,0.8,0,none,0,none
U001,2024-09-01 20:10:00,127.1,1,0.0,0.91,0,none,0,none
U001,2024-09-01 20:15:00,127.6,1,0.0,1.15,0,none,0,none
U001,2024-09-01 20:25:00,127.9,1,0.0,1.02,0,none,0,none
U001,2024-09-01 20:30:00,128.4,1,0.0,1.04,0,none,0,none
U001,2024-09-01 20:35:00,129.2,1,4.2,1.1,60,dinner,0,none
U001,2024-09-01 20:40:00,128.5,1,0.0,1.1,0,none,0,none
U001,2024-09-01 20:50:00,128.0,1,0.0,1.12,0,none,0,none
U001,2024-09-01 20:55:00,127.8,1,0.0,1.04,0,none,0,none
U001,2024-09-01 21:00:00,127.7,1,2.3,0.98,30,snack,0,none
U001,2024-09-01 21:05:00,128.2,1,0.0,0.95,0,none,0,none
U001,2024-09-01 21:10:00,128.6,1,0.0,0.84,0,none,0,none
U001,2024-09-01 21:15:00,129.1,1,0.0,0.92,0,none,0,none
U001,2024-09-01 21:25:00,129.4,1,0.0,1.09,0,none,0,none
U001,2024-09-01 21:35:00,129.7,1,0.0,1.06,0,none,0,none
U001,2024-09-01 21:40:00,129.4,1,0.0,1.13,0,none,0,none
U001,2024-09-01 21:45:00,129.9,1,0.0,1.09,0,none,0,none
U001,2024-09-01 21:55:00,130.4,1,0.0,1.05,0,none,0,none
U001,2024-09-01 22:00:00,129.9,1,0.0,1.18,0,none,0,none
U001,2024-09-01 22:05:00,130.0,1,0.0,0.8,0,none,0,none
U001,2024-09-01 22:10:00,129.0,1,0.0,0.83,0,none,0,none
U001,2024-09-01 22:15:00,130.2,1,0.0,1.1,0,none,0,none
U001,2024-09-01 22:20:00,129.9,1,0.0,0.99,0,none,0,none
U001,2024-09-01 22:30:00,131.5,1,0.0,1.06,0,none,0,none
U001,2024-09-01 22:45:00,130.2,1,0.0,1.13,0,none,0,none
U001,2024-09-01 22:50:00,131.1,1,0.0,1.11,0,none,0,none
U001,2024-09-01 22:55:00,130.9,1,0.0,1.03,0,none,0,none
U001,2024-09-01 23:10:00,130.1,1,0.0,1.1,0,none,0,none
U001,2024-09-01 23:15:00,129.9,1,0.0,1.02,0,none,0,none
U001,2024-09-01 23:20:00,130.2,1,0.0,1.06,0,none,0,none
U001,2024-09-01 23:35:00,129.9,1,0.0,0.96,0,none,0,none
U001,2024-09-01 23:40:00,129.7,1,0.0,0.84,0,none,0,none
U001,2024-09-01 23:45:00,129.0,1,0.0,0.86,0,none,0,none
U001,2024-09-01 23:50:00,129.0,1,0.0,1.19,0,none,0,none
U001,2024-09-02 00:00:00,128.3,1,0.0,0.92,0,none,0,none
U001,2024-09-02 00:05:00,128.2,1,0.0,0.85,0,none,0,none
U001,2024-09-02 00:10:00,128.3,1,0.0,0.94,0,none,0,none
U001,2024-09-02 00:15:00,127.8,1,0.0,1.1,0,none,0,none
U001,2024-09-02 00:20:00,127.5,1,0.0,1.15,0,none,0,none
U001,2024-09-02 00:25:00,127.1,1,0.0,1.1,0,none,0,none
U001,2024-09-02 00:35:00,128.5,1,0.0,0.82,0,none,0,none
U001,2024-09-02 00:40:00,128.9,1,0.0,0.83,0,none,0,none
U001,2024-09-02 00:55:00,128.9,1,0.0,0.96,0,none,0,none
U001,2024-09-02 01:00:00,129.0,1,0.0,1.01,0,none,0,none
U001,2024-09-02 01:15:00,128.3,1,0.0,0.99,0,none,0,none
U001,2024-09-02 01:20:00,128.6,1,0.0,1.1,0,none,0,none
U001,2024-09-02 01:30:00,128.8,1,0.0,0.94,0,none,0,none
U001,2024-09-02 01:40:00,129.1,1,0.0,1.2,0,none,0,none
U001,2024-09-02 01:45:00,129.3,1,0.0,1.2,0,none,0,none
U001,2024-09-02 01:55:00,129.2,1,0.0,0.93,0,none,0,none
U001,2024-09-02 02:00:00,129.8,1,0.0,1.16,0,none,0,none
U001,2024-09-02 02:05:00,130.6,1,0.0,0.87,0,none,0,none
U001,2024-09-02 02:15:00,130.5,1,0.0,0.93,0,none,0,none
U001,2024-09-02 02:20:00,130.9,1,0.0,1.2,0,none,0,none
U001,2024-09-02 02:30:00,129.8,1,0.0,0.95,0,none,0,none
U001,2024-09-02 02:35:00,128.8,1,0.0,0.89,0,none,0,none
U001,2024-09-02 02:45:00,129.9,1,4.2,1.08,45,snack,0,none
U001,2024-09-02 02:50:00,130.0,1,0.0,0.88,0,none,0,none
U001,2024-09-02 02:55:00,130.2,1,0.0,1.0,0,none,0,none
U001,2024-09-02 03:05:00,131.4,1,0.0,0.87,0,none,0,none
U001,2024-09-02 03:10:00,131.3,1,0.0,0.94,0,none,0,none
U001,2024-09-02 03:15:00,131.6,1,0.0,0.97,0,none,0,none
U001,2024-09-02 03:25:00,132.3,1,0.0,1.19,0,none,0,none
U001,2024-09-02 03:30:00,131.8,1,0.0,0.85,0,none,0,none
U001,2024-09-02 03:40:00,132.0,1,0.0,1.19,0,none,0,none
U001,2024-09-02 03:45:00,131.6,1,0.0,0.9,0,none,0,none
U001,2024-09-02 03:50:00,131.6,1,0.0,1.15,0,none,0,none
U001,2024-09-02 03:55:00,131.4,1,0.0,0.82,0,none,0,none
U001,2024-09-02 04:05:00,132.1,1,0.0,1.16,0,none,0,none
U001,2024-09-02 04:15:00,133.2,1,0.0,0.81,0,none,0,none
U001,2024-09-02 04:25:00,133.4,1,0.0,0.88,0,none,0,none
U001,2024-09-02 04:35:00,134.3,1,0.0,1.0,0,none,0,none
U001,2024-09-02 04:40:00,135.6,1,0.0,1.06,0,none,0,none
U001,2024-09-02 04:45:00,135.2,0,0.0,0.8,0,none,0,none
U001,2024-09-02 04:50:00,135.7,1,0.0,1.07,0,none,0,none
U001,2024-09-02 04:55:00,136.0,1,0.0,0.9,0,none,0,none
U001,2024-09-02 05:00:00,135.3,1,0.0,1.05,0,none,0,none
U001,2024-09-02 05:05:00,135.4,1,0.0,0.88,0,none,0,none
U001,2024-09-02 05:15:00,134.8,1,0.0,1.2,0,none,0,none
U001,2024-09-02 05:25:00,134.8,1,7.9,0.94,90,dinner,0,none
U001,2024-09-02 05:40:00,134.6,1,0.0,1.05,0,none,0,none
U001,2024-09-02 05:45:00,135.2,1,0.0,0.83,0,none,0,none
U001,2024-09-02 05:55:00,133.9,1,0.0,0.96,0,none,0,none
U001,2024-09-02 06:00:00,133.7,1,0.0,0.95,0,none,0,none
U001,2024-09-02 06:05:00,133.9,1,0.0,0.87,0,none,0,none
U001,2024-09-02 06:30:00,132.8,1,0.0,1.03,0,none,0,none
U001,2024-09-02 06:35:00,133.2,1,2.8,0.89,45,snack,0,none
U001,2024-09-02 06:45:00,132.8,1,0.0,1.1,0,none,0,none
U001,2024-09-02 07:05:00,134.3,1,0.0,0.98,0,none,0,none
U001,2024-09-02 07:20:00,134.7,1,0.0,0.84,0,none,0,none
U001,2024-09-02 07:25:00,134.6,1,0.0,1.19,0,none,0,none
U001,2024-09-02 07:35:00,133.6,1,0.0,1.18,0,none,0,none
U001,2024-09-02 07:40:00,133.8,1,0.0,1.12,0,none,0,none
U001,2024-09-02 07:45:00,134.0,1,0.0,0.94,0,none,0,none
U001,2024-09-02 07:55:00,132.9,1,0.0,0.94,0,none,0,none
U001,2024-09-02 08:05:00,132.3,1,0.0,0.81,0,none,0,none
U001,2024-09-02 08:15:00,132.8,1,0.0,1.13,0,none,0,none
U001,2024-09-02 08:20:00,132.4,1,0.0,1.18,0,none,0,none
U001,2024-09-02 08:50:00,132.6,1,0.0,0.97,0,none,0,none
U001,2024-09-02 08:55:00,133.2,1,0.0,1.18,0,none,0,none
U001,2024-09-02 09:00:00,132.9,1,0.0,1.13,0,none,0,none
U001,2024-09-02 09:05:00,132.3,1,0.0,1.04,0,none,0,none
U001,2024-09-02 09:10:00,132.7,1,0.0,0.84,0,none,0,none
U001,2024-09-02 09:15:00,132.5,1,0.0,0.89,0,none,0,none
U001,2024-09-02 09:25:00,133.3,1,0.0,1.05,0,none,0,none
U001,2024-09-02 09:45:00,133.2,1,0.0,0.93,0,none,0,none
U001,2024-09-02 09:55:00,133.0,0,0.0,0.94,0,none,0,none
U001,2024-09-02 10:00:00,133.0,1,0.0,1.02,0,none,0,none
U001,2024-09-02 10:05:00,133.0,1,0.0,0.89,0,none,0,none
U001,2024-09-02 10:10:00,133.5,1,0.0,1.15,0,none,0,none
U001,2024-09-02 10:15:00,133.9,1,0.0,0.92,0,none,0,none
U001,2024-09-02 10:25:00,134.0,1,0.0,0.93,0,none,0,none
U001,2024-09-02 10:30:00,133.5,1,0.0,1.14,0,none,0,none
U001,2024-09-02 10:40:00,133.4,1,0.0,0.88,0,none,0,none
U001,2024-09-02 10:50:00,132.7,1,7.9,0.8,90,breakfast,0,none
U001,2024-09-02 11:00:00,134.2,1,0.0,1.07,0,none,0,none
U001,2024-09-02 11:10:00,135.0,1,0.0,1.15,0,none,0,none
U001,2024-09-02 11:15:00,135.1,1,0.0,1.1,0,none,0,none
U001,2024-09-02 11:20:00,136.0,1,0.0,1.0,0,none,0,none
U001,2024-09-02 11:25:00,135.4,0,0.0,1.15,0,none,0,none
U001,2024-09-02 11:30:00,134.9,1,0.0,0.98,0,none,0,none
U001,2024-09-02 11:35:00,135.3,1,0.0,1.14,0,none,0,none
U001,2024-09-02 11:40:00,134.7,1,0.0,0.89,0,none,0,none
U001,2024-09-02 11:45:00,135.0,1,0.0,0.93,0,none,0,none
U001,2024-09-02 11:50:00,134.9,1,0.0,1.05,0,none,0,none
U001,2024-09-02 11:55:00,134.5,1,0.0,1.14,0,none,0,none
U001,2024-09-02 12:05:00,134.3,1,0.0,1.03,0,none,0,none
U001,2024-09-02 12:10:00,133.5,1,0.0,0.84,0,none,0,none
U001,2024-09-02 12:15:00,134.4,1,0.0,0.82,0,none,0,none
U001,2024-09-02 12:25:00,134.9,1,0.0,0.9,0,none,0,none
U001,2024-09-02 12:30:00,135.2,1,0.0,0.97,0,none,0,none
U001,2024-09-02 12:35:00,135.8,1,0.0,1.2,0,none,0,none
U001,2024-09-02 12:40:00,136.4,1,0.0,1.03,0,none,0,none
U001,2024-09-02 12:55:00,137.0,1,0.0,0.86,0,none,0,none
U001,2024-09-02 13:00:00,137.1,1,0.0,0.88,0,none,0,none
U001,2024-09-02 13:05:00,136.9,1,0.0,1.03,0,none,0,none
U001,2024-09-02 13:15:00,137.1,1,0.0,0.86,0,none,0,none
U001,2024-09-02 13:20:00,137.3,1,0.0,0.96,0,none,0,none
U001,2024-09-02 13:25:00,136.7,1,0.0,0.83,0,none,0,none
U001,2024-09-02 13:30:00,137.0,1,0.0,0.83,0,none,0,none
U001,2024-09-02 13:35:00,137.5,1,0.0,0.99,0,none,0,none
U001,2024-09-02 13:40:00,138.4,1,0.0,1.17,0,none,0,none
U001,2024-09-02 13:50:00,138.8,1,0.0,1.18,0,none,0,none
U001,2024-09-02 13:55:00,138.4,1,0.0,1.08,0,none,0,none
U001,2024-09-02 14:05:00,138.3,1,0.0,1.2,0,none,0,none
U001,2024-09-02 14:15:00,139.3,1,0.0,1.1,0,none,0,none
U001,2024-09-02 14:20:00,140.0,1,0.0,0.98,0,none,0,none
U001,2024-09-02 14:25:00,139.5,1,2.0,1.19,30,snack,0,none
U001,2024-09-02 14:30:00,140.2,1,0.0,0.92,0,none,0,none
U001,2024-09-02 14:40:00,140.4,1,0.0,1.14,0,none,0,none
U001,2024-09-02 14:45:00,140.6,1,0.0,0.91,0,none,0,none
U001,2024-09-02 14:50:00,140.9,1,0.0,0.96,0,none,0,none
U001,2024-09-02 14:55:00,141.2,1,0.0,0.99,0,none,0,none
U001,2024-09-02 15:00:00,140.8,1,0.0,1.07,0,none,0,none
U001,2024-09-02 15:05:00,140.7,1,0.0,1.19,0,none,0,none
U001,2024-09-02 15:10:00,140.2,1,0.0,0.83,0,none,0,none
U001,2024-09-02 15:15:00,139.4,1,0.0,1.19,0,none,0,none
U001,2024-09-02 15:20:00,138.4,1,0.0,1.18,0,none,0,none
U001,2024-09-02 15:25:00,138.3,1,0.0,0.81,0,none,0,none
U001,2024-09-02 15:30:00,138.3,1,0.0,1.07,0,none,0,none
U001,2024-09-02 15:40:00,138.5,1,0.0,0.93,0,none,0,none
U001,2024-09-02 15:45:00,138.0,1,0.0,0.94,0,none,0,none
U001,2024-09-02 15:50:00,138.9,1,0.0,1.13,0,none,0,none
U001,2024-09-02 15:55:00,139.3,1,0.0,0.95,0,none,0,none
U001,2024-09-02 16:00:00,139.9,1,0.0,0.92,0,none,0,none
U001,2024-09-02 16:10:00,140.1,1,0.0,1.16,0,none,0,none
U001,2024-09-02 16:15:00,140.6,1,0.0,1.16,0,none,0,none
U001,2024-09-02 16:20:00,141.9,1,0.0,1.11,0,none,0,none
U001,2024-09-02 16:25:00,142.1,1,0.0,0.94,0,none,0,none
U001,2024-09-02 16:35:00,142.7,1,0.0,0.97,0,none,0,none
U001,2024-09-02 16:55:00,143.5,1,0.0,0.96,0,none,0,none
U001,2024-09-02 17:05:00,143.0,1,0.0,0.96,0,none,2212,low
U001,2024-09-02 17:10:00,142.9,1,0.0,1.0,0,none,0,none
U001,2024-09-02 17:20:00,143.7,1,0.0,1.0,0,none,0,none
U001,2024-09-02 17:25:00,144.4,1,0.0,0.93,0,none,0,none
U001,2024-09-02 17:35:00,144.6,1,0.0,0.87,0,none,0,none
U001,2024-09-02 17:45:00,143.6,1,0.0,0.82,0,none,0,none
U001,2024-09-02 17:55:00,143.8,1,0.0,0.88,0,none,0,none
U001,2024-09-02 18:05:00,144.5,1,4.0,0.97,60,lunch,0,none
U001,2024-09-02 18:10:00,144.8,1,0.0,1.12,0,none,0,none
U001,2024-09-02 18:25:00,143.9,1,0.0,0.89,0,none,0,none
U001,2024-09-02 18:30:00,143.5,1,0.0,1.17,0,none,0,none
U001,2024-09-02 18:35:00,143.5,1,0.0,0.82,0,none,0,none
U001,2024-09-02 18:40:00,143.8,1,0.0,1.11,0,none,0,none
U001,2024-09-02 18:45:00,144.0,1,3.1,0.88,45,lunch,0,none
U001,2024-09-02 19:00:00,143.6,1,0.0,1.19,0,none,2739,low
U001,2024-09-02 19:05:00,143.8,1,0.0,1.17,0,none,0,none
U001,2024-09-02 19:10:00,143.3,1,0.0,1.11,0,none,0,none
U001,2024-09-02 19:20:00,142.5,1,0.0,0.97,0,none,0,none
U001,2024-09-02 19:25:00,142.8,1,0.0,1.04,0,none,0,none
U001,2024-09-02 20:00:00,144.0,1,0.0,0.92,0,none,0,none
U001,2024-09-02 20:10:00,146.0,1,0.0,0.86,0,none,0,none
U001,2024-09-02 20:15:00,144.8,1,0.0,0.97,0,none,0,none
U001,2024-09-02 20:20:00,145.1,1,0.0,0.96,0,none,0,none
U001,2024-09-02 20:25:00,144.8,1,0.0,0.82,0,none,0,none
U001,2024-09-02 20:35:00,145.6,1,0.0,1.18,0,none,0,none
U001,2024-09-02 20:40:00,145.5,1,0.0,0.95,0,none,0,none
U001,2024-09-02 20:45:00,145.9,1,0.0,1.15,0,none,0,none
U001,2024-09-02 20:50:00,146.0,1,0.0,1.15,0,none,0,none
U001,2024-09-02 21:00:00,144.8,1,0.0,1.01,0,none,0,none
U001,2024-09-02 21:10:00,145.4,1,0.0,0.83,0,none,0,none
U001,2024-09-02 21:15:00,146.2,1,0.0,1.15,0,none,0,none
U001,2024-09-02 21:35:00,146.4,1,0.0,0.97,0,none,0,none
U001,2024-09-02 21:40:00,147.4,1,0.0,0.91,0,none,0,none
U001,2024-09-02 21:45:00,148.2,1,0.0,0.95,0,none,0,none
U001,2024-09-02 21:50:00,148.4,1,0.0,1.06,0,none,0,none
U001,2024-09-02 21:55:00,149.5,1,0.0,0.99,0,none,0,none
U001,2024-09-02 22:05:00,150.2,1,0.0,1.14,0,none,0,none
U001,2024-09-02 22:10:00,150.0,1,0.0,0.85,0,none,0,none
U001,2024-09-02 22:30:00,151.1,1,0.0,1.19,0,none,0,none
U001,2024-09-02 22:50:00,152.0,1,0.0,1.11,0,none,0,none
U001,2024-09-02 22:55:00,151.7,1,0.0,1.02,0,none,0,none
U001,2024-09-02 23:10:00,152.1,1,0.0,0.86,0,none,0,none
U001,2024-09-02 23:15:00,153.0,1,0.0,0.81,0,none,0,none
U001,2024-09-02 23:20:00,153.9,1,0.0,1.07,0,none,0,none
U001,2024-09-02 23:45:00,155.1,1,0.0,1.11,0,none,0,none
U001,2024-09-02 23:55:00,155.9,1,0.0,1.03,0,none,0,none
U001,2024-09-03 00:00:00,156.1,1,0.0,1.19,0,none,0,none
U001,2024-09-03 00:05:00,155.9,1,0.0,1.1,0,none,0,none
U001,2024-09-03 00:10:00,155.3,1,0.0,0.89,0,none,0,none
U001,2024-09-03 00:15:00,155.2,1,0.0,1.0,0,none,0,none
U001,2024-09-03 00:20:00,155.1,1,0.0,0.97,0,none,0,none
U001,2024-09-03 00:30:00,155.6,1,0.0,1.07,0,none,0,none
U001,2024-09-03 00:40:00,156.3,1,0.0,1.05,0,none,0,none
U001,2024-09-03 00:45:00,156.3,1,0.0,0.81,0,none,0,none
U001,2024-09-03 00:50:00,156.6,1,0.0,0.81,0,none,0,none
U001,2024-09-03 01:00:00,156.6,1,0.0,0.89,0,none,0,none
U001,2024-09-03 01:10:00,158.1,1,0.0,0.81,0,none,0,none
U001,2024-09-03 01:15:00,158.9,1,0.0,1.01,0,none,0,none
U001,2024-09-03 01:20:00,158.6,1,0.0,1.08,0,none,0,none
U001,2024-09-03 01:30:00,158.7,1,0.0,0.97,0,none,0,none
U001,2024-09-03 01:40:00,158.3,1,0.0,1.13,0,none,0,none
U001,2024-09-03 02:05:00,160.7,1,0.0,1.0,0,none,0,none
U001,2024-09-03 02:10:00,160.6,1,0.0,0.87,0,none,0,none
U001,2024-09-03 02:20:00,161.5,1,0.0,0.87,0,none,0,none
U001,2024-09-03 02:25:00,160.7,1,0.0,0.83,0,none,0,none
U001,2024-09-03 02:30:00,160.9,1,0.0,0.96,0,none,0,none
U001,2024-09-03 02:35:00,161.4,1,0.0,0.87,0,none,0,none
U001,2024-09-03 02:40:00,161.1,1,0.0,1.04,0,none,0,none
U001,2024-09-03 02:50:00,161.0,1,0.0,0.93,0,none,0,none
U001,2024-09-03 02:55:00,161.1,1,0.0,1.18,0,none,0,none
U001,2024-09-03 03:05:00,159.8,1,0.0,1.18,0,none,0,none
U001,2024-09-03 03:20:00,160.5,1,0.0,1.04,0,none,0,none
U001,2024-09-03 03:25:00,160.6,1,6.1,1.03,75,lunch,0,none
U001,2024-09-03 03:30:00,160.7,1,0.0,0.88,0,none,0,none
U001,2024-09-03 03:40:00,160.4,1,0.0,1.01,0,none,0,none
U001,2024-09-03 03:45:00,161.4,1,0.0,0.94,0,none,0,none
U001,2024-09-03 03:50:00,161.2,1,0.0,1.05,0,none,0,none
U001,2024-09-03 03:55:00,160.8,1,0.0,0.94,0,none,0,none
U001,2024-09-03 04:00:00,161.2,1,0.0,1.07,0,none,0,none
U001,2024-09-03 04:05:00,161.2,1,0.0,1.16,0,none,0,none
U001,2024-09-03 04:10:00,160.8,1,0.0,0.88,0,none,0,none
U001,2024-09-03 04:35:00,160.9,1,0.0,1.01,0,none,0,none
U001,2024-09-03 04:45:00,161.2,1,0.0,1.19,0,none,0,none
U001,2024-09-03 04:55:00,160.0,1,0.0,1.04,0,none,0,none
U001,2024-09-03 05:05:00,160.9,1,0.0,0.9,0,none,0,none
U001,2024-09-03 05:10:00,160.5,1,0.0,1.02,0,none,0,none
U001,2024-09-03 05:20:00,161.0,1,0.0,0.97,0,none,0,none
U001,2024-09-03 05:25:00,161.6,1,0.0,0.95,0,none,0,none
U001,2024-09-03 05:30:00,162.0,1,0.0,0.81,0,none,0,none
U001,2024-09-03 05:35:00,160.0,1,0.0,0.98,0,none,2119,low
U001,2024-09-03 05:40:00,161.1,1,0.0,0.81,0,none,0,none
U001,2024-09-03 05:50:00,162.2,1,0.0,0.98,0,none,0,none
U001,2024-09-03 05:55:00,162.4,0,0.0,0.82,0,none,0,none
U001,2024-09-03 06:00:00,161.8,1,0.0,0.9,0,none,0,none
U001,2024-09-03 06:05:00,161.1,1,0.0,1.13,0,none,0,none
U001,2024-09-03 06:15:00,161.6,1,0.0,1.03,0,none,0,none
U001,2024-09-03 06:25:00,161.5,1,0.0,1.08,0,none,0,none
U001,2024-09-03 06:35:00,163.0,1,0.0,1.0,0,none,0,none
U001,2024-09-03 06:45:00,162.7,1,0.0,1.16,0,none,0,none
U001,2024-09-03 06:50:00,162.5,1,0.0,0.84,0,none,0,none
U001,2024-09-03 06:55:00,162.8,1,0.0,0.89,0,none,0,none
U001,2024-09-03 07:00:00,163.5,1,0.0,1.16,0,none,0,none
U001,2024-09-03 07:10:00,164.5,1,0.0,1.2,0,none,0,none
U001,2024-09-03 07:20:00,163.1,1,3.4,0.84,30,lunch,0,none
U001,2024-09-03 07:40:00,163.1,1,0.0,0.92,0,none,0,none
U001,2024-09-03 08:00:00,161.6,1,0.0,1.03,0,none,0,none
U001,2024-09-03 08:05:00,161.3,1,2.6,0.96,30,lunch,0,none
U001,2024-09-03 08:10:00,161.3,1,0.0,1.06,0,none,0,none
U001,2024-09-03 08:15:00,162.5,1,0.0,1.0,0,none,0,none
U001,2024-09-03 08:20:00,162.5,1,0.0,0.91,0,none,0,none
U001,2024-09-03 08:25:00,161.4,1,0.0,1.0,0,none,0,none
U001,2024-09-03 08:35:00,160.4,1,0.0,1.06,0,none,0,none
U001,2024-09-03 08:45:00,161.2,1,0.0,1.08,0,none,0,none
U001,2024-09-03 08:50:00,160.9,1,0.0,0.83,0,none,0,none
U001,2024-09-03 08:55:00,161.4,1,0.0,1.2,0,none,0,none
U001,2024-09-03 09:00:00,162.3,1,0.0,1.14,0,none,0,none
U001,2024-09-03 09:10:00,161.7,1,0.0,1.01,0,none,0,none
U001,2024-09-03 09:20:00,161.2,1,0.0,1.2,0,none,0,none
U001,2024-09-03 09:55:00,161.3,1,0.0,1.0,0,none,0,none
U001,2024-09-03 10:00:00,162.1,1,0.0,0.84,0,none,0,none
U001,2024-09-03 10:05:00,161.6,1,0.0,0.92,0,none,0,none
U001,2024-09-03 10:20:00,160.7,1,0.0,0.83,0,none,0,none
U001,2024-09-03 10:25:00,160.5,1,0.0,0.98,0,none,0,none
U001,2024-09-03 10:30:00,160.3,1,1.9,0.89,30,breakfast,0,none
U001,2024-09-03 10:35:00,160.6,1,0.0,0.94,0,none,0,none
U001,2024-09-03 10:40:00,160.3,1,0.0,1.05,0,none,3048,high
U001,2024-09-03 10:45:00,160.2,1,0.0,1.1,0,none,0,none
U001,2024-09-03 10:55:00,159.4,1,1.8,1.07,30,snack,0,none
U001,2024-09-03 11:00:00,158.7,1,0.0,1.06,0,none,0,none
U001,2024-09-03 11:15:00,158.8,1,0.0,1.06,0,none,0,none
U001,2024-09-03 11:30:00,160.2,1,0.0,0.95,0,none,0,none
U001,2024-09-03 11:35:00,160.6,1,0.0,1.06,0,none,0,none
U001,2024-09-03 11:40:00,161.0,1,0.0,1.0,0,none,0,none
U001,2024-09-03 11:50:00,161.5,1,0.0,0.9,0,none,0,none
U001,2024-09-03 12:00:00,161.6,0,0.0,1.19,0,none,0,none
U001,2024-09-03 12:10:00,162.8,1,0.0,1.18,0,none,0,none
U001,2024-09-03 12:15:00,163.0,1,0.0,0.89,0,none,0,none
U001,2024-09-03 12:20:00,162.2,1,0.0,1.09,0,none,0,none
U001,2024-09-03 12:25:00,162.9,1,0.0,1.06,0,none,0,none
U001,2024-09-03 12:45:00,162.3,1,0.0,1.1,0,none,0,none
U001,2024-09-03 12:50:00,162.1,1,0.0,1.19,0,none,0,none
U001,2024-09-03 13:00:00,162.6,1,0.0,0.96,0,none,0,none
U001,2024-09-03 13:05:00,162.3,1,0.0,1.0,0,none,0,none
U001,2024-09-03 13:15:00,163.5,1,0.0,0.9,0,none,0,none
U001,2024-09-03 13:20:00,163.3,1,0.0,1.14,0,none,0,none
U001,2024-09-03 13:30:00,163.0,1,0.0,0.82,60,lunch,0,none
U001,2024-09-03 13:40:00,161.7,1,0.0,1.05,0,none,0,none
U001,2024-09-03 13:45:00,162.1,1,0.0,1.07,0,none,0,none
U001,2024-09-03 13:50:00,162.4,1,0.0,0.84,0,none,0,none
U001,2024-09-03 13:55:00,162.2,1,0.0,0.97,0,none,0,none
U001,2024-09-03 14:00:00,162.4,1,0.0,1.16,0,none,0,none
U001,2024-09-03 14:10:00,162.3,1,0.0,0.97,0,none,0,none
U001,2024-09-03 14:15:00,162.7,1,0.0,1.0,0,none,0,none
U001,2024-09-03 14:20:00,162.7,1,0.0,0.81,0,none,0,none
U001,2024-09-03 14:25:00,163.4,1,0.0,1.03,0,none,0,none
U001,2024-09-03 14:30:00,163.3,1,0.0,0.85,0,none,0,none
U001,2024-09-03 14:35:00,163.6,1,0.0,0.99,0,none,0,none
U001,2024-09-03 14:40:00,163.8,1,0.0,1.13,0,none,0,none
U001,2024-09-03 14:45:00,163.8,1,0.0,0.8,0,none,0,none
U001,2024-09-03 14:50:00,164.0,1,0.0,0.94,0,none,0,none
U001,2024-09-03 15:00:00,164.3,1,0.0,1.02,0,none,0,none
U001,2024-09-03 15:05:00,163.7,1,0.0,0.9,0,none,0,none
U001,2024-09-03 15:10:00,164.8,1,0.0,0.86,0,none,0,none
U001,2024-09-03 15:15:00,165.3,1,0.0,0.98,0,none,0,none
U001,2024-09-03 15:25:00,165.5,1,0.0,0.88,0,none,0,none
U001,2024-09-03 15:30:00,164.4,1,0.0,1.18,0,none,0,none
U001,2024-09-03 15:35:00,163.5,1,0.0,0.83,0,none,0,none
U001,2024-09-03 15:40:00,163.4,1,0.0,0.95,0,none,0,none
U001,2024-09-03 15:50:00,163.7,1,0.0,1.16,0,none,0,none
U001,2024-09-03 16:10:00,164.9,1,0.0,0.87,0,none,0,none
U001,2024-09-03 16:20:00,163.8,1,0.0,0.93,0,none,0,none
U001,2024-09-03 16:35:00,165.2,1,0.0,1.08,0,none,0,none
U001,2024-09-03 16:40:00,164.7,1,0.0,0.88,0,none,0,none
U001,2024-09-03 17:10:00,166.3,1,0.0,1.11,0,none,0,none
U001,2024-09-03 17:45:00,165.4,1,0.0,1.02,0,none,0,none
U001,2024-09-03 17:50:00,165.1,1,0.0,1.1,0,none,0,none
U001,2024-09-03 17:55:00,165.2,1,0.0,1.09,0,none,0,none
U001,2024-09-03 18:10:00,164.9,1,0.0,0.82,0,none,0,none
U001,2024-09-03 18:15:00,165.8,1,0.0,0.81,0,none,0,none
U001,2024-09-03 18:20:00,166.2,1,0.0,0.98,0,none,0,none
U001,2024-09-03 18:25:00,166.7,1,0.0,0.82,0,none,0,none
U001,2024-09-03 18:35:00,165.8,1,0.0,0.86,0,none,0,none
U001,2024-09-03 18:40:00,165.7,1,0.0,1.11,0,none,0,none
U001,2024-09-03 18:50:00,165.0,1,0.0,1.04,0,none,0,none
U001,2024-09-03 18:55:00,164.7,1,0.0,0.87,0,none,0,none
U001,2024-09-03 19:05:00,164.9,1,2.3,1.04,30,lunch,0,none
U001,2024-09-03 19:25:00,165.2,1,0.0,1.07,0,none,0,none
U001,2024-09-03 19:30:00,165.5,1,0.0,1.07,0,none,0,none
U001,2024-09-03 19:35:00,166.0,1,0.0,0.89,0,none,0,none
U001,2024-09-03 19:40:00,165.4,1,0.0,0.95,0,none,0,none
U001,2024-09-03 19:45:00,164.8,1,0.0,0.89,0,none,0,none
U001,2024-09-03 19:55:00,165.2,1,6.6,1.02,90,dinner,0,none
U001,2024-09-03 20:05:00,165.8,1,0.0,0.89,0,none,0,none
U001,2024-09-03 20:15:00,166.1,1,0.0,1.09,0,none,0,none
U001,2024-09-03 20:20:00,166.0,1,0.0,1.15,0,none,0,none
U001,2024-09-03 20:25:00,165.5,1,0.0,1.03,0,none,0,none
U001,2024-09-03 20:40:00,164.5,1,0.0,1.14,0,none,0,none
U001,2024-09-03 20:45:00,164.0,1,0.0,1.13,0,none,0,none
U001,2024-09-03 20:50:00,164.3,1,0.0,0.83,0,none,0,none
U001,2024-09-03 21:00:00,164.7,1,0.0,1.17,0,none,0,none
U001,2024-09-03 21:05:00,164.6,1,0.0,1.1,0,none,0,none
U001,2024-09-03 21:15:00,165.0,1,0.0,0.85,0,none,0,none
U001,2024-09-03 21:20:00,164.5,1,0.0,0.8,0,none,0,none
U001,2024-09-03 21:25:00,165.0,1,0.0,1.11,0,none,0,none
U001,2024-09-03 21:40:00,164.6,1,0.0,0.9,0,none,0,none
U001,2024-09-03 21:45:00,164.9,1,0.0,1.13,0,none,0,none
U001,2024-09-03 21:50:00,165.2,1,0.0,0.95,0,none,0,none
U001,2024-09-03 21:55:00,164.7,1,0.0,1.14,0,none,0,none
U001,2024-09-03 22:05:00,165.2,1,0.0,1.04,0,none,0,none
U001,2024-09-03 22:10:00,165.0,1,0.0,1.01,0,none,0,none
U001,2024-09-03 22:15:00,165.1,1,0.0,1.07,0,none,0,none
U001,2024-09-03 22:20:00,164.2,1,0.0,0.91,0,none,0,none
U001,2024-09-03 22:35:00,163.6,1,0.0,0.95,0,none,0,none
U001,2024-09-03 22:40:00,164.0,1,0.0,1.13,0,none,0,none
U001,2024-09-03 22:45:00,163.9,1,0.0,1.12,0,none,0,none
U001,2024-09-03 22:50:00,164.1,1,0.0,0.98,0,none,0,none
U001,2024-09-03 23:00:00,164.8,1,0.0,0.97,0,none,0,none
U001,2024-09-03 23:20:00,164.7,1,0.0,1.19,0,none,0,none
U001,2024-09-03 23:50:00,165.3,1,0.0,1.19,0,none,0,none
U001,2024-09-03 23:55:00,165.5,1,0.0,0.86,0,none,0,none
U001,2024-09-04 00:10:00,166.2,1,0.0,1.01,0,none,0,none
U001,2024-09-04 00:20:00,165.2,1,0.0,0.85,0,none,0,none
U001,2024-09-04 00:35:00,166.8,1,0.0,1.04,0,none,0,none
U001,2024-09-04 00:40:00,167.0,1,0.0,1.02,0,none,0,none
U001,2024-09-04 00:45:00,167.7,1,0.0,0.83,0,none,0,none
U001,2024-09-04 00:50:00,168.2,1,0.0,0.85,0,none,0,none
U001,2024-09-04 00:55:00,168.6,1,3.0,0.82,30,snack,0,none
U001,2024-09-04 01:10:00,168.3,1,0.0,0.97,0,none,0,none
U001,2024-09-04 01:20:00,167.1,1,0.0,1.11,0,none,0,none
U001,2024-09-04 01:25:00,167.4,1,0.0,1.19,0,none,0,none
U001,2024-09-04 01:35:00,167.1,1,0.0,1.06,0,none,0,none
U001,2024-09-04 01:40:00,166.8,1,0.0,1.01,0,none,0,none
U001,2024-09-04 02:00:00,166.7,1,0.0,1.13,0,none,0,none
U001,2024-09-04 02:10:00,166.8,1,0.0,0.83,0,none,0,none
U001,2024-09-04 02:15:00,166.0,1,0.0,1.15,0,none,0,none
U001,2024-09-04 02:35:00,165.2,1,0.0,1.01,0,none,0,none
U001,2024-09-04 02:40:00,164.6,0,0.0,0.93,0,none,0,none
U001,2024-09-04 02:50:00,165.1,1,0.0,0.84,0,none,0,none
U001,2024-09-04 03:00:00,165.9,1,0.0,1.0,0,none,0,none
U001,2024-09-04 03:10:00,166.4,1,0.0,1.2,0,none,0,none
U001,2024-09-04 03:15:00,166.0,1,0.0,0.87,0,none,0,none
U001,2024-09-04 03:25:00,165.7,1,0.0,0.95,0,none,0,none
U001,2024-09-04 03:30:00,166.2,1,0.0,0.99,0,none,0,none
U001,2024-09-04 03:35:00,166.1,1,0.0,1.13,0,none,0,none
U001,2024-09-04 03:40:00,166.1,1,0.0,0.99,0,none,0,none
U001,2024-09-04 03:55:00,167.1,1,0.0,1.18,0,none,0,none
U001,2024-09-04 04:00:00,167.5,1,0.0,1.1,0,none,0,none
U001,2024-09-04 04:05:00,168.2,1,0.0,1.16,0,none,0,none
U001,2024-09-04 04:10:00,168.9,1,0.0,0.94,0,none,0,none
U001,2024-09-04 04:15:00,168.6,1,0.0,1.07,0,none,0,none
U001,2024-09-04 04:45:00,166.2,1,0.0,1.0,0,none,0,none
U001,2024-09-04 05:05:00,165.1,1,0.0,1.07,0,none,0,none
U001,2024-09-04 05:10:00,165.2,1,0.0,1.18,0,none,0,none
U001,2024-09-04 05:15:00,165.5,1,0.0,1.18,0,none,0,none
U001,2024-09-04 05:20:00,165.9,1,0.0,0.98,0,none,0,none
U001,2024-09-04 05:30:00,165.3,1,0.0,0.81,0,none,0,none
U001,2024-09-04 05:40:00,165.4,1,0.0,1.0,0,none,0,none
U001,2024-09-04 05:45:00,165.0,1,0.0,1.11,0,none,0,none
U001,2024-09-04 05:50:00,164.9,1,0.0,1.15,0,none,0,none
U001,2024-09-04 06:00:00,165.2,1,0.0,0.96,0,none,0,none
U001,2024-09-04 06:05:00,165.9,1,0.0,1.2,0,none,0,none
U001,2024-09-04 06:10:00,167.0,1,0.0,0.92,0,none,0,none
U001,2024-09-04 06:15:00,166.7,1,0.0,0.93,0,none,0,none
U001,2024-09-04 06:35:00,165.8,1,0.0,0.99,0,none,0,none
U001,2024-09-04 06:40:00,165.7,1,0.0,0.86,0,none,0,none
U001,2024-09-04 06:45:00,166.7,1,0.0,0.8,0,none,0,none
U001,2024-09-04 07:00:00,165.7,1,0.0,0.92,0,none,0,none
U001,2024-09-04 07:05:00,166.3,1,0.0,0.82,0,none,0,none
U001,2024-09-04 07:10:00,165.5,1,0.0,1.0,0,none,0,none
U001,2024-09-04 07:25:00,165.5,1,0.0,1.06,0,none,0,none
U001,2024-09-04 07:50:00,164.3,1,0.0,0.94,0,none,0,none
U001,2024-09-04 07:55:00,164.7,1,0.0,0.91,0,none,0,none
U001,2024-09-04 08:00:00,163.7,1,0.0,1.11,0,none,0,none
U001,2024-09-04 08:05:00,164.0,1,0.0,0.87,0,none,0,none
U001,2024-09-04 08:10:00,164.0,1,0.0,1.11,0,none,0,none
U001,2024-09-04 08:15:00,164.6,1,0.0,1.03,0,none,0,none
U001,2024-09-04 08:20:00,164.3,1,4.9,1.0,60,snack,0,none
U001,2024-09-04 08:25:00,164.0,1,0.0,1.1,0,none,0,none
U001,2024-09-04 08:35:00,165.3,1,0.0,0.82,0,none,0,none
U001,2024-09-04 08:50:00,165.7,1,0.0,0.89,0,none,0,none
U001,2024-09-04 08:55:00,167.0,1,0.0,0.9,0,none,0,none
U001,2024-09-04 09:00:00,167.0,1,0.0,1.18,0,none,0,none
U001,2024-09-04 09:05:00,167.0,1,0.0,1.1,0,none,0,none
U001,2024-09-04 09:20:00,167.2,1,0.0,1.01,0,none,0,none
U001,2024-09-04 09:25:00,166.6,1,0.0,0.9,0,none,3901,low
U001,2024-09-04 09:30:00,166.4,1,0.0,1.09,0,none,0,none
U001,2024-09-04 09:35:00,166.4,1,0.0,0.88,0,none,0,none
U001,2024-09-04 09:40:00,166.8,1,0.0,0.83,0,none,0,none
U001,2024-09-04 09:45:00,166.2,1,0.0,1.12,0,none,0,none
U001,2024-09-04 09:50:00,166.6,1,0.0,0.93,0,none,0,none
U001,2024-09-04 10:00:00,165.3,1,0.0,1.1,0,none,0,none
U001,2024-09-04 10:05:00,165.4,1,0.0,1.15,0,none,0,none
U001,2024-09-04 10:30:00,165.3,1,0.0,0.99,0,none,0,none
U001,2024-09-04 10:35:00,164.9,1,0.0,1.08,75,breakfast,0,none
U001,2024-09-04 10:45:00,164.2,1,0.0,0.99,0,none,0,none
U001,2024-09-04 10:50:00,164.6,1,6.8,0.97,90,dinner,0,none
U001,2024-09-04 11:00:00,165.4,1,0.0,0.88,0,none,0,none
U001,2024-09-04 11:10:00,166.9,1,0.0,0.93,0,none,0,none
U001,2024-09-04 11:30:00,168.4,1,0.0,0.9,0,none,0,none
U001,2024-09-04 11:35:00,168.5,1,0.0,0.82,0,none,0,none
U001,2024-09-04 11:40:00,168.1,1,0.0,0.92,0,none,0,none
U001,2024-09-04 11:45:00,168.6,1,0.0,0.98,0,none,0,none
U001,2024-09-04 11:50:00,169.2,1,0.0,0.98,0,none,0,none
U001,2024-09-04 12:05:00,168.8,1,0.0,1.15,0,none,0,none
U001,2024-09-04 12:10:00,169.4,1,0.0,1.17,0,none,0,none
U001,2024-09-04 12:15:00,169.8,1,0.0,1.19,0,none,0,none
U001,2024-09-04 12:20:00,169.1,1,0.0,1.12,0,none,4597,high
U001,2024-09-04 12:50:00,169.6,1,0.0,0.87,0,none,1592,medium
U001,2024-09-04 13:00:00,170.1,1,0.0,0.9,0,none,0,none
U001,2024-09-04 13:10:00,170.3,1,0.0,0.88,0,none,0,none
U001,2024-09-04 13:15:00,170.0,1,0.0,1.04,0,none,0,none
U001,2024-09-04 13:20:00,169.9,1,0.0,0.94,0,none,0,none
U001,2024-09-04 13:30:00,169.9,1,0.0,1.13,0,none,0,none
U001,2024-09-04 13:35:00,170.1,1,0.0,0.96,0,none,0,none
U001,2024-09-04 13:40:00,169.2,1,0.0,0.94,0,none,1917,medium
U001,2024-09-04 13:45:00,168.7,1,0.0,0.98,0,none,0,none
U001,2024-09-04 13:55:00,167.8,1,0.0,0.92,0,none,0,none
U001,2024-09-04 14:00:00,167.2,1,0.0,1.17,0,none,0,none
U001,2024-09-04 14:05:00,166.7,1,0.0,0.87,0,none,0,none
U001,2024-09-04 14:10:00,166.8,1,0.0,0.86,0,none,0,none
U001,2024-09-04 14:15:00,166.7,1,0.0,1.1,0,none,0,none
U001,2024-09-04 14:25:00,167.4,1,0.0,1.12,0,none,0,none
U001,2024-09-04 14:30:00,168.6,1,0.0,0.99,0,none,0,none
U001,2024-09-04 14:35:00,168.8,1,0.0,0.94,0,none,0,none
U001,2024-09-04 14:45:00,169.1,1,0.0,1.02,0,none,0,none
U001,2024-09-04 14:50:00,168.6,1,0.0,0.83,0,none,0,none
U001,2024-09-04 14:55:00,168.4,1,0.0,1.09,0,none,0,none
U001,2024-09-04 15:05:00,168.3,1,5.9,1.02,60,lunch,0,none
U001,2024-09-04 15:15:00,169.5,1,0.0,1.17,0,none,0,none
U001,2024-09-04 15:25:00,168.4,1,0.0,1.13,0,none,0,none
U001,2024-09-04 15:30:00,167.7,1,0.0,0.81,0,none,0,none
U001,2024-09-04 15:40:00,168.4,1,0.0,0.91,0,none,0,none
U001,2024-09-04 15:45:00,168.7,1,0.0,0.85,0,none,0,none
U001,2024-09-04 15:55:00,169.2,1,0.0,1.17,0,none,0,none
U001,2024-09-04 16:00:00,169.0,1,0.0,1.05,0,none,0,none
U001,2024-09-04 16:05:00,169.5,1,0.0,0.94,0,none,0,none
U001,2024-09-04 16:25:00,170.8,1,0.0,1.11,0,none,0,none
U001,2024-09-04 16:35:00,170.5,1,0.0,1.14,0,none,0,none
U001,2024-09-04 16:40:00,169.5,1,0.0,0.96,0,none,0,none
U001,2024-09-04 16:45:00,169.6,1,0.0,0.94,0,none,0,none
U001,2024-09-04 16:50:00,169.7,1,0.0,0.8,0,none,0,none
U001,2024-09-04 17:00:00,169.1,1,0.0,0.86,0,none,0,none
U001,2024-09-04 17:15:00,169.0,1,0.0,0.99,0,none,0,none
U001,2024-09-04 17:35:00,169.8,1,0.0,1.12,0,none,0,none
U001,2024-09-04 17:40:00,170.6,1,0.0,0.87,0,none,0,none
U001,2024-09-04 17:45:00,170.5,1,0.0,1.14,0,none,0,none
U001,2024-09-04 17:50:00,168.9,1,0.0,1.14,0,none,3882,high
U001,2024-09-04 18:10:00,167.6,1,0.0,1.09,0,none,0,none
U001,2024-09-04 18:15:00,167.8,1,0.0,1.09,0,none,0,none
U001,2024-09-04 18:20:00,167.4,1,0.0,1.0,0,none,0,none
U001,2024-09-04 18:25:00,167.3,1,0.0,1.1,0,none,0,none
U001,2024-09-04 18:30:00,167.9,1,0.0,0.83,0,none,0,none
U001,2024-09-04 18:35:00,167.4,1,0.0,1.05,0,none,0,none
U001,2024-09-04 18:50:00,167.1,1,0.0,1.16,0,none,0,none
U001,2024-09-04 18:55:00,166.8,1,0.0,0.92,0,none,0,none
U001,2024-09-04 19:00:00,167.1,1,0.0,0.86,0,none,0,none
U001,2024-09-04 19:15:00,169.0,1,0.0,1.05,0,none,0,none
U001,2024-09-04 19:20:00,170.0,1,0.0,1.02,0,none,0,none
U001,2024-09-04 19:25:00,169.6,1,0.0,0.97,0,none,0,none
U001,2024-09-04 19:35:00,170.3,1,0.0,0.89,0,none,0,none
U001,2024-09-04 19:40:00,171.0,1,0.0,1.12,0,none,0,none
U001,2024-09-04 19:45:00,171.4,1,0.0,0.94,0,none,0,none
U001,2024-09-04 19:55:00,170.9,1,0.0,1.16,0,none,0,none
U001,2024-09-04 20:10:00,171.3,1,0.0,0.85,0,none,0,none
U001,2024-09-04 20:15:00,171.9,1,0.0,1.18,0,none,0,none
U001,2024-09-04 20:20:00,171.7,1,0.0,1.19,0,none,0,none
U001,2024-09-04 20:25:00,173.1,1,0.0,1.1,0,none,0,none
U001,2024-09-04 20:30:00,172.6,1,0.0,1.0,0,none,0,none
U001,2024-09-04 20:35:00,171.8,1,0.0,1.17,0,none,0,none
U001,2024-09-04 20:40:00,172.2,1,0.0,0.83,0,none,0,none
U001,2024-09-04 20:45:00,173.4,1,0.0,1.11,0,none,0,none
U001,2024-09-04 20:50:00,173.7,1,0.0,1.17,0,none,0,none
U001,2024-09-04 20:55:00,173.8,1,0.0,0.83,0,none,0,none
U001,2024-09-04 21:10:00,174.2,1,0.0,1.16,0,none,0,none
U001,2024-09-04 21:15:00,174.2,1,0.0,1.05,0,none,0,none
U001,2024-09-04 21:25:00,175.0,1,0.0,0.94,0,none,0,none
U001,2024-09-04 21:30:00,175.1,1,0.0,0.95,0,none,0,none
U001,2024-09-04 21:35:00,175.9,1,0.0,0.85,0,none,0,none
U001,2024-09-04 21:50:00,176.4,1,0.0,0.94,0,none,0,none
U001,2024-09-04 21:55:00,176.4,1,0.0,0.86,0,none,0,none
U001,2024-09-04 22:10:00,177.0,1,0.0,1.06,0,none,0,none
U001,2024-09-04 22:15:00,176.5,1,0.0,0.92,0,none,0,none
U001,2024-09-04 22:25:00,176.9,1,0.0,1.1,0,none,0,none
U001,2024-09-04 22:35:00,175.0,1,0.0,0.98,0,none,3215,low
U001,2024-09-04 22:50:00,176.5,1,0.0,0.8,0,none,0,none
U001,2024-09-04 22:55:00,177.1,1,0.0,0.99,0,none,0,none
U001,2024-09-04 23:10:00,177.8,1,0.0,1.05,0,none,0,none
U001,2024-09-04 23:15:00,178.0,1,0.0,0.97,0,none,0,none
U001,2024-09-04 23:20:00,178.6,1,0.0,0.9,0,none,0,none
U001,2024-09-04 23:25:00,178.6,1,0.0,0.96,0,none,0,none
U001,2024-09-04 23:35:00,178.3,1,0.0,0.81,0,none,0,none
U001,2024-09-04 23:40:00,178.1,1,0.0,0.95,0,none,0,none
U001,2024-09-04 23:45:00,178.4,1,0.0,0.85,0,none,0,none
U001,2024-09-05 00:00:00,179.3,1,0.0,0.93,0,none,0,none
U001,2024-09-05 00:05:00,179.1,1,0.0,1.01,0,none,0,none
U001,2024-09-05 00:20:00,178.9,1,0.0,1.08,0,none,0,none
U001,2024-09-05 00:25:00,178.5,1,0.0,1.18,0,none,0,none
U001,2024-09-05 00:30:00,179.0,0,0.0,0.83,0,none,0,none
U001,2024-09-05 00:40:00,178.7,1,0.0,1.1,0,none,0,none
U001,2024-09-05 00:50:00,177.8,1,0.0,1.17,0,none,0,none
U001,2024-09-05 00:55:00,178.1,1,0.0,0.88,0,none,0,none
U001,2024-09-05 01:10:00,179.3,1,0.0,0.98,0,none,0,none
U001,2024-09-05 01:50:00,180.8,1,0.0,0.92,0,none,0,none
U001,2024-09-05 01:55:00,181.5,1,0.0,0.9,0,none,0,none
U001,2024-09-05 02:00:00,181.4,1,0.0,0.95,0,none,1521,medium
U001,2024-09-05 02:10:00,182.8,1,0.0,1.17,0,none,0,none
U001,2024-09-05 02:15:00,182.6,1,0.0,1.0,0,none,0,none
U001,2024-09-05 02:20:00,183.1,1,0.0,1.11,0,none,0,none
U001,2024-09-05 02:30:00,181.4,1,0.0,0.96,0,none,0,none
U001,2024-09-05 02:35:00,181.5,1,0.0,0.87,0,none,0,none
U001,2024-09-05 02:45:00,181.5,1,0.0,0.81,0,none,0,none
U001,2024-09-05 02:50:00,181.7,1,0.0,0.89,0,none,0,none
U001,2024-09-05 02:55:00,180.8,1,0.0,1.19,0,none,0,none
U001,2024-09-05 03:00:00,181.0,1,0.0,0.87,0,none,0,none
U001,2024-09-05 03:10:00,179.3,1,0.0,1.13,0,none,0,none
U001,2024-09-05 03:20:00,179.0,1,0.0,1.18,0,none,0,none
U001,2024-09-05 03:30:00,178.5,1,0.0,1.01,0,none,0,none
U001,2024-09-05 03:45:00,179.0,1,0.0,1.07,0,none,0,none
U001,2024-09-05 03:50:00,179.1,1,0.0,1.12,0,none,0,none
U001,2024-09-05 03:55:00,179.3,1,0.0,1.08,0,none,0,none
U001,2024-09-05 04:05:00,179.7,1,0.0,1.12,0,none,0,none
U001,2024-09-05 04:10:00,180.1,1,0.0,1.04,0,none,0,none
U001,2024-09-05 04:15:00,180.0,1,0.0,0.85,0,none,0,none
U001,2024-09-05 04:25:00,180.6,1,0.0,1.04,0,none,0,none
U001,2024-09-05 04:30:00,180.6,1,0.0,0.92,0,none,0,none
U001,2024-09-05 04:40:00,181.0,1,0.0,1.03,0,none,0,none
U001,2024-09-05 04:50:00,181.5,1,0.0,1.14,0,none,0,none
U001,2024-09-05 05:05:00,181.8,1,0.0,1.07,0,none,0,none
U001,2024-09-05 05:15:00,181.6,1,0.0,1.16,0,none,0,none
U001,2024-09-05 05:20:00,181.9,1,0.0,0.8,0,none,0,none
U001,2024-09-05 05:25:00,182.0,1,0.0,0.82,0,none,0,none
U001,2024-09-05 05:35:00,181.9,1,0.0,1.01,0,none,0,none
U001,2024-09-05 05:50:00,182.7,1,0.0,1.06,0,none,0,none
U001,2024-09-05 05:55:00,182.8,1,7.1,1.13,75,dinner,0,none
U001,2024-09-05 06:00:00,182.4,1,0.0,0.83,0,none,0,none
U001,2024-09-05 06:05:00,182.7,1,0.0,0.97,0,none,0,none
U001,2024-09-05 06:10:00,183.2,1,0.0,0.97,0,none,0,none
U001,2024-09-05 06:15:00,183.1,1,0.0,1.01,0,none,0,none
U001,2024-09-05 06:35:00,184.7,1,0.0,0.88,0,none,0,none
U001,2024-09-05 06:40:00,185.4,1,0.0,1.08,0,none,0,none
U001,2024-09-05 06:45:00,185.5,0,0.0,1.16,0,none,0,none
U001,2024-09-05 06:50:00,186.2,1,0.0,1.04,0,none,0,none
U001,2024-09-05 06:55:00,186.7,1,0.0,0.96,0,none,0,none
U001,2024-09-05 07:00:00,186.9,1,0.0,1.02,0,none,0,none
U001,2024-09-05 07:05:00,186.7,1,0.0,0.84,0,none,0,none
U001,2024-09-05 07:10:00,187.9,1,5.0,1.11,60,dinner,0,none
U001,2024-09-05 07:35:00,188.1,1,0.0,0.91,0,none,0,none
U001,2024-09-05 07:50:00,188.0,1,0.0,0.86,0,none,0,none
U001,2024-09-05 07:55:00,188.8,1,0.0,1.04,0,none,0,none
U001,2024-09-05 08:05:00,188.6,1,0.0,0.94,0,none,0,none
U001,2024-09-05 08:10:00,188.0,1,5.1,1.08,60,dinner,0,none
U001,2024-09-05 08:25:00,188.9,1,0.0,0.96,0,none,0,none
U001,2024-09-05 08:30:00,187.9,1,0.0,0.96,0,none,0,none
U001,2024-09-05 08:35:00,188.3,1,0.0,1.06,0,none,0,none
U001,2024-09-05 08:40:00,189.0,1,0.0,0.98,0,none,0,none
U001,2024-09-05 08:45:00,188.4,1,0.0,1.15,0,none,0,none
U001,2024-09-05 08:50:00,187.8,1,0.0,1.11,0,none,0,none
U001,2024-09-05 08:55:00,188.8,1,0.0,0.98,0,none,0,none
U001,2024-09-05 09:05:00,189.1,1,0.0,1.17,0,none,0,none
U001,2024-09-05 09:15:00,188.8,1,0.0,0.89,0,none,0,none
U001,2024-09-05 09:20:00,189.5,1,0.0,1.12,0,none,0,none
U001,2024-09-05 09:25:00,190.0,1,0.0,1.15,0,none,0,none
U001,2024-09-05 09:30:00,190.0,1,0.0,1.17,0,none,0,none
U001,2024-09-05 09:50:00,190.7,1,0.0,1.02,0,none,0,none
U001,2024-09-05 10:00:00,191.0,1,0.0,0.87,0,none,0,none
U001,2024-09-05 10:10:00,191.1,1,0.0,0.82,0,none,0,none
U001,2024-09-05 10:15:00,191.1,1,0.0,1.08,0,none,0,none
U001,2024-09-05 10:20:00,190.3,1,0.0,0.91,0,none,0,none
U001,2024-09-05 10:25:00,190.1,1,0.0,1.17,0,none,0,none
U001,2024-09-05 10:30:00,189.4,1,0.0,0.97,0,none,0,none
U001,2024-09-05 10:40:00,190.4,1,0.0,1.09,0,none,0,none
U001,2024-09-05 10:45:00,190.5,1,0.0,0.99,0,none,0,none
U001,2024-09-05 10:50:00,189.8,1,0.0,1.13,0,none,0,none
U001,2024-09-05 11:00:00,189.5,1,0.0,0.83,0,none,0,none
U001,2024-09-05 11:05:00,189.1,1,0.0,1.13,0,none,0,none
U001,2024-09-05 11:15:00,189.8,1,7.7,1.03,90,snack,0,none
U001,2024-09-05 11:20:00,189.1,1,0.0,0.89,0,none,0,none
U001,2024-09-05 11:30:00,189.3,1,0.0,1.15,0,none,0,none
U001,2024-09-05 11:35:00,187.3,1,0.0,1.14,0,none,3904,high
U001,2024-09-05 11:40:00,185.2,1,0.0,1.16,0,none,2383,low
U001,2024-09-05 11:45:00,184.7,1,6.3,1.06,75,breakfast,0,none
U001,2024-09-05 11:55:00,184.2,1,0.0,1.03,0,none,0,none
U001,2024-09-05 12:05:00,184.5,1,0.0,1.18,0,none,0,none
U001,2024-09-05 12:30:00,183.1,1,0.0,1.01,0,none,0,none
U001,2024-09-05 12:35:00,183.1,1,0.0,1.17,0,none,0,none
U001,2024-09-05 12:45:00,182.1,1,0.0,0.93,0,none,0,none
U001,2024-09-05 13:10:00,181.8,1,0.0,0.89,0,none,0,none
U001,2024-09-05 13:15:00,181.4,1,0.0,0.84,0,none,0,none
U001,2024-09-05 13:30:00,182.2,1,0.0,0.99,0,none,0,none
U001,2024-09-05 13:35:00,181.4,1,0.0,0.83,0,none,0,none
U001,2024-09-05 13:50:00,180.2,1,0.0,0.89,0,none,0,none
U001,2024-09-05 14:00:00,179.4,1,0.0,1.08,0,none,0,none
U001,2024-09-05 14:05:00,180.0,1,0.0,0.88,0,none,0,none
U001,2024-09-05 14:10:00,180.2,1,0.0,1.07,0,none,0,none
U001,2024-09-05 14:15:00,179.7,1,0.0,1.07,0,none,0,none
U001,2024-09-05 14:25:00,180.0,1,0.0,0.86,0,none,0,none
U001,2024-09-05 14:30:00,179.5,1,0.0,0.84,0,none,0,none
U001,2024-09-05 14:35:00,178.7,1,3.3,0.83,30,breakfast,0,none
U001,2024-09-05 14:40:00,178.5,1,0.0,0.82,0,none,0,none
U001,2024-09-05 14:45:00,178.7,1,0.0,0.94,0,none,0,none
U001,2024-09-05 14:50:00,179.2,1,0.0,1.05,0,none,0,none
U001,2024-09-05 14:55:00,178.7,1,0.0,0.86,0,none,0,none
U001,2024-09-05 15:00:00,178.0,1,0.0,1.03,0,none,0,none
U001,2024-09-05 15:05:00,178.0,1,0.0,0.87,0,none,0,none
U001,2024-09-05 15:10:00,178.0,1,4.8,0.94,60,lunch,0,none
U001,2024-09-05 15:15:00,178.4,1,0.0,1.09,0,none,0,none
U001,2024-09-05 15:20:00,177.8,1,3.4,1.05,30,snack,0,none
U001,2024-09-05 15:25:00,177.9,1,0.0,1.02,0,none,0,none
U001,2024-09-05 15:30:00,177.5,1,0.0,1.17,0,none,0,none
U001,2024-09-05 15:35:00,177.3,1,0.0,1.15,0,none,0,none
U001,2024-09-05 15:40:00,176.9,1,0.0,1.14,0,none,0,none
U001,2024-09-05 15:55:00,178.1,1,0.0,0.82,0,none,0,none
U001,2024-09-05 16:05:00,177.9,1,0.0,1.12,0,none,0,none
U001,2024-09-05 16:10:00,177.4,1,0.0,1.06,0,none,0,none
U001,2024-09-05 16:15:00,178.2,1,0.0,1.15,0,none,0,none
U001,2024-09-05 16:20:00,178.1,1,0.0,0.94,0,none,0,none
U001,2024-09-05 16:25:00,178.1,1,0.0,0.99,0,none,0,none
U001,2024-09-05 16:30:00,177.9,1,0.0,0.98,0,none,0,none
U001,2024-09-05 16:35:00,178.1,1,0.0,0.97,0,none,0,none
U001,2024-09-05 16:40:00,178.3,1,0.0,1.0,0,none,0,none
U001,2024-09-05 16:50:00,177.2,1,0.0,0.83,0,none,0,none
U001,2024-09-05 16:55:00,177.3,1,0.0,0.8,0,none,0,none
U001,2024-09-05 17:00:00,178.7,1,0.0,1.14,0,none,0,none
U001,2024-09-05 17:05:00,178.9,1,0.0,1.14,0,none,0,none
U001,2024-09-05 17:10:00,177.5,1,0.0,1.11,0,none,1999,high
U001,2024-09-05 17:20:00,178.8,1,0.0,1.05,0,none,0,none
U001,2024-09-05 17:30:00,178.0,1,0.0,1.0,0,none,0,none
U001,2024-09-05 17:45:00,177.7,1,5.8,1.03,60,snack,0,none
U001,2024-09-05 17:50:00,177.6,1,0.0,0.95,0,none,0,none
U001,2024-09-05 18:00:00,177.3,1,0.0,1.18,0,none,0,none
U001,2024-09-05 18:05:00,177.4,1,0.0,0.92,0,none,0,none
U001,2024-09-05 18:10:00,177.7,1,0.0,1.15,0,none,0,none
U001,2024-09-05 18:15:00,177.7,1,0.0,1.04,0,none,0,none
U001,2024-09-05 18:20:00,178.7,1,0.0,1.19,0,none,0,none
U001,2024-09-05 18:25:00,178.6,1,0.0,0.97,0,none,0,none
U001,2024-09-05 18:30:00,178.7,1,0.0,1.12,0,none,0,none
U001,2024-09-05 18:45:00,179.9,0,0.0,0.85,0,none,0,none
U001,2024-09-05 19:15:00,181.5,1,0.0,0.94,0,none,0,none
U001,2024-09-05 19:25:00,181.8,1,0.0,0.98,0,none,0,none
U001,2024-09-05 19:35:00,183.0,1,0.0,0.95,0,none,0,none
U001,2024-09-05 19:40:00,183.9,1,0.0,1.05,0,none,0,none
U001,2024-09-05 20:05:00,184.9,1,0.0,1.19,0,none,0,none
U001,2024-09-05 20:10:00,184.6,1,0.0,1.09,0,none,0,none
U001,2024-09-05 20:15:00,184.4,1,0.0,0.98,0,none,0,none
U001,2024-09-05 20:20:00,184.7,1,0.0,1.01,0,none,0,none
U001,2024-09-05 20:25:00,185.7,1,0.0,1.08,0,none,0,none
U001,2024-09-05 20:30:00,184.6,1,0.0,0.87,0,none,0,none
U001,2024-09-05 20:35:00,184.3,1,0.0,1.09,0,none,0,none
U001,2024-09-05 20:40:00,183.5,1,0.0,0.99,0,none,0,none
U001,2024-09-05 20:50:00,181.0,1,0.0,0.99,0,none,3932,medium
U001,2024-09-05 21:05:00,180.6,1,0.0,1.14,0,none,0,none
U001,2024-09-05 21:20:00,179.8,1,0.0,0.84,0,none,0,none
U001,2024-09-05 21:35:00,179.2,1,0.0,1.18,0,none,0,none
U001,2024-09-05 21:40:00,179.1,1,0.0,0.84,0,none,0,none
U001,2024-09-05 21:45:00,178.9,1,0.0,1.12,0,none,0,none
U001,2024-09-05 21:50:00,178.5,1,0.0,0.97,0,none,0,none
U001,2024-09-05 21:55:00,179.0,1,0.0,0.9,0,none,0,none
U001,2024-09-05 22:00:00,178.9,1,0.0,0.82,0,none,0,none
U001,2024-09-05 22:05:00,179.7,1,0.0,0.99,0,none,0,none
U001,2024-09-05 22:10:00,179.0,1,0.0,0.89,0,none,0,none
U001,2024-09-05 22:15:00,178.6,1,0.0,1.19,0,none,0,none
U001,2024-09-05 22:20:00,178.5,1,0.0,1.01,0,none,0,none
U001,2024-09-05 22:25:00,179.0,1,0.0,0.97,0,none,0,none
U001,2024-09-05 22:30:00,178.8,1,0.0,0.85,0,none,0,none
U001,2024-09-05 22:35:00,178.6,1,0.0,1.06,0,none,0,none
U001,2024-09-05 22:50:00,180.0,1,0.0,1.13,0,none,0,none
U001,2024-09-05 22:55:00,179.1,1,0.0,1.01,0,none,0,none
U001,2024-09-05 23:05:00,178.5,1,0.0,0.88,0,none,0,none
U001,2024-09-05 23:10:00,178.2,1,0.0,1.07,0,none,0,none
U001,2024-09-05 23:20:00,178.4,1,0.0,0.8,0,none,0,none
U001,2024-09-05 23:25:00,177.0,1,0.0,0.81,0,none,1953,high
U001,2024-09-05 23:30:00,177.1,1,0.0,1.0,0,none,0,none
U001,2024-09-05 23:45:00,178.4,1,0.0,1.12,0,none,0,none
U001,2024-09-06 00:05:00,177.3,1,0.0,1.07,0,none,0,none
U001,2024-09-06 00:10:00,177.7,1,0.0,0.94,0,none,0,none
U001,2024-09-06 00:15:00,178.0,1,0.0,1.08,0,none,0,none
U001,2024-09-06 00:20:00,178.0,1,0.0,0.82,0,none,0,none
U001,2024-09-06 00:40:00,176.7,1,0.0,1.07,0,none,0,none
U001,2024-09-06 00:50:00,177.1,1,0.0,0.91,0,none,0,none
U001,2024-09-06 00:55:00,177.4,1,0.0,1.05,0,none,0,none
U001,2024-09-06 01:00:00,177.1,1,0.0,0.84,0,none,0,none
U001,2024-09-06 01:05:00,176.8,1,0.0,0.94,0,none,0,none
U001,2024-09-06 01:10:00,177.0,1,0.0,1.13,0,none,0,none
U001,2024-09-06 01:15:00,177.2,1,0.0,1.04,0,none,0,none
U001,2024-09-06 01:20:00,178.0,1,0.0,0.82,0,none,0,none
U001,2024-09-06 01:25:00,177.9,1,0.0,0.82,0,none,0,none
U001,2024-09-06 01:30:00,178.0,1,0.0,0.83,0,none,0,none
U001,2024-09-06 01:35:00,177.4,1,0.0,0.84,0,none,0,none
U001,2024-09-06 01:55:00,177.9,1,0.0,1.02,0,none,0,none
U001,2024-09-06 02:00:00,177.6,1,0.0,0.81,0,none,0,none
U001,2024-09-06 02:05:00,177.1,1,0.0,0.95,0,none,0,none
U001,2024-09-06 02:30:00,177.5,1,0.0,0.9,0,none,0,none
U001,2024-09-06 02:35:00,177.7,1,0.0,1.03,0,none,0,none
U001,2024-09-06 02:40:00,178.2,1,0.0,1.17,0,none,0,none
U001,2024-09-06 02:45:00,178.3,1,0.0,1.11,0,none,0,none
U001,2024-09-06 02:50:00,178.2,1,0.0,0.93,0,none,0,none
U001,2024-09-06 02:55:00,179.2,1,0.0,1.08,0,none,0,none
U001,2024-09-06 03:00:00,179.6,1,0.0,1.12,0,none,0,none
U001,2024-09-06 03:05:00,180.4,1,0.0,0.95,0,none,0,none
U001,2024-09-06 03:15:00,180.1,1,0.0,0.94,0,none,0,none
U001,2024-09-06 03:20:00,179.8,1,0.0,1.05,0,none,0,none
U001,2024-09-06 03:30:00,179.2,1,0.0,1.13,0,none,0,none
U001,2024-09-06 03:35:00,179.9,1,0.0,0.86,0,none,0,none
U001,2024-09-06 03:40:00,180.3,1,0.0,1.05,0,none,0,none
U001,2024-09-06 03:45:00,180.1,1,0.0,1.05,0,none,0,none
U001,2024-09-06 03:50:00,180.1,1,0.0,0.85,0,none,0,none
U001,2024-09-06 03:55:00,180.6,1,0.0,0.81,0,none,0,none
U001,2024-09-06 04:00:00,180.1,1,0.0,0.88,0,none,0,none
U001,2024-09-06 04:05:00,179.6,1,0.0,0.86,0,none,0,none
U001,2024-09-06 04:15:00,178.6,1,0.0,1.07,0,none,0,none
U001,2024-09-06 04:25:00,179.5,1,0.0,1.02,0,none,0,none
U001,2024-09-06 04:30:00,179.2,1,0.0,1.01,0,none,0,none
U001,2024-09-06 04:40:00,179.9,1,0.0,1.12,0,none,0,none
U001,2024-09-06 04:45:00,179.1,1,0.0,1.1,0,none,0,none
U001,2024-09-06 04:50:00,179.0,1,0.0,1.14,0,none,0,none
U001,2024-09-06 04:55:00,178.5,1,0.0,0.87,0,none,0,none
U001,2024-09-06 05:05:00,178.1,1,0.0,1.11,0,none,0,none
U001,2024-09-06 05:15:00,178.2,1,0.0,0.85,0,none,0,none
U001,2024-09-06 05:20:00,178.2,1,0.0,1.11,0,none,0,none
U001,2024-09-06 05:40:00,178.6,1,0.0,0.84,0,none,0,none
U001,2024-09-06 05:50:00,178.5,1,0.0,0.91,0,none,0,none
U001,2024-09-06 05:55:00,179.8,1,0.0,0.9,0,none,0,none
U001,2024-09-06 06:00:00,180.6,1,0.0,0.96,0,none,0,none
U001,2024-09-06 06:05:00,180.8,1,0.0,0.92,0,none,0,none
U001,2024-09-06 06:10:00,180.4,1,0.0,1.16,0,none,0,none
U001,2024-09-06 06:20:00,179.6,1,0.0,0.94,0,none,0,none
U001,2024-09-06 06:40:00,179.0,1,1.6,1.18,30,dinner,0,none
U001,2024-09-06 06:45:00,179.5,1,0.0,1.17,0,none,0,none
U001,2024-09-06 06:50:00,180.0,1,0.0,1.04,0,none,0,none
U001,2024-09-06 07:05:00,178.7,1,0.0,0.99,0,none,0,none
U001,2024-09-06 07:10:00,178.2,1,0.0,0.85,0,none,0,none
U001,2024-09-06 07:15:00,178.0,1,0.0,1.06,0,none,0,none
U001,2024-09-06 07:20:00,177.8,1,0.0,1.01,0,none,0,none
U001,2024-09-06 07:30:00,178.4,1,0.0,0.89,0,none,0,none
U001,2024-09-06 07:40:00,178.2,1,5.7,1.13,75,snack,0,none
U001,2024-09-06 07:45:00,179.3,1,0.0,1.08,0,none,0,none
U001,2024-09-06 07:50:00,178.5,1,0.0,1.04,0,none,0,none
U001,2024-09-06 07:55:00,179.4,1,0.0,0.94,0,none,0,none
U001,2024-09-06 08:00:00,178.8,1,0.0,0.92,0,none,4131,low
U001,2024-09-06 08:20:00,180.1,1,0.0,1.15,0,none,0,none
U001,2024-09-06 08:40:00,182.1,1,0.0,0.98,0,none,0,none
U001,2024-09-06 08:55:00,181.6,1,0.0,1.11,0,none,0,none
U001,2024-09-06 09:25:00,183.8,1,0.0,1.1,0,none,0,none
U001,2024-09-06 09:30:00,184.0,1,0.0,1.03,0,none,0,none
U001,2024-09-06 09:35:00,183.5,1,0.0,0.98,0,none,0,none
U001,2024-09-06 09:45:00,184.2,1,0.0,1.11,0,none,0,none
U001,2024-09-06 10:05:00,182.9,1,0.0,0.97,0,none,0,none
U001,2024-09-06 10:10:00,182.6,1,0.0,1.04,0,none,0,none
U001,2024-09-06 10:15:00,182.7,1,0.0,0.82,0,none,0,none
U001,2024-09-06 10:25:00,183.3,1,0.0,0.95,0,none,0,none
U001,2024-09-06 10:30:00,183.3,1,0.0,1.02,0,none,0,none
U001,2024-09-06 10:40:00,183.2,1,0.0,1.11,0,none,0,none
U001,2024-09-06 10:45:00,182.7,1,0.0,0.82,0,none,0,none
U001,2024-09-06 10:50:00,183.0,1,0.0,1.12,0,none,0,none
U001,2024-09-06 10:55:00,183.3,1,0.0,1.14,0,none,0,none
U001,2024-09-06 11:00:00,183.6,1,0.0,0.99,0,none,0,none
U001,2024-09-06 11:05:00,185.0,1,0.0,1.01,0,none,0,none
U001,2024-09-06 11:10:00,184.0,1,0.0,1.09,0,none,2491,low
U001,2024-09-06 11:15:00,184.3,1,0.0,1.02,0,none,0,none
U001,2024-09-06 11:20:00,185.3,1,0.0,1.18,0,none,0,none
U001,2024-09-06 11:35:00,185.1,1,0.0,1.1,0,none,0,none
U001,2024-09-06 11:40:00,184.4,1,0.0,1.17,0,none,0,none
U001,2024-09-06 11:55:00,184.5,1,0.0,1.17,0,none,0,none
U001,2024-09-06 12:00:00,183.9,1,0.0,0.9,0,none,0,none
U001,2024-09-06 12:10:00,183.9,1,0.0,0.9,0,none,0,none
U001,2024-09-06 12:20:00,184.4,1,0.0,0.95,0,none,0,none
U001,2024-09-06 12:30:00,183.4,1,0.0,1.06,0,none,0,none
U001,2024-09-06 12:40:00,183.5,1,0.0,0.97,0,none,0,none
U001,2024-09-06 12:45:00,183.1,1,0.0,0.87,0,none,0,none
U001,2024-09-06 12:50:00,183.2,1,0.0,1.18,0,none,0,none
U001,2024-09-06 12:55:00,183.8,1,0.0,1.05,0,none,0,none
U001,2024-09-06 13:00:00,183.8,1,0.0,0.81,0,none,0,none
U001,2024-09-06 13:10:00,184.7,1,0.0,0.98,0,none,0,none
U001,2024-09-06 13:15:00,185.2,1,0.0,0.98,0,none,0,none
U001,2024-09-06 13:25:00,184.7,1,0.0,1.01,0,none,0,none
U001,2024-09-06 13:30:00,184.8,1,0.0,1.18,0,none,0,none
U001,2024-09-06 13:35:00,185.4,1,0.0,1.09,0,none,0,none
U001,2024-09-06 13:40:00,185.7,1,0.0,0.85,0,none,0,none
U001,2024-09-06 13:50:00,184.4,1,0.0,0.87,0,none,0,none
U001,2024-09-06 14:00:00,183.6,1,0.0,0.9,0,none,0,none
U001,2024-09-06 14:10:00,184.2,1,0.0,1.15,0,none,0,none
U001,2024-09-06 14:15:00,184.9,1,0.0,1.05,0,none,0,none
U001,2024-09-06 14:20:00,183.5,1,0.0,1.12,0,none,3976,medium
U001,2024-09-06 14:30:00,182.8,1,0.0,0.84,0,none,0,none
U001,2024-09-06 14:35:00,182.7,1,0.0,1.11,0,none,0,none
U001,2024-09-06 14:40:00,183.5,1,0.0,1.07,0,none,0,none
U001,2024-09-06 14:45:00,184.8,1,0.0,1.08,0,none,0,none
U001,2024-09-06 14:50:00,184.5,1,0.0,1.1,0,none,0,none
U001,2024-09-06 15:05:00,185.3,1,0.0,1.08,0,none,0,none
U001,2024-09-06 15:15:00,184.6,1,0.0,0.96,0,none,0,none
U001,2024-09-06 15:20:00,183.6,1,0.0,1.17,0,none,0,none
U001,2024-09-06 15:30:00,183.4,1,0.0,1.14,0,none,0,none
U001,2024-09-06 16:00:00,183.2,1,0.0,1.18,0,none,0,none
U001,2024-09-06 16:10:00,183.5,1,0.0,1.11,0,none,0,none
U001,2024-09-06 16:15:00,183.4,1,0.0,0.93,0,none,0,none
U001,2024-09-06 16:35:00,183.2,1,0.0,1.04,0,none,0,none
U001,2024-09-06 16:40:00,183.8,1,0.0,0.83,0,none,0,none
U001,2024-09-06 16:50:00,185.4,1,0.0,0.92,0,none,0,none
U001,2024-09-06 16:55:00,185.0,1,0.0,1.1,0,none,0,none
U001,2024-09-06 17:00:00,183.5,1,0.0,0.97,0,none,0,none
U001,2024-09-06 17:15:00,183.5,1,0.0,0.88,0,none,0,none
U001,2024-09-06 17:25:00,182.6,1,0.0,0.93,0,none,0,none
U001,2024-09-06 17:30:00,182.2,1,0.0,1.12,0,none,0,none
U001,2024-09-06 17:45:00,182.6,1,0.0,0.91,0,none,0,none
U001,2024-09-06 17:50:00,182.1,1,0.0,0.94,0,none,0,none
U001,2024-09-06 17:55:00,182.3,1,0.0,1.01,0,none,0,none
U001,2024-09-06 18:00:00,182.2,1,0.0,1.01,0,none,0,none
U001,2024-09-06 18:15:00,182.4,1,0.0,0.83,0,none,0,none
U001,2024-09-06 18:20:00,182.5,1,0.0,0.82,0,none,0,none
U001,2024-09-06 18:25:00,182.6,1,0.0,0.96,0,none,0,none
U001,2024-09-06 18:30:00,183.2,0,0.0,1.19,0,none,0,none
U001,2024-09-06 18:40:00,183.4,1,0.0,0.97,0,none,0,none
U001,2024-09-06 18:45:00,183.7,1,0.0,1.18,0,none,0,none
U001,2024-09-06 18:50:00,183.8,1,0.0,1.17,0,none,0,none
U001,2024-09-06 19:00:00,182.2,1,0.0,0.89,0,none,0,none
U001,2024-09-06 19:05:00,182.3,1,0.0,1.07,0,none,0,none
U001,2024-09-06 19:10:00,182.8,1,0.0,1.12,0,none,0,none
U001,2024-09-06 19:15:00,182.8,1,0.0,0.9,0,none,0,none
U001,2024-09-06 19:35:00,184.3,1,0.0,1.02,0,none,0,none
U001,2024-09-06 19:40:00,183.7,1,0.0,1.06,0,none,0,none
U001,2024-09-06 20:00:00,182.4,1,0.0,0.95,0,none,0,none
U001,2024-09-06 20:05:00,182.6,1,0.0,0.86,0,none,0,none
U001,2024-09-06 20:15:00,182.6,1,0.0,0.89,0,none,0,none
U001,2024-09-06 20:20:00,183.0,1,0.0,0.92,0,none,0,none
U001,2024-09-06 20:30:00,182.0,1,0.0,0.82,0,none,703,medium
U001,2024-09-06 20:35:00,182.0,1,0.0,0.87,0,none,0,none
U001,2024-09-06 20:40:00,183.2,1,0.0,0.87,0,none,0,none
U001,2024-09-06 20:50:00,184.7,1,0.0,0.85,0,none,0,none
U001,2024-09-06 20:55:00,185.2,1,0.0,0.86,0,none,0,none
U001,2024-09-06 21:00:00,184.3,1,0.0,0.85,0,none,0,none
U001,2024-09-06 21:05:00,184.1,1,0.0,1.19,0,none,0,none
U001,2024-09-06 21:10:00,185.0,1,0.0,1.08,0,none,0,none
U001,2024-09-06 21:25:00,185.8,1,0.0,0.81,0,none,0,none
U001,2024-09-06 21:30:00,185.1,1,0.0,0.84,0,none,0,none
U001,2024-09-06 21:45:00,185.0,1,0.0,0.87,0,none,0,none
U001,2024-09-06 21:55:00,186.4,1,0.0,1.18,0,none,0,none
U001,2024-09-06 22:00:00,186.2,1,0.0,0.9,0,none,0,none
U001,2024-09-06 22:05:00,186.0,0,0.0,0.88,0,none,0,none
U001,2024-09-06 22:15:00,185.2,1,0.0,0.9,0,none,972,medium
U001,2024-09-06 22:25:00,185.2,1,0.0,1.02,0,none,0,none
U001,2024-09-06 22:30:00,185.1,1,0.0,1.04,0,none,0,none
U001,2024-09-06 22:35:00,184.7,1,0.0,0.82,0,none,0,none
U001,2024-09-06 22:40:00,184.7,1,0.0,0.82,0,none,0,none
U001,2024-09-06 22:45:00,184.0,1,0.0,0.81,0,none,0,none
U001,2024-09-06 22:50:00,183.4,1,0.0,0.8,0,none,0,none
U001,2024-09-06 22:55:00,182.9,1,0.0,1.06,0,none,0,none
U001,2024-09-06 23:10:00,184.0,1,0.0,0.86,0,none,0,none
U001,2024-09-06 23:15:00,183.6,1,0.0,1.12,0,none,0,none
U001,2024-09-06 23:20:00,184.6,1,0.0,1.09,0,none,0,none
U001,2024-09-06 23:30:00,183.1,1,0.0,0.88,0,none,4210,low
U001,2024-09-06 23:35:00,182.9,1,0.0,0.89,0,none,0,none
U001,2024-09-07 00:00:00,183.0,1,0.0,1.04,0,none,0,none
U001,2024-09-07 00:05:00,182.9,1,0.0,1.06,0,none,0,none
U001,2024-09-07 00:10:00,183.0,1,0.0,1.07,0,none,0,none
U001,2024-09-07 00:15:00,182.8,1,0.0,1.11,0,none,0,none
U001,2024-09-07 00:20:00,182.6,1,0.0,1.07,0,none,0,none
U001,2024-09-07 00:40:00,183.6,1,4.1,0.93,60,snack,0,none
U001,2024-09-07 00:50:00,185.7,1,0.0,1.1,0,none,0,none
U001,2024-09-07 00:55:00,186.1,1,7.3,1.07,90,dinner,0,none
U001,2024-09-07 01:00:00,186.2,1,0.0,0.81,0,none,0,none
U001,2024-09-07 01:05:00,186.3,1,0.0,1.06,0,none,0,none
U001,2024-09-07 01:15:00,186.2,1,0.0,1.14,0,none,0,none
U001,2024-09-07 01:20:00,186.9,1,0.0,0.98,0,none,0,none
U001,2024-09-07 01:25:00,186.3,1,0.0,1.18,0,none,0,none
U001,2024-09-07 01:30:00,187.3,1,0.0,0.99,0,none,0,none
U001,2024-09-07 01:35:00,188.0,1,0.0,1.07,0,none,0,none
U001,2024-09-07 01:40:00,188.3,1,3.5,0.97,30,lunch,0,none
U001,2024-09-07 01:45:00,187.3,1,0.0,0.92,0,none,4136,low
U001,2024-09-07 01:55:00,187.5,1,0.0,0.95,0,none,0,none
U001,2024-09-07 02:30:00,184.7,1,0.0,0.98,0,none,0,none
U001,2024-09-07 02:40:00,184.1,1,0.0,1.16,0,none,0,none
U001,2024-09-07 03:05:00,184.8,1,0.0,0.81,0,none,0,none
U001,2024-09-07 03:10:00,185.1,1,0.0,1.16,0,none,0,none
U001,2024-09-07 03:15:00,184.7,1,0.0,0.83,0,none,0,none
U001,2024-09-07 03:20:00,184.6,1,0.0,0.91,0,none,0,none
U001,2024-09-07 03:25:00,183.9,1,0.0,0.9,0,none,0,none
U001,2024-09-07 03:35:00,184.6,1,0.0,0.94,0,none,0,none
U001,2024-09-07 03:55:00,185.2,1,0.0,0.86,0,none,0,none
U001,2024-09-07 04:00:00,184.9,1,0.0,1.13,0,none,0,none
U001,2024-09-07 04:20:00,184.8,1,0.0,0.84,0,none,0,none
U001,2024-09-07 04:25:00,184.2,1,3.9,0.9,45,snack,0,none
U001,2024-09-07 04:35:00,183.6,1,0.0,0.97,0,none,0,none
U001,2024-09-07 04:50:00,184.9,1,0.0,0.81,0,none,0,none
U001,2024-09-07 04:55:00,184.6,1,0.0,0.95,0,none,0,none
U001,2024-09-07 05:00:00,184.6,1,0.0,1.12,0,none,0,none
U001,2024-09-07 05:10:00,184.1,1,0.0,0.95,0,none,0,none
U001,2024-09-07 05:15:00,183.4,1,0.0,0.95,0,none,0,none
U001,2024-09-07 05:25:00,183.8,1,0.0,1.03,0,none,0,none
U001,2024-09-07 05:30:00,183.5,1,0.0,0.98,0,none,0,none
U001,2024-09-07 05:35:00,183.5,1,0.0,1.0,0,none,0,none
U001,2024-09-07 05:40:00,183.2,1,0.0,0.95,0,none,0,none
U001,2024-09-07 05:55:00,182.6,1,0.0,1.02,0,none,0,none
U001,2024-09-07 06:05:00,182.6,1,0.0,0.84,0,none,0,none
U001,2024-09-07 06:15:00,182.6,1,0.0,1.11,0,none,0,none
U001,2024-09-07 06:20:00,182.8,1,0.0,0.84,0,none,0,none
U001,2024-09-07 06:25:00,183.2,1,0.0,1.16,0,none,0,none
U001,2024-09-07 06:35:00,183.8,1,0.0,1.16,0,none,0,none
U001,2024-09-07 06:40:00,184.2,1,0.0,0.96,0,none,0,none
U001,2024-09-07 06:45:00,183.8,1,0.0,1.04,0,none,0,none
U001,2024-09-07 06:55:00,183.1,1,0.0,0.89,0,none,0,none
U001,2024-09-07 07:00:00,183.0,1,0.0,1.01,0,none,0,none
U001,2024-09-07 07:15:00,183.4,1,0.0,0.88,0,none,0,none
U001,2024-09-07 07:25:00,183.8,1,0.0,0.83,0,none,0,none
U001,2024-09-07 07:30:00,182.8,1,0.0,0.98,0,none,0,none
U001,2024-09-07 07:45:00,184.4,1,0.0,0.92,0,none,0,none
U001,2024-09-07 07:50:00,184.1,1,0.0,1.15,0,none,0,none
U001,2024-09-07 08:05:00,183.0,1,0.0,1.0,0,none,0,none
U001,2024-09-07 08:15:00,182.6,1,0.0,0.84,0,none,0,none
U001,2024-09-07 08:25:00,182.5,1,0.0,1.13,0,none,0,none
U001,2024-09-07 08:30:00,182.6,1,0.0,1.13,0,none,0,none
U001,2024-09-07 08:45:00,182.2,1,0.0,0.88,0,none,3091,medium
U001,2024-09-07 08:50:00,181.3,1,0.0,1.14,0,none,0,none
U001,2024-09-07 08:55:00,182.0,1,0.0,0.93,0,none,0,none
U001,2024-09-07 09:00:00,182.3,1,0.0,0.95,0,none,0,none
U001,2024-09-07 09:05:00,181.3,1,0.0,1.17,0,none,0,none
U001,2024-09-07 09:10:00,180.8,1,0.0,1.03,0,none,0,none
U001,2024-09-07 09:15:00,180.4,1,0.0,1.12,0,none,0,none
U001,2024-09-07 09:20:00,180.3,1,0.0,0.95,0,none,0,none
U001,2024-09-07 09:25:00,179.8,1,0.0,1.01,0,none,0,none
U001,2024-09-07 09:35:00,178.9,1,0.0,0.82,0,none,0,none
U001,2024-09-07 09:40:00,179.3,1,0.0,0.8,0,none,0,none
U001,2024-09-07 09:50:00,178.4,1,0.0,0.81,0,none,0,none
U001,2024-09-07 09:55:00,179.2,1,0.0,0.85,0,none,0,none
U001,2024-09-07 10:15:00,180.4,1,0.0,0.9,0,none,0,none
U001,2024-09-07 10:25:00,180.5,1,0.0,0.94,0,none,0,none
U001,2024-09-07 10:50:00,180.7,1,0.0,0.85,0,none,0,none
U001,2024-09-07 10:55:00,181.2,1,0.0,1.05,0,none,0,none
U001,2024-09-07 11:10:00,181.8,1,0.0,1.09,0,none,0,none
U001,2024-09-07 11:20:00,181.5,1,0.0,0.86,0,none,0,none
U001,2024-09-07 11:25:00,182.8,1,0.0,1.19,0,none,0,none
U001,2024-09-07 11:30:00,182.2,1,0.0,0.84,0,none,0,none
U001,2024-09-07 11:45:00,182.8,1,0.0,0.93,0,none,0,none
U001,2024-09-07 11:50:00,182.4,1,0.0,0.81,0,none,0,none
U001,2024-09-07 11:55:00,182.6,1,0.0,0.86,0,none,0,none
U001,2024-09-07 12:00:00,182.7,1,0.0,1.04,0,none,0,none
U001,2024-09-07 12:05:00,182.5,1,0.0,1.13,0,none,0,none
U001,2024-09-07 12:20:00,180.2,1,0.0,1.05,0,none,1419,high
U001,2024-09-07 12:25:00,180.5,1,0.0,0.91,0,none,0,none
U001,2024-09-07 12:30:00,180.8,1,0.0,0.81,0,none,0,none
U001,2024-09-07 12:35:00,181.9,1,0.0,0.9,0,none,0,none
U001,2024-09-07 12:40:00,181.9,1,0.0,1.12,0,none,0,none
U001,2024-09-07 12:55:00,181.7,1,0.0,0.81,0,none,0,none
U001,2024-09-07 13:00:00,182.4,1,0.0,0.93,0,none,0,none
U001,2024-09-07 13:10:00,181.7,1,0.0,1.06,0,none,0,none
U001,2024-09-07 13:15:00,182.7,1,0.0,0.85,0,none,0,none
U001,2024-09-07 13:20:00,182.4,1,0.0,1.01,0,none,0,none
U001,2024-09-07 13:25:00,182.0,1,0.0,1.02,0,none,0,none
U001,2024-09-07 13:30:00,182.3,1,0.0,0.99,0,none,0,none
U001,2024-09-07 13:35:00,182.6,1,0.0,0.94,0,none,0,none
U001,2024-09-07 13:50:00,182.1,1,0.0,1.05,0,none,655,low
U001,2024-09-07 14:00:00,182.3,1,0.0,0.95,0,none,0,none
U001,2024-09-07 14:05:00,182.5,1,0.0,0.96,0,none,0,none
U001,2024-09-07 14:20:00,182.2,1,0.0,1.1,0,none,1519,low
U001,2024-09-07 14:25:00,182.3,1,0.0,0.92,0,none,0,none
U001,2024-09-07 14:30:00,182.2,1,0.0,0.94,45,lunch,0,none
U001,2024-09-07 14:35:00,182.0,1,0.0,0.91,0,none,0,none
U001,2024-09-07 14:40:00,181.2,1,0.0,1.14,0,none,0,none
U001,2024-09-07 14:45:00,180.8,1,0.0,0.87,0,none,0,none
U001,2024-09-07 15:15:00,181.9,0,0.0,0.93,0,none,0,none
U001,2024-09-07 15:20:00,181.2,1,0.0,0.81,0,none,0,none
U001,2024-09-07 15:35:00,181.0,1,0.0,1.13,0,none,0,none
U001,2024-09-07 15:40:00,180.0,1,0.0,1.0,0,none,0,none
U001,2024-09-07 15:50:00,180.0,1,0.0,1.04,0,none,0,none
U001,2024-09-07 15:55:00,179.5,1,0.0,0.8,0,none,0,none
U001,2024-09-07 16:05:00,178.1,1,0.0,0.89,0,none,0,none
U001,2024-09-07 16:10:00,177.9,1,0.0,0.87,0,none,0,none
U001,2024-09-07 16:15:00,178.1,1,0.0,1.1,0,none,0,none
U001,2024-09-07 16:20:00,178.5,1,0.0,1.14,0,none,0,none
U001,2024-09-07 16:30:00,177.8,1,0.0,0.82,0,none,0,none
U001,2024-09-07 16:40:00,178.2,1,0.0,1.08,0,none,0,none
U001,2024-09-07 16:45:00,178.5,1,0.0,1.02,0,none,0,none
U001,2024-09-07 17:10:00,179.2,1,0.0,1.04,0,none,0,none
U001,2024-09-07 17:15:00,179.4,1,0.0,1.19,0,none,0,none
U001,2024-09-07 17:30:00,178.5,1,0.0,0.86,0,none,0,none
U001,2024-09-07 17:40:00,178.7,1,0.0,1.1,0,none,0,none
U001,2024-09-07 17:45:00,178.7,1,0.0,1.01,0,none,0,none
U001,2024-09-07 17:55:00,178.8,1,0.0,1.13,0,none,0,none
U001,2024-09-07 18:00:00,179.7,1,0.0,1.07,0,none,0,none
U001,2024-09-07 18:05:00,180.2,1,0.0,1.14,0,none,0,none
U001,2024-09-07 18:15:00,180.0,1,0.0,0.95,0,none,0,none
U001,2024-09-07 18:25:00,178.9,1,0.0,1.17,0,none,0,none
U001,2024-09-07 18:30:00,179.0,1,0.0,0.93,0,none,0,none
U001,2024-09-07 18:40:00,178.7,1,0.0,1.09,0,none,2893,high
U001,2024-09-07 18:45:00,178.0,1,0.0,1.16,0,none,0,none
U001,2024-09-07 18:50:00,178.0,1,0.0,0.8,0,none,0,none
U001,2024-09-07 18:55:00,177.9,1,0.0,0.95,0,none,0,none
U001,2024-09-07 19:05:00,178.6,1,2.8,0.88,45,dinner,0,none
U001,2024-09-07 19:15:00,179.1,1,0.0,0.92,0,none,0,none
U001,2024-09-07 19:30:00,178.9,1,0.0,1.2,0,none,0,none
U001,2024-09-07 19:40:00,179.3,1,0.0,1.0,0,none,4576,low
U001,2024-09-07 19:45:00,179.4,1,0.0,1.18,0,none,0,none
U001,2024-09-07 19:50:00,180.5,1,0.0,0.97,0,none,0,none
U001,2024-09-07 19:55:00,180.9,1,0.0,0.93,0,none,0,none
U001,2024-09-07 20:00:00,180.5,1,0.0,0.92,0,none,0,none
U001,2024-09-07 20:20:00,177.8,1,0.0,1.19,0,none,0,none
U001,2024-09-07 20:25:00,177.7,1,0.0,0.96,0,none,0,none
U001,2024-09-07 20:40:00,177.5,1,0.0,1.09,0,none,0,none
U001,2024-09-07 20:45:00,177.5,1,0.0,0.99,0,none,0,none
U001,2024-09-07 20:50:00,176.4,1,0.0,1.09,0,none,0,none
U001,2024-09-07 20:55:00,175.8,1,0.0,1.0,0,none,0,none
U001,2024-09-07 21:05:00,175.3,1,0.0,1.18,0,none,0,none
U001,2024-09-07 21:10:00,175.4,1,0.0,1.02,0,none,0,none
U001,2024-09-07 21:15:00,175.1,1,0.0,1.12,0,none,0,none
U001,2024-09-07 21:20:00,175.3,1,0.0,1.17,0,none,0,none
U001,2024-09-07 21:45:00,176.2,1,0.0,0.99,0,none,0,none
U001,2024-09-07 21:55:00,175.7,1,0.0,1.1,0,none,4359,medium
U001,2024-09-07 22:00:00,176.0,1,0.0,0.95,0,none,0,none
U001,2024-09-07 22:10:00,177.0,1,0.0,0.91,0,none,0,none
U001,2024-09-07 22:15:00,177.1,1,0.0,1.2,0,none,0,none
U001,2024-09-07 22:35:00,177.0,1,0.0,0.88,0,none,0,none
U001,2024-09-07 22:45:00,176.9,1,0.0,0.87,0,none,0,none
U001,2024-09-07 22:50:00,177.6,1,0.0,0.86,0,none,0,none
U001,2024-09-07 22:55:00,175.5,1,0.0,0.93,0,none,1104,low
U001,2024-09-07 23:00:00,175.3,1,0.0,0.99,0,none,0,none
U001,2024-09-07 23:10:00,175.2,1,0.0,1.05,0,none,0,none
U001,2024-09-07 23:20:00,176.2,1,0.0,1.1,0,none,0,none
U001,2024-09-07 23:25:00,176.3,1,0.0,1.15,0,none,0,none
U001,2024-09-07 23:30:00,176.5,1,0.0,0.84,0,none,0,none
U001,2024-09-07 23:40:00,176.1,1,0.0,0.99,0,none,0,none
U001,2024-09-08 00:00:00,175.7,1,0.0,1.17,0,none,0,none
U001,2024-09-08 00:10:00,172.8,1,0.0,0.83,0,none,4121,low
U001,2024-09-08 00:15:00,172.5,1,0.0,1.19,0,none,0,none
U001,2024-09-08 00:20:00,172.0,1,7.9,1.12,90,lunch,0,none
U001,2024-09-08 00:25:00,172.1,1,0.0,1.15,0,none,0,none
U001,2024-09-08 00:45:00,171.5,1,0.0,1.03,0,none,0,none
U001,2024-09-08 00:50:00,171.8,1,0.0,1.07,0,none,0,none
U001,2024-09-08 01:00:00,172.5,1,0.0,0.85,0,none,0,none
U001,2024-09-08 01:05:00,172.8,1,0.0,0.82,0,none,0,none
U001,2024-09-08 01:10:00,172.3,1,0.0,0.88,0,none,0,none
U001,2024-09-08 01:30:00,171.7,0,0.0,0.89,0,none,0,none
U001,2024-09-08 01:40:00,171.6,1,0.0,1.05,0,none,0,none
U001,2024-09-08 01:45:00,171.7,1,0.0,1.05,0,none,0,none
U001,2024-09-08 01:55:00,171.9,1,0.0,1.05,0,none,0,none
U001,2024-09-08 02:05:00,171.9,0,0.0,0.97,0,none,0,none
U001,2024-09-08 02:15:00,172.5,1,0.0,0.96,0,none,0,none
U001,2024-09-08 02:25:00,171.7,1,0.0,0.99,0,none,0,none
U001,2024-09-08 02:30:00,172.2,1,0.0,0.92,0,none,0,none
U001,2024-09-08 02:55:00,169.0,1,0.0,1.02,0,none,0,none
U001,2024-09-08 03:05:00,169.3,1,0.0,1.05,0,none,0,none
U001,2024-09-08 03:10:00,169.6,1,0.0,0.89,0,none,0,none
U001,2024-09-08 03:15:00,169.0,1,0.0,0.92,0,none,0,none
U001,2024-09-08 03:20:00,170.1,1,0.0,0.84,0,none,0,none
U001,2024-09-08 03:25:00,170.4,1,0.0,1.17,0,none,0,none
U001,2024-09-08 03:30:00,170.5,1,0.0,1.18,0,none,0,none
U001,2024-09-08 03:35:00,170.3,1,0.0,1.05,0,none,0,none
U001,2024-09-08 03:40:00,170.5,1,0.0,1.17,0,none,0,none
U001,2024-09-08 03:45:00,170.4,1,0.0,1.06,0,none,0,none
U001,2024-09-08 04:05:00,171.5,1,0.0,1.07,0,none,0,none
U001,2024-09-08 04:10:00,171.9,1,0.0,0.84,0,none,0,none
U001,2024-09-08 04:15:00,171.1,1,0.0,1.18,0,none,0,none
U001,2024-09-08 04:25:00,171.6,1,0.0,1.04,0,none,0,none
U001,2024-09-08 04:30:00,171.4,1,0.0,0.85,0,none,0,none
U001,2024-09-08 04:50:00,171.7,1,0.0,0.93,0,none,0,none
U001,2024-09-08 04:55:00,172.0,1,0.0,1.16,0,none,0,none
U001,2024-09-08 05:10:00,171.2,1,0.0,1.0,0,none,0,none
U001,2024-09-08 05:25:00,170.8,1,0.0,1.06,0,none,0,none
U001,2024-09-08 05:35:00,171.3,1,0.0,0.84,0,none,0,none
U001,2024-09-08 05:40:00,171.3,1,0.0,1.06,0,none,0,none
U001,2024-09-08 05:45:00,171.4,1,0.0,1.11,0,none,0,none
U001,2024-09-08 05:50:00,170.0,1,0.0,0.95,0,none,1695,high
U001,2024-09-08 05:55:00,170.1,1,0.0,1.17,0,none,0,none
U001,2024-09-08 06:00:00,170.1,1,0.0,0.96,0,none,0,none
U001,2024-09-08 06:05:00,169.2,1,0.0,0.82,0,none,0,none
U001,2024-09-08 06:10:00,168.8,1,0.0,0.82,0,none,0,none
U001,2024-09-08 06:15:00,168.6,1,0.0,0.82,0,none,0,none
U001,2024-09-08 06:30:00,169.2,1,0.0,0.94,0,none,0,none
U001,2024-09-08 06:35:00,170.6,1,2.8,0.87,30,snack,0,none
U001,2024-09-08 06:50:00,171.5,1,0.0,0.9,0,none,0,none
U001,2024-09-08 06:55:00,171.0,1,6.1,0.9,75,dinner,0,none
U001,2024-09-08 07:05:00,170.4,1,0.0,1.0,0,none,0,none
U001,2024-09-08 07:10:00,170.2,1,0.0,1.06,0,none,0,none
U001,2024-09-08 07:45:00,174.0,1,0.0,0.94,0,none,0,none
U001,2024-09-08 07:55:00,173.4,1,0.0,0.92,0,none,0,none
U001,2024-09-08 08:00:00,173.3,1,0.0,1.07,0,none,0,none
U001,2024-09-08 08:15:00,172.3,1,0.0,1.03,0,none,0,none
U001,2024-09-08 08:25:00,173.3,1,0.0,1.11,0,none,0,none
U001,2024-09-08 08:35:00,172.5,1,0.0,1.01,0,none,0,none
U001,2024-09-08 08:50:00,172.7,1,0.0,1.0,0,none,0,none
U001,2024-09-08 09:00:00,173.4,1,0.0,0.9,0,none,0,none
U001,2024-09-08 09:10:00,174.1,1,0.0,1.15,0,none,0,none
U001,2024-09-08 09:15:00,174.0,1,0.0,0.97,0,none,0,none
U001,2024-09-08 09:20:00,174.8,1,0.0,1.15,0,none,0,none
U001,2024-09-08 09:25:00,174.1,1,0.0,1.17,0,none,0,none
U001,2024-09-08 09:40:00,173.5,1,0.0,0.89,0,none,0,none
U001,2024-09-08 09:45:00,173.6,1,0.0,0.84,0,none,0,none
U001,2024-09-08 09:50:00,173.4,1,0.0,0.86,0,none,0,none
U001,2024-09-08 09:55:00,173.7,1,0.0,1.04,0,none,0,none
U001,2024-09-08 10:00:00,172.5,1,0.0,0.97,0,none,1925,high
U001,2024-09-08 10:10:00,174.3,1,0.0,1.04,0,none,0,none
U001,2024-09-08 10:20:00,174.2,1,0.0,1.05,0,none,0,none
U001,2024-09-08 10:25:00,174.4,1,0.0,1.06,0,none,0,none
U001,2024-09-08 10:30:00,174.5,1,0.0,1.02,0,none,0,none
U001,2024-09-08 10:40:00,174.8,1,0.0,1.14,0,none,0,none
U001,2024-09-08 10:45:00,174.0,1,0.0,0.88,0,none,0,none
U001,2024-09-08 10:50:00,173.2,1,0.0,1.16,0,none,0,none
U001,2024-09-08 11:10:00,172.9,1,0.0,1.14,0,none,0,none
U001,2024-09-08 11:20:00,173.6,1,0.0,0.99,0,none,0,none
U001,2024-09-08 11:25:00,174.3,1,0.0,1.19,0,none,0,none
U001,2024-09-08 11:30:00,174.1,1,0.0,0.95,0,none,0,none
U001,2024-09-08 11:45:00,174.7,1,0.0,0.81,0,none,0,none
U001,2024-09-08 12:00:00,174.5,1,0.0,0.87,0,none,0,none
U001,2024-09-08 12:15:00,176.6,1,0.0,0.98,0,none,0,none
U001,2024-09-08 12:25:00,176.0,1,0.0,0.88,0,none,0,none
U001,2024-09-08 12:30:00,175.9,1,3.1,0.87,45,snack,0,none
U001,2024-09-08 12:35:00,175.8,1,0.0,1.0,0,none,0,none
U001,2024-09-08 12:40:00,175.9,1,0.0,0.97,0,none,0,none
U001,2024-09-08 12:55:00,175.6,1,0.0,1.0,0,none,0,none
U001,2024-09-08 13:05:00,175.7,1,0.0,1.18,0,none,0,none
U001,2024-09-08 13:10:00,175.7,1,0.0,0.8,0,none,0,none
U001,2024-09-08 13:15:00,176.2,1,0.0,0.87,0,none,0,none
U001,2024-09-08 13:25:00,176.4,1,0.0,1.14,0,none,0,none
U001,2024-09-08 13:30:00,176.8,1,0.0,0.81,0,none,0,none
U001,2024-09-08 13:40:00,175.2,1,0.0,0.84,0,none,0,none
U001,2024-09-08 13:50:00,174.2,1,0.0,0.86,0,none,0,none
U001,2024-09-08 13:55:00,175.0,1,0.0,1.01,0,none,0,none
U001,2024-09-08 14:00:00,175.1,1,0.0,0.8,0,none,0,none
U001,2024-09-08 14:05:00,176.0,1,0.0,1.13,0,none,0,none
U001,2024-09-08 14:10:00,175.3,1,0.0,1.02,0,none,0,none
U001,2024-09-08 14:20:00,174.9,1,0.0,1.08,0,none,0,none
U001,2024-09-08 14:25:00,174.8,1,0.0,1.08,0,none,0,none
U001,2024-09-08 14:50:00,174.8,1,0.0,1.07,0,none,0,none
U001,2024-09-08 14:55:00,174.5,1,0.0,0.95,0,none,0,none
U001,2024-09-08 15:05:00,176.2,1,0.0,0.93,0,none,0,none
U001,2024-09-08 15:15:00,176.5,1,0.0,1.03,0,none,0,none
U001,2024-09-08 15:25:00,176.4,1,0.0,0.82,0,none,0,none
U001,2024-09-08 15:30:00,176.6,1,0.0,1.06,0,none,0,none
U001,2024-09-08 15:35:00,175.7,1,0.0,0.89,0,none,0,none
U001,2024-09-08 15:45:00,175.6,1,0.0,1.08,0,none,0,none
U001,2024-09-08 15:50:00,175.4,1,0.0,1.19,0,none,0,none
U001,2024-09-08 15:55:00,175.8,1,0.0,0.95,0,none,0,none
U001,2024-09-08 16:00:00,176.0,1,0.0,0.92,0,none,0,none
U001,2024-09-08 16:05:00,176.2,1,0.0,0.87,0,none,0,none
U001,2024-09-08 16:10:00,175.3,1,0.0,1.01,0,none,0,none
U001,2024-09-08 16:15:00,175.5,1,0.0,1.0,0,none,0,none
U001,2024-09-08 16:25:00,175.9,1,0.0,0.91,0,none,0,none
U001,2024-09-08 16:30:00,176.0,1,0.0,1.03,0,none,0,none
U001,2024-09-08 16:35:00,175.3,1,0.0,1.16,0,none,0,none
U001,2024-09-08 16:40:00,174.4,1,0.0,0.94,0,none,0,none
U001,2024-09-08 16:50:00,175.5,1,0.0,0.95,0,none,0,none
U001,2024-09-08 17:00:00,175.1,1,0.0,0.88,0,none,0,none
U001,2024-09-08 17:05:00,175.5,1,0.0,1.09,0,none,0,none
U001,2024-09-08 17:10:00,176.0,1,0.0,1.06,0,none,0,none
U001,2024-09-08 17:15:00,175.8,1,0.0,1.02,0,none,0,none
U001,2024-09-08 17:25:00,176.2,1,0.0,0.8,0,none,0,none
U001,2024-09-08 17:30:00,176.1,1,0.0,0.93,0,none,0,none
U001,2024-09-08 17:35:00,176.3,1,0.0,1.08,0,none,0,none
U001,2024-09-08 17:40:00,176.0,1,0.0,1.0,0,none,0,none
U001,2024-09-08 17:45:00,175.3,1,0.0,0.83,0,none,0,none
U001,2024-09-08 17:55:00,174.3,1,0.0,1.0,0,none,0,none
U001,2024-09-08 18:00:00,174.0,1,0.0,1.14,0,none,0,none
U001,2024-09-08 18:10:00,174.3,1,0.0,1.02,0,none,0,none
U001,2024-09-08 18:15:00,174.2,0,0.0,0.83,0,none,0,none
U001,2024-09-08 18:20:00,173.6,1,0.0,1.17,0,none,0,none
U001,2024-09-08 18:25:00,174.6,1,0.0,0.93,0,none,0,none
U001,2024-09-08 18:30:00,174.6,1,0.0,0.95,0,none,0,none
U001,2024-09-08 18:40:00,175.9,1,0.0,1.11,0,none,0,none
U001,2024-09-08 18:45:00,175.5,1,0.0,0.93,0,none,0,none
U001,2024-09-08 19:05:00,177.1,1,0.0,1.04,0,none,0,none
U001,2024-09-08 19:10:00,177.4,1,0.0,1.1,0,none,0,none
U001,2024-09-08 19:15:00,177.2,1,0.0,0.99,0,none,0,none
U001,2024-09-08 19:25:00,177.0,1,0.0,0.85,0,none,0,none
U001,2024-09-08 19:30:00,176.4,1,0.0,1.15,0,none,0,none
U001,2024-09-08 19:40:00,177.2,1,0.0,1.17,0,none,0,none
U001,2024-09-08 19:50:00,176.8,1,0.0,0.98,0,none,0,none
U001,2024-09-08 19:55:00,176.5,1,0.0,0.96,0,none,0,none
U001,2024-09-08 20:00:00,176.3,1,0.0,0.84,0,none,0,none
U001,2024-09-08 20:10:00,177.3,1,0.0,1.04,0,none,0,none
U001,2024-09-08 20:15:00,177.1,1,0.0,0.87,0,none,0,none
U001,2024-09-08 20:20:00,176.9,1,0.0,0.92,0,none,0,none
U001,2024-09-08 20:40:00,178.5,1,0.0,1.07,0,none,0,none
U001,2024-09-08 20:45:00,179.7,1,0.0,0.95,0,none,0,none
U001,2024-09-08 20:50:00,180.3,1,0.0,0.85,0,none,0,none
U001,2024-09-08 20:55:00,181.0,1,2.6,1.19,30,lunch,0,none
U001,2024-09-08 21:05:00,181.6,1,0.0,0.97,0,none,0,none
U001,2024-09-08 21:10:00,181.4,1,0.0,0.86,0,none,0,none
U001,2024-09-08 21:15:00,181.4,1,0.0,0.91,0,none,0,none
U001,2024-09-08 21:30:00,182.0,1,0.0,0.85,0,none,0,none
U001,2024-09-08 21:35:00,182.4,1,0.0,1.08,0,none,0,none
U001,2024-09-08 21:40:00,182.8,1,0.0,1.0,0,none,0,none
U001,2024-09-08 21:45:00,183.0,1,0.0,0.85,0,none,0,none
U001,2024-09-08 21:55:00,183.6,1,0.0,1.0,0,none,0,none
U001,2024-09-08 22:00:00,183.0,1,0.0,1.19,0,none,0,none
U001,2024-09-08 22:05:00,182.2,1,0.0,1.14,0,none,0,none
U001,2024-09-08 22:30:00,183.4,1,0.0,1.0,0,none,0,none
U001,2024-09-08 22:35:00,183.6,1,0.0,1.15,0,none,0,none
U001,2024-09-08 22:40:00,183.1,1,0.0,1.04,0,none,0,none
U001,2024-09-08 22:50:00,184.2,1,0.0,0.86,0,none,0,none
U001,2024-09-08 22:55:00,184.7,1,0.0,1.16,0,none,0,none
U001,2024-09-08 23:05:00,185.0,1,0.0,1.0,0,none,0,none
U001,2024-09-08 23:20:00,185.4,1,0.0,1.18,0,none,0,none
U001,2024-09-08 23:25:00,185.2,1,0.0,0.86,0,none,0,none
U001,2024-09-08 23:30:00,185.4,1,0.0,0.94,0,none,0,none
U001,2024-09-08 23:35:00,185.6,1,0.0,0.86,0,none,0,none
U001,2024-09-08 23:40:00,186.4,0,0.0,0.8,0,none,0,none
U001,2024-09-08 23:45:00,187.0,1,0.0,1.12,0,none,0,none
U001,2024-09-08 23:55:00,187.1,1,0.0,1.08,0,none,0,none
U001,2024-09-09 00:00:00,186.4,1,0.0,0.9,0,none,0,none
U001,2024-09-09 00:05:00,186.1,1,0.0,1.09,0,none,0,none
U001,2024-09-09 00:10:00,186.9,1,0.0,1.08,0,none,0,none
U001,2024-09-09 00:20:00,187.0,1,4.0,0.83,60,breakfast,0,none
U001,2024-09-09 00:25:00,186.3,1,0.0,0.89,0,none,0,none
U001,2024-09-09 00:30:00,185.9,1,0.0,0.98,0,none,0,none
U001,2024-09-09 00:40:00,186.7,1,0.0,1.1,0,none,0,none
U001,2024-09-09 00:50:00,185.7,1,0.0,0.9,0,none,0,none
U001,2024-09-09 00:55:00,185.2,1,0.0,1.14,0,none,0,none
U001,2024-09-09 01:00:00,184.9,1,0.0,0.81,0,none,0,none
U001,2024-09-09 01:10:00,184.9,1,0.0,0.87,0,none,0,none
U001,2024-09-09 01:15:00,186.0,1,0.0,0.81,0,none,0,none
U001,2024-09-09 01:20:00,186.0,0,0.0,1.0,0,none,0,none
U001,2024-09-09 01:30:00,185.8,1,0.0,0.84,0,none,0,none
U001,2024-09-09 01:35:00,186.0,1,0.0,1.17,0,none,0,none
U001,2024-09-09 01:40:00,185.9,1,0.0,1.15,0,none,0,none
U001,2024-09-09 01:45:00,185.6,1,0.0,0.89,0,none,0,none
U001,2024-09-09 01:50:00,186.3,1,0.0,0.89,0,none,0,none
U001,2024-09-09 02:00:00,186.4,1,0.0,1.13,0,none,0,none
U001,2024-09-09 02:05:00,186.6,0,0.0,1.1,0,none,0,none
U001,2024-09-09 02:15:00,187.1,1,0.0,1.07,0,none,0,none
U001,2024-09-09 02:20:00,186.9,1,1.6,1.04,30,dinner,0,none
U001,2024-09-09 02:25:00,186.7,1,0.0,1.05,0,none,0,none
U001,2024-09-09 02:30:00,187.2,1,0.0,0.81,0,none,0,none
U001,2024-09-09 02:45:00,187.2,1,0.0,0.99,0,none,3430,high
U001,2024-09-09 02:55:00,188.0,1,0.0,0.86,0,none,0,none
U001,2024-09-09 03:00:00,188.3,1,7.7,0.87,90,snack,0,none
U001,2024-09-09 03:05:00,188.4,1,0.0,1.13,0,none,0,none
U001,2024-09-09 03:10:00,188.3,1,0.0,1.08,0,none,0,none
U001,2024-09-09 03:20:00,188.8,1,0.0,1.0,0,none,0,none
U001,2024-09-09 03:30:00,187.3,1,0.0,1.04,0,none,0,none
U001,2024-09-09 03:35:00,186.8,1,0.0,0.95,0,none,0,none
U001,2024-09-09 03:40:00,186.6,1,0.0,0.98,0,none,0,none
U001,2024-09-09 03:45:00,187.3,1,0.0,0.98,0,none,0,none
U001,2024-09-09 03:50:00,187.4,1,0.0,1.01,0,none,0,none
U001,2024-09-09 03:55:00,187.3,1,0.0,1.09,0,none,0,none
U001,2024-09-09 04:10:00,188.0,1,0.0,1.15,0,none,0,none
U001,2024-09-09 04:15:00,187.7,1,0.0,0.89,0,none,0,none
U001,2024-09-09 04:25:00,185.7,1,0.0,1.11,0,none,0,none
U001,2024-09-09 04:30:00,184.9,1,0.0,0.89,0,none,0,none
U001,2024-09-09 04:35:00,184.8,1,0.0,1.02,0,none,0,none
U001,2024-09-09 04:40:00,185.7,1,0.0,0.99,0,none,0,none
U001,2024-09-09 04:45:00,185.5,1,0.0,1.05,0,none,0,none
U001,2024-09-09 04:50:00,185.6,1,0.0,1.12,0,none,0,none
U001,2024-09-09 05:00:00,186.7,1,0.0,0.8,0,none,0,none
U001,2024-09-09 05:10:00,187.8,1,0.0,1.05,0,none,0,none
U001,2024-09-09 05:25:00,188.2,1,0.0,1.14,0,none,0,none
U001,2024-09-09 05:40:00,188.3,1,0.0,0.85,0,none,0,none
U001,2024-09-09 05:50:00,188.8,1,0.0,0.98,0,none,0,none
U001,2024-09-09 05:55:00,190.0,1,0.0,0.98,0,none,0,none
U001,2024-09-09 06:05:00,191.0,1,0.0,1.04,0,none,0,none
U001,2024-09-09 06:15:00,191.0,1,0.0,0.94,0,none,0,none
U001,2024-09-09 06:20:00,190.6,1,0.0,0.99,0,none,0,none
U001,2024-09-09 06:25:00,190.3,1,0.0,0.9,0,none,0,none
U001,2024-09-09 06:35:00,190.5,1,0.0,1.13,0,none,0,none
U001,2024-09-09 06:50:00,190.4,1,0.0,0.82,0,none,0,none
U001,2024-09-09 06:55:00,189.4,1,0.0,1.02,0,none,0,none
U001,2024-09-09 07:00:00,189.1,1,0.0,0.99,0,none,0,none
U001,2024-09-09 07:10:00,190.3,1,0.0,1.14,0,none,0,none
U001,2024-09-09 07:15:00,190.4,1,0.0,1.01,0,none,0,none
U001,2024-09-09 07:20:00,191.2,1,0.0,1.07,0,none,0,none
U001,2024-09-09 07:25:00,191.7,1,0.0,0.89,0,none,0,none
U001,2024-09-09 07:30:00,192.1,1,0.0,1.09,0,none,0,none
U001,2024-09-09 07:50:00,192.4,1,7.5,1.13,90,breakfast,0,none
U001,2024-09-09 08:00:00,191.5,1,7.2,1.04,90,breakfast,0,none
U001,2024-09-09 08:15:00,190.3,1,0.0,1.02,0,none,0,none
U001,2024-09-09 08:20:00,190.4,1,0.0,1.03,0,none,0,none
U001,2024-09-09 08:25:00,190.0,1,0.0,1.09,0,none,0,none
U001,2024-09-09 08:30:00,190.5,1,0.0,0.92,0,none,0,none
U001,2024-09-09 08:35:00,190.6,1,0.0,0.84,0,none,0,none
U001,2024-09-09 08:40:00,190.8,1,0.0,0.81,0,none,0,none
U001,2024-09-09 08:45:00,190.3,1,0.0,0.92,0,none,0,none
U001,2024-09-09 09:00:00,189.1,1,0.0,0.89,0,none,0,none
U001,2024-09-09 09:10:00,190.3,1,0.0,0.85,0,none,0,none
U001,2024-09-09 09:20:00,191.1,1,0.0,0.81,0,none,0,none
U001,2024-09-09 09:25:00,191.2,1,0.0,1.08,0,none,0,none
U001,2024-09-09 09:40:00,192.1,1,0.0,1.02,0,none,0,none
U001,2024-09-09 09:55:00,191.7,1,0.0,0.9,0,none,0,none
U001,2024-09-09 10:05:00,191.1,1,0.0,0.85,0,none,0,none
U001,2024-09-09 10:40:00,191.8,1,0.0,1.03,0,none,0,none
U001,2024-09-09 10:50:00,191.7,1,0.0,0.96,0,none,0,none
U001,2024-09-09 10:55:00,192.3,1,0.0,0.87,0,none,0,none
U001,2024-09-09 11:00:00,192.2,1,0.0,1.09,0,none,0,none
U001,2024-09-09 11:10:00,192.9,1,0.0,0.9,0,none,0,none
U001,2024-09-09 11:15:00,192.9,1,0.0,0.97,0,none,0,none
U001,2024-09-09 11:25:00,192.6,1,0.0,1.04,0,none,0,none
U001,2024-09-09 11:30:00,192.4,1,0.0,0.95,0,none,0,none
U001,2024-09-09 11:40:00,193.7,1,0.0,1.17,0,none,0,none
U001,2024-09-09 11:45:00,193.8,1,0.0,1.06,0,none,0,none
U001,2024-09-09 11:50:00,193.2,1,0.0,0.9,0,none,0,none
U001,2024-09-09 11:55:00,192.8,1,0.0,1.19,0,none,0,none
U001,2024-09-09 12:00:00,191.8,1,0.0,0.89,0,none,0,none
U001,2024-09-09 12:05:00,191.7,1,0.0,0.86,0,none,0,none
U001,2024-09-09 12:10:00,192.9,1,0.0,0.82,0,none,0,none
U001,2024-09-09 12:20:00,191.4,1,0.0,0.99,0,none,0,none
U001,2024-09-09 12:25:00,191.4,1,0.0,1.05,0,none,0,none
U001,2024-09-09 12:35:00,190.9,1,0.0,0.85,75,breakfast,0,none
U001,2024-09-09 12:40:00,190.6,1,0.0,0.8,0,none,0,none
U001,2024-09-09 12:45:00,191.4,1,0.0,1.11,0,none,0,none
U001,2024-09-09 12:50:00,192.4,1,0.0,0.97,0,none,0,none
U001,2024-09-09 12:55:00,191.1,1,0.0,1.01,0,none,0,none
U001,2024-09-09 13:15:00,192.8,1,0.0,1.15,0,none,0,none
U001,2024-09-09 13:30:00,192.5,1,0.0,0.89,0,none,0,none
U001,2024-09-09 13:35:00,191.9,1,0.0,1.16,0,none,0,none
U001,2024-09-09 13:50:00,191.8,1,0.0,1.03,0,none,0,none
U001,2024-09-09 13:55:00,190.6,1,0.0,1.07,0,none,4642,low
U001,2024-09-09 14:05:00,190.7,1,0.0,1.08,0,none,0,none
U001,2024-09-09 14:10:00,190.2,1,0.0,1.16,0,none,0,none
U001,2024-09-09 14:20:00,190.1,1,0.0,0.83,0,none,0,none
U001,2024-09-09 14:25:00,190.9,1,0.0,0.97,0,none,0,none
U001,2024-09-09 14:30:00,191.1,1,0.0,1.13,0,none,0,none
U001,2024-09-09 14:40:00,191.0,1,0.0,1.17,0,none,0,none
U001,2024-09-09 14:45:00,191.3,1,0.0,0.83,0,none,0,none
U001,2024-09-09 14:55:00,192.2,1,0.0,1.08,0,none,0,none
U001,2024-09-09 15:05:00,191.4,1,0.0,0.83,0,none,0,none
U001,2024-09-09 15:15:00,190.7,1,0.0,0.93,0,none,0,none
U001,2024-09-09 15:40:00,192.7,1,0.0,0.93,0,none,0,none
U001,2024-09-09 15:45:00,193.1,1,0.0,1.13,0,none,0,none
U001,2024-09-09 15:55:00,193.1,1,0.0,1.15,0,none,0,none
U001,2024-09-09 16:05:00,191.7,1,0.0,0.9,0,none,0,none
U001,2024-09-09 16:10:00,191.6,1,0.0,0.82,0,none,0,none
U001,2024-09-09 16:15:00,191.7,1,0.0,0.93,0,none,0,none
U001,2024-09-09 16:25:00,192.0,1,0.0,1.03,0,none,0,none
U001,2024-09-09 16:35:00,191.5,1,0.0,1.08,0,none,0,none
U001,2024-09-09 16:40:00,191.8,1,0.0,0.97,0,none,0,none
U001,2024-09-09 16:45:00,191.8,1,0.0,1.15,0,none,0,none
U001,2024-09-09 16:50:00,192.1,1,0.0,1.06,0,none,0,none
U001,2024-09-09 16:55:00,192.2,1,0.0,0.94,0,none,0,none
U001,2024-09-09 17:00:00,192.4,1,0.0,0.92,0,none,0,none
U001,2024-09-09 17:20:00,193.2,1,0.0,0.89,0,none,0,none
U001,2024-09-09 17:40:00,193.4,1,0.0,0.92,0,none,0,none
U001,2024-09-09 17:45:00,194.0,1,0.0,0.81,0,none,0,none
U001,2024-09-09 17:50:00,193.3,1,0.0,0.81,0,none,2348,high
U001,2024-09-09 17:55:00,193.2,1,0.0,1.01,0,none,0,none
U001,2024-09-09 18:10:00,194.0,1,0.0,0.96,0,none,0,none
U001,2024-09-09 18:25:00,194.6,1,0.0,0.81,0,none,0,none
U001,2024-09-09 18:35:00,195.4,1,0.0,0.92,0,none,0,none
U001,2024-09-09 18:40:00,195.3,1,0.0,0.84,0,none,0,none
U001,2024-09-09 18:45:00,196.0,1,0.0,0.93,0,none,0,none
U001,2024-09-09 18:55:00,197.1,1,0.0,1.16,0,none,0,none
U001,2024-09-09 19:00:00,197.0,1,0.0,0.85,0,none,0,none
U001,2024-09-09 19:05:00,198.4,1,0.0,1.1,0,none,0,none
U001,2024-09-09 19:10:00,198.0,1,0.0,1.14,0,none,0,none
U001,2024-09-09 19:20:00,198.1,1,0.0,1.0,0,none,0,none
U001,2024-09-09 19:30:00,197.9,1,0.0,1.08,0,none,0,none
U001,2024-09-09 19:40:00,197.5,1,0.0,0.99,0,none,0,none
U001,2024-09-09 19:45:00,197.4,1,0.0,0.97,0,none,0,none
U001,2024-09-09 19:55:00,197.2,1,0.0,1.12,0,none,0,none
U001,2024-09-09 20:05:00,197.5,1,0.0,1.14,0,none,0,none
U001,2024-09-09 20:10:00,197.6,1,0.0,0.93,0,none,0,none
U001,2024-09-09 20:20:00,196.3,1,0.0,1.04,0,none,2091,low
U001,2024-09-09 20:25:00,195.4,1,0.0,1.12,0,none,0,none
U001,2024-09-09 20:30:00,195.0,1,0.0,1.01,0,none,0,none
U001,2024-09-09 20:40:00,195.4,1,0.0,0.82,0,none,0,none
U001,2024-09-09 20:50:00,195.0,1,0.0,1.11,0,none,0,none
U001,2024-09-09 21:00:00,194.9,0,0.0,0.9,0,none,0,none
U001,2024-09-09 21:10:00,191.5,1,0.0,0.82,0,none,1276,low
U001,2024-09-09 21:15:00,191.2,1,0.0,0.85,0,none,0,none
U001,2024-09-09 21:25:00,190.8,1,0.0,1.03,0,none,0,none
U001,2024-09-09 21:30:00,190.8,1,0.0,0.91,0,none,0,none
U001,2024-09-09 21:40:00,190.2,1,0.0,0.83,0,none,0,none
U001,2024-09-09 21:50:00,187.9,1,0.0,1.18,0,none,0,none
U001,2024-09-09 22:05:00,188.0,1,0.0,1.17,0,none,0,none
U001,2024-09-09 22:10:00,188.3,1,0.0,1.18,0,none,0,none
U001,2024-09-09 22:15:00,188.5,1,0.0,0.99,0,none,0,none
U002,2024-09-01 00:05:00,96.5,1,0.0,1.1,0,none,0,none
U002,2024-09-01 00:20:00,96.2,1,0.0,0.94,0,none,0,none
U002,2024-09-01 00:25:00,97.2,1,0.0,1.12,0,none,0,none
U002,2024-09-01 00:30:00,97.3,1,0.0,1.02,0,none,0,none
U002,2024-09-01 00:45:00,97.1,1,0.0,1.17,0,none,0,none
U002,2024-09-01 00:50:00,96.6,1,0.0,1.09,0,none,0,none
U002,2024-09-01 00:55:00,95.9,1,0.0,1.08,0,none,0,none
U002,2024-09-01 01:00:00,95.8,1,0.0,0.87,0,none,0,none
U002,2024-09-01 01:10:00,96.8,1,0.0,1.1,0,none,0,none
U002,2024-09-01 01:20:00,96.6,1,0.0,0.9,0,none,0,none
U002,2024-09-01 01:35:00,92.1,1,0.0,0.84,0,none,0,none
U002,2024-09-01 01:40:00,90.0,1,0.0,0.8,0,none,0,none
U002,2024-09-01 01:50:00,85.6,1,0.0,0.87,0,none,0,none
U002,2024-09-01 01:55:00,83.6,1,0.0,0.82,0,none,0,none
U002,2024-09-01 02:05:00,81.8,1,0.0,0.85,0,none,0,none
U002,2024-09-01 02:25:00,79.4,1,0.0,1.03,0,none,0,none
U002,2024-09-01 02:35:00,80.4,1,0.0,0.99,0,none,0,none
U002,2024-09-01 02:40:00,80.1,1,0.0,0.94,0,none,0,none
U002,2024-09-01 02:45:00,79.7,1,0.0,0.84,0,none,0,none
U002,2024-09-01 02:55:00,78.8,1,0.0,0.87,0,none,521,high
U002,2024-09-01 03:00:00,79.0,1,0.0,1.11,0,none,0,none
U002,2024-09-01 03:10:00,78.4,1,0.0,0.84,0,none,0,none
U002,2024-09-01 03:20:00,78.3,1,0.0,1.01,0,none,0,none
U002,2024-09-01 03:25:00,78.5,1,0.0,1.13,0,none,0,none
U002,2024-09-01 03:30:00,79.2,1,0.0,1.15,0,none,0,none
U002,2024-09-01 03:35:00,79.2,1,0.0,1.02,0,none,0,none
U002,2024-09-01 03:40:00,78.4,1,0.0,0.88,0,none,0,none
U002,2024-09-01 03:50:00,78.3,1,0.0,0.97,0,none,0,none
U002,2024-09-01 04:00:00,76.6,1,0.0,1.08,0,none,0,none
U002,2024-09-01 04:05:00,76.3,1,0.0,0.99,0,none,0,none
U002,2024-09-01 04:15:00,76.4,1,0.0,1.0,0,none,0,none
U002,2024-09-01 04:25:00,75.0,1,0.0,0.91,0,none,0,none
U002,2024-09-01 04:35:00,76.0,1,0.0,0.84,0,none,0,none
U002,2024-09-01 04:40:00,76.0,1,0.0,0.87,0,none,0,none
U002,2024-09-01 04:50:00,76.2,1,6.0,1.08,60,lunch,0,none
U002,2024-09-01 05:00:00,77.1,1,0.0,1.06,0,none,0,none
U002,2024-09-01 05:05:00,77.3,1,0.0,1.01,0,none,0,none
U002,2024-09-01 05:10:00,77.6,1,0.0,1.08,0,none,0,none
U002,2024-09-01 05:15:00,78.1,1,0.0,1.15,0,none,0,none
U002,2024-09-01 05:25:00,77.9,1,0.0,1.03,0,none,0,none
U002,2024-09-01 05:30:00,77.6,1,0.0,0.82,0,none,0,none
U002,2024-09-01 05:35:00,77.9,1,0.0,1.19,0,none,0,none
U002,2024-09-01 05:40:00,78.8,1,0.0,1.14,0,none,0,none
U002,2024-09-01 05:55:00,77.6,1,0.0,0.99,0,none,0,none
U002,2024-09-01 06:00:00,77.8,1,0.0,0.97,0,none,0,none
U002,2024-09-01 06:10:00,78.2,1,0.0,0.98,0,none,0,none
U002,2024-09-01 06:20:00,78.1,1,7.6,0.98,60,lunch,0,none
U002,2024-09-01 06:35:00,78.9,1,0.0,1.06,0,none,0,none
U002,2024-09-01 06:40:00,79.0,1,0.0,1.04,0,none,0,none
U002,2024-09-01 06:50:00,80.2,1,0.0,1.2,0,none,0,none
U002,2024-09-01 06:55:00,80.6,1,0.0,1.07,0,none,0,none
U002,2024-09-01 07:00:00,81.0,1,0.0,0.98,0,none,0,none
U002,2024-09-01 07:20:00,80.2,1,0.0,1.07,0,none,0,none
U002,2024-09-01 07:25:00,79.3,1,0.0,1.02,0,none,0,none
U002,2024-09-01 07:35:00,79.1,1,0.0,0.87,0,none,0,none
U002,2024-09-01 08:00:00,77.4,1,0.0,1.17,0,none,0,none
U002,2024-09-01 08:05:00,77.5,1,0.0,0.93,0,none,0,none
U002,2024-09-01 08:20:00,78.0,1,0.0,0.82,0,none,0,none
U002,2024-09-01 08:30:00,78.1,1,0.0,1.15,0,none,0,none
U002,2024-09-01 08:35:00,78.6,1,0.0,0.97,0,none,0,none
U002,2024-09-01 08:40:00,79.3,1,0.0,0.86,0,none,0,none
U002,2024-09-01 08:45:00,80.5,1,0.0,1.05,0,none,0,none
U002,2024-09-01 08:50:00,80.6,1,0.0,1.15,0,none,0,none
U002,2024-09-01 08:55:00,80.8,1,0.0,1.11,0,none,0,none
U002,2024-09-01 09:00:00,80.8,1,0.0,0.82,0,none,0,none
U002,2024-09-01 09:10:00,79.8,1,0.0,1.06,0,none,0,none
U002,2024-09-01 09:15:00,79.1,1,0.0,0.82,0,none,1757,high
U002,2024-09-01 09:30:00,78.8,0,0.0,1.19,0,none,0,none
U002,2024-09-01 09:35:00,78.6,1,0.0,1.0,0,none,0,none
U002,2024-09-01 09:55:00,79.4,1,0.0,1.15,0,none,0,none
U002,2024-09-01 10:05:00,79.6,1,0.0,1.13,0,none,0,none
U002,2024-09-01 10:20:00,80.7,1,0.0,1.15,0,none,0,none
U002,2024-09-01 10:25:00,81.3,1,0.0,0.88,0,none,0,none
U002,2024-09-01 10:30:00,81.1,1,6.8,1.05,60,lunch,0,none
U002,2024-09-01 10:40:00,81.6,1,0.0,0.87,0,none,0,none
U002,2024-09-01 10:45:00,81.9,1,0.0,1.2,0,none,0,none
U002,2024-09-01 10:50:00,82.2,1,0.0,0.9,0,none,0,none
U002,2024-09-01 10:55:00,82.1,1,0.0,1.04,0,none,0,none
U002,2024-09-01 11:00:00,81.8,1,0.0,1.17,0,none,0,none
U002,2024-09-01 11:10:00,83.5,1,0.0,1.05,0,none,0,none
U002,2024-09-01 11:25:00,83.7,1,0.0,0.82,0,none,0,none
U002,2024-09-01 11:35:00,84.1,1,0.0,1.01,0,none,0,none
U002,2024-09-01 11:40:00,84.2,1,0.0,0.92,0,none,0,none
U002,2024-09-01 11:45:00,84.1,1,0.0,1.11,0,none,0,none
U002,2024-09-01 11:50:00,84.4,1,0.0,1.09,0,none,0,none
U002,2024-09-01 12:05:00,85.1,1,0.0,0.97,0,none,0,none
U002,2024-09-01 12:30:00,84.6,1,0.0,0.98,0,none,0,none
U002,2024-09-01 12:35:00,85.0,1,0.0,0.99,0,none,0,none
U002,2024-09-01 12:40:00,85.8,1,0.0,1.17,0,none,0,none
U002,2024-09-01 12:45:00,85.4,1,0.0,0.8,0,none,0,none
U002,2024-09-01 12:50:00,84.7,1,0.0,0.85,0,none,0,none
U002,2024-09-01 12:55:00,85.7,1,0.0,1.09,0,none,0,none
U002,2024-09-01 13:00:00,86.0,1,0.0,1.05,0,none,0,none
U002,2024-09-01 13:05:00,85.6,1,0.0,0.8,0,none,0,none
U002,2024-09-01 13:10:00,85.3,1,0.0,1.0,0,none,0,none
U002,2024-09-01 13:20:00,85.9,1,0.0,0.85,0,none,0,none
U002,2024-09-01 13:25:00,86.0,1,0.0,0.98,0,none,0,none
U002,2024-09-01 13:35:00,85.4,1,0.0,1.02,0,none,0,none
U002,2024-09-01 13:40:00,85.5,1,0.0,1.03,0,none,0,none
U002,2024-09-01 13:55:00,85.9,1,0.0,1.15,0,none,0,none
U002,2024-09-01 14:05:00,86.8,1,0.0,1.08,0,none,0,none
U002,2024-09-01 14:10:00,87.0,1,0.0,0.8,0,none,0,none
U002,2024-09-01 14:15:00,87.7,1,5.3,0.95,45,snack,0,none
U002,2024-09-01 14:25:00,87.6,1,0.0,1.1,0,none,0,none
U002,2024-09-01 14:35:00,88.4,1,0.0,0.95,0,none,0,none
U002,2024-09-01 14:50:00,87.9,1,0.0,1.13,0,none,0,none
U002,2024-09-01 14:55:00,88.7,1,0.0,1.1,0,none,0,none
U002,2024-09-01 15:00:00,88.4,1,0.0,1.02,0,none,0,none
U002,2024-09-01 15:05:00,88.7,1,0.0,0.96,0,none,0,none
U002,2024-09-01 15:10:00,89.3,1,0.0,1.07,0,none,0,none
U002,2024-09-01 15:25:00,88.9,1,0.0,1.14,0,none,0,none
U002,2024-09-01 15:35:00,91.2,1,0.0,0.86,0,none,0,none
U002,2024-09-01 15:45:00,90.5,1,0.0,0.91,0,none,3942,medium
U002,2024-09-01 15:55:00,88.8,1,0.0,1.14,0,none,0,none
U002,2024-09-01 16:05:00,87.2,1,0.0,1.14,0,none,0,none
U002,2024-09-01 16:10:00,86.8,1,0.0,0.97,0,none,0,none
U002,2024-09-01 16:15:00,86.2,1,0.0,0.9,0,none,0,none
U002,2024-09-01 16:20:00,86.0,1,0.0,0.86,0,none,0,none
U002,2024-09-01 16:25:00,86.4,1,0.0,0.95,0,none,0,none
U002,2024-09-01 16:30:00,85.8,1,0.0,1.15,0,none,0,none
U002,2024-09-01 16:35:00,86.0,1,0.0,1.0,0,none,0,none
U002,2024-09-01 16:45:00,85.9,1,0.0,0.97,0,none,0,none
U002,2024-09-01 17:00:00,86.3,1,0.0,1.06,0,none,0,none
U002,2024-09-01 17:05:00,87.0,1,0.0,1.12,0,none,0,none
U002,2024-09-01 17:20:00,85.9,1,0.0,1.12,45,dinner,0,none
U002,2024-09-01 17:25:00,85.8,1,0.0,1.08,0,none,0,none
U002,2024-09-01 17:30:00,85.8,1,0.0,0.89,0,none,0,none
U002,2024-09-01 17:35:00,85.5,1,0.0,1.17,0,none,0,none
U002,2024-09-01 17:55:00,85.6,1,4.6,0.96,45,dinner,0,none
U002,2024-09-01 18:00:00,85.8,1,0.0,1.03,0,none,0,none
U002,2024-09-01 18:05:00,86.6,1,0.0,1.03,0,none,0,none
U002,2024-09-01 18:10:00,86.5,1,0.0,1.05,0,none,0,none
U002,2024-09-01 18:15:00,87.2,0,0.0,1.1,0,none,0,none
U002,2024-09-01 18:20:00,87.3,1,0.0,0.93,0,none,0,none
U002,2024-09-01 18:25:00,86.7,1,0.0,0.98,0,none,0,none
U002,2024-09-01 18:35:00,85.5,1,0.0,1.17,0,none,0,none
U002,2024-09-01 18:40:00,86.3,1,0.0,1.1,0,none,0,none
U002,2024-09-01 18:45:00,86.6,1,0.0,0.93,0,none,0,none
U002,2024-09-01 18:50:00,86.3,1,7.3,0.89,60,lunch,0,none
U002,2024-09-01 19:05:00,86.7,1,6.9,1.15,60,dinner,0,none
U002,2024-09-01 19:10:00,86.9,1,0.0,1.14,0,none,0,none
U002,2024-09-01 19:15:00,86.3,1,0.0,0.97,0,none,0,none
U002,2024-09-01 19:20:00,86.1,1,0.0,0.99,0,none,0,none
U002,2024-09-01 19:25:00,86.3,1,0.0,0.95,0,none,0,none
U002,2024-09-01 19:30:00,85.9,1,0.0,0.92,0,none,1398,high
U002,2024-09-01 19:55:00,86.7,1,0.0,1.05,0,none,0,none
U002,2024-09-01 20:00:00,87.0,1,0.0,1.05,0,none,0,none
U002,2024-09-01 20:05:00,87.1,1,0.0,0.81,0,none,0,none
U002,2024-09-01 20:10:00,87.2,1,0.0,0.88,0,none,0,none
U002,2024-09-01 20:15:00,87.6,1,0.0,1.07,0,none,0,none
U002,2024-09-01 20:25:00,89.0,1,0.0,1.19,0,none,0,none
U002,2024-09-01 20:35:00,87.7,1,0.0,1.03,0,none,3361,low
U002,2024-09-01 20:40:00,87.8,1,0.0,0.96,0,none,0,none
U002,2024-09-01 20:45:00,88.4,1,0.0,1.08,0,none,0,none
U002,2024-09-01 21:00:00,86.7,1,0.0,1.07,0,none,0,none
U002,2024-09-01 21:05:00,86.5,1,0.0,1.09,0,none,0,none
U002,2024-09-01 21:20:00,85.3,1,0.0,1.08,0,none,0,none
U002,2024-09-01 21:25:00,85.9,1,0.0,0.87,0,none,0,none
U002,2024-09-01 21:45:00,87.7,1,0.0,1.09,0,none,0,none
U002,2024-09-01 21:55:00,87.9,1,0.0,0.81,0,none,0,none
U002,2024-09-01 22:05:00,87.6,1,0.0,1.02,0,none,0,none
U002,2024-09-01 22:15:00,86.9,1,0.0,0.92,0,none,0,none
U002,2024-09-01 22:25:00,88.2,1,0.0,1.15,0,none,0,none
U002,2024-09-01 22:40:00,86.5,1,4.1,1.07,30,dinner,0,none
U002,2024-09-01 22:45:00,86.3,1,0.0,1.14,0,none,0,none
U002,2024-09-01 22:50:00,85.9,1,0.0,1.15,0,none,0,none
U002,2024-09-01 22:55:00,86.1,1,0.0,0.82,0,none,0,none
U002,2024-09-01 23:10:00,87.1,1,0.0,0.93,0,none,0,none
U002,2024-09-01 23:20:00,87.8,1,0.0,0.9,0,none,0,none
U002,2024-09-01 23:30:00,88.2,1,0.0,0.96,0,none,0,none
U002,2024-09-01 23:35:00,89.3,1,0.0,1.11,0,none,0,none
U002,2024-09-01 23:40:00,89.5,1,0.0,0.88,0,none,0,none
U002,2024-09-01 23:45:00,89.4,1,0.0,0.9,0,none,0,none
U002,2024-09-01 23:50:00,90.0,1,0.0,0.93,0,none,0,none
U002,2024-09-02 00:00:00,91.1,1,0.0,0.83,0,none,0,none
U002,2024-09-02 00:05:00,90.6,1,0.0,0.84,0,none,0,none
U002,2024-09-02 00:15:00,90.7,1,0.0,1.07,0,none,0,none
U002,2024-09-02 00:20:00,90.9,1,0.0,1.01,0,none,0,none
U002,2024-09-02 00:30:00,91.1,1,0.0,1.18,0,none,0,none
U002,2024-09-02 00:35:00,91.0,1,0.0,1.11,0,none,0,none
U002,2024-09-02 00:45:00,90.6,1,0.0,1.16,0,none,0,none
U002,2024-09-02 00:55:00,90.8,1,0.0,1.04,0,none,0,none
U002,2024-09-02 01:00:00,90.8,1,0.0,0.95,0,none,0,none
U002,2024-09-02 01:05:00,91.1,1,0.0,1.13,0,none,0,none
U002,2024-09-02 01:15:00,91.5,1,0.0,0.86,0,none,0,none
U002,2024-09-02 01:25:00,92.7,1,0.0,1.05,0,none,0,none
U002,2024-09-02 01:30:00,94.0,1,0.0,0.97,0,none,0,none
U002,2024-09-02 01:45:00,94.4,1,0.0,0.86,0,none,0,none
U002,2024-09-02 01:55:00,94.7,1,0.0,0.96,0,none,0,none
U002,2024-09-02 02:00:00,95.0,1,0.0,0.87,0,none,0,none
U002,2024-09-02 02:40:00,93.7,1,0.0,1.02,0,none,0,none
U002,2024-09-02 02:45:00,93.8,1,0.0,0.98,0,none,0,none
U002,2024-09-02 02:55:00,94.3,1,0.0,1.07,0,none,0,none
U002,2024-09-02 03:00:00,94.5,1,0.0,1.06,0,none,0,none
U002,2024-09-02 03:05:00,94.1,1,0.0,1.03,0,none,0,none
U002,2024-09-02 03:10:00,93.6,1,0.0,0.98,0,none,0,none
U002,2024-09-02 03:15:00,94.4,1,0.0,0.94,0,none,0,none
U002,2024-09-02 03:30:00,94.5,1,0.0,0.99,0,none,0,none
U002,2024-09-02 03:35:00,93.2,1,0.0,1.18,0,none,981,medium
U002,2024-09-02 03:40:00,93.4,1,0.0,0.9,0,none,0,none
U002,2024-09-02 03:45:00,93.9,1,0.0,1.07,0,none,0,none
U002,2024-09-02 03:50:00,93.9,1,0.0,0.87,0,none,0,none
U002,2024-09-02 04:00:00,93.4,1,0.0,1.18,0,none,0,none
U002,2024-09-02 04:05:00,93.2,1,0.0,1.19,0,none,0,none
U002,2024-09-02 04:15:00,93.1,1,0.0,1.18,0,none,0,none
U002,2024-09-02 04:20:00,92.8,1,0.0,1.16,0,none,0,none
U002,2024-09-02 04:30:00,93.0,1,0.0,0.87,0,none,0,none
U002,2024-09-02 04:35:00,92.9,1,0.0,0.96,0,none,0,none
U002,2024-09-02 04:45:00,93.9,1,0.0,1.13,0,none,0,none
U002,2024-09-02 04:50:00,95.0,1,0.0,1.1,0,none,0,none
U002,2024-09-02 05:00:00,94.7,1,4.9,1.07,45,breakfast,0,none
U002,2024-09-02 05:10:00,95.1,1,0.0,1.2,0,none,0,none
U002,2024-09-02 05:15:00,94.5,1,0.0,0.87,0,none,0,none
U002,2024-09-02 05:30:00,94.9,1,0.0,1.01,0,none,0,none
U002,2024-09-02 05:35:00,94.9,1,0.0,1.04,0,none,0,none
U002,2024-09-02 05:40:00,94.7,1,0.0,1.05,0,none,0,none
U002,2024-09-02 05:45:00,95.4,1,0.0,0.84,0,none,0,none
U002,2024-09-02 05:55:00,95.8,1,0.0,0.81,0,none,0,none
U002,2024-09-02 06:10:00,95.3,1,0.0,0.99,0,none,0,none
U002,2024-09-02 06:20:00,94.1,1,0.0,0.98,0,none,0,none
U002,2024-09-02 06:25:00,94.9,1,0.0,0.82,0,none,0,none
U002,2024-09-02 06:35:00,94.9,1,0.0,0.89,0,none,0,none
U002,2024-09-02 06:50:00,93.7,1,0.0,0.82,0,none,0,none
U002,2024-09-02 07:00:00,94.1,1,0.0,1.01,0,none,0,none
U002,2024-09-02 07:05:00,94.6,1,0.0,0.93,0,none,0,none
U002,2024-09-02 07:10:00,94.0,1,0.0,0.97,0,none,2084,low
U002,2024-09-02 07:15:00,95.0,1,0.0,0.87,0,none,0,none
U002,2024-09-02 07:20:00,95.8,1,3.0,0.97,30,lunch,0,none
U002,2024-09-02 07:25:00,94.8,1,0.0,0.98,0,none,0,none
U002,2024-09-02 07:35:00,95.4,1,0.0,0.93,0,none,0,none
U002,2024-09-02 07:40:00,95.5,1,0.0,1.04,0,none,0,none
U002,2024-09-02 07:45:00,95.7,0,0.0,1.04,0,none,0,none
U002,2024-09-02 07:50:00,95.3,1,0.0,0.93,0,none,0,none
U002,2024-09-02 08:00:00,95.1,1,0.0,1.08,0,none,0,none
U002,2024-09-02 08:05:00,95.0,1,0.0,0.81,0,none,0,none
U002,2024-09-02 08:10:00,95.2,1,0.0,1.05,0,none,0,none
U002,2024-09-02 08:15:00,95.4,1,0.0,0.84,0,none,0,none
U002,2024-09-02 08:45:00,96.1,1,0.0,0.95,0,none,0,none
U002,2024-09-02 08:55:00,96.7,1,0.0,0.87,0,none,0,none
U002,2024-09-02 09:05:00,96.4,1,0.0,0.92,0,none,0,none
U002,2024-09-02 09:20:00,95.8,1,0.0,0.95,0,none,0,none
U002,2024-09-02 09:25:00,95.5,1,3.3,0.84,30,breakfast,0,none
U002,2024-09-02 09:35:00,95.2,1,0.0,1.15,0,none,0,none
U002,2024-09-02 09:40:00,95.3,1,0.0,1.08,0,none,0,none
U002,2024-09-02 09:45:00,95.4,1,0.0,1.06,0,none,0,none
U002,2024-09-02 09:55:00,95.7,1,0.0,0.85,0,none,0,none
U002,2024-09-02 10:00:00,95.2,1,0.0,0.98,0,none,0,none
U002,2024-09-02 10:15:00,95.6,1,0.0,0.87,0,none,0,none
U002,2024-09-02 10:35:00,95.3,1,0.0,0.93,0,none,0,none
U002,2024-09-02 10:50:00,96.2,1,0.0,1.14,0,none,0,none
U002,2024-09-02 10:55:00,97.4,1,0.0,0.96,0,none,0,none
U002,2024-09-02 11:00:00,96.9,1,0.0,0.87,0,none,0,none
U002,2024-09-02 11:10:00,97.1,1,0.0,0.86,0,none,0,none
U002,2024-09-02 11:15:00,96.9,1,0.0,0.88,0,none,0,none
U002,2024-09-02 11:20:00,97.3,1,0.0,1.08,0,none,0,none
U002,2024-09-02 11:25:00,97.3,1,0.0,0.87,0,none,0,none
U002,2024-09-02 11:30:00,96.9,1,0.0,0.9,0,none,1759,high
U002,2024-09-02 11:35:00,97.2,1,0.0,0.98,0,none,0,none
U002,2024-09-02 11:40:00,96.4,1,0.0,0.98,0,none,0,none
U002,2024-09-02 11:45:00,96.5,1,0.0,1.0,0,none,0,none
U002,2024-09-02 12:15:00,97.0,1,0.0,1.07,0,none,0,none
U002,2024-09-02 12:30:00,97.1,1,0.0,0.84,0,none,0,none
U002,2024-09-02 12:40:00,96.8,1,0.0,0.91,0,none,0,none
U002,2024-09-02 12:45:00,97.3,1,0.0,1.03,0,none,0,none
U002,2024-09-02 12:50:00,96.8,1,0.0,1.19,0,none,0,none
U002,2024-09-02 12:55:00,96.8,1,0.0,1.05,0,none,0,none
U002,2024-09-02 13:00:00,96.3,1,0.0,0.87,0,none,0,none
U002,2024-09-02 13:05:00,95.9,1,0.0,1.0,0,none,0,none
U002,2024-09-02 13:20:00,96.7,1,0.0,1.19,0,none,0,none
U002,2024-09-02 13:30:00,96.2,1,0.0,1.06,0,none,0,none
U002,2024-09-02 13:35:00,96.2,1,0.0,1.2,0,none,0,none
U002,2024-09-02 13:40:00,96.2,1,0.0,0.9,0,none,0,none
U002,2024-09-02 13:50:00,94.8,1,0.0,1.18,0,none,0,none
U002,2024-09-02 14:00:00,95.0,1,0.0,1.01,0,none,0,none
U002,2024-09-02 14:05:00,94.4,1,0.0,1.04,0,none,0,none
U002,2024-09-02 14:10:00,94.1,1,0.0,1.12,0,none,0,none
U002,2024-09-02 14:15:00,94.8,1,0.0,1.14,0,none,0,none
U002,2024-09-02 14:20:00,95.6,1,0.0,0.92,0,none,0,none
U002,2024-09-02 14:25:00,95.5,1,0.0,1.19,0,none,0,none
U002,2024-09-02 14:30:00,95.5,1,0.0,1.14,0,none,0,none
U002,2024-09-02 14:35:00,96.0,1,0.0,0.86,0,none,0,none
U002,2024-09-02 14:40:00,95.6,1,0.0,1.01,0,none,0,none
U002,2024-09-02 14:45:00,94.5,1,0.0,1.02,0,none,0,none
U002,2024-09-02 14:50:00,94.2,1,0.0,0.85,0,none,0,none
U002,2024-09-02 15:05:00,95.5,1,0.0,0.85,0,none,0,none
U002,2024-09-02 15:10:00,95.7,1,0.0,0.94,0,none,0,none
U002,2024-09-02 15:20:00,96.8,1,0.0,0.99,0,none,0,none
U002,2024-09-02 15:25:00,96.2,1,0.0,0.89,0,none,0,none
U002,2024-09-02 15:30:00,94.2,1,0.0,0.88,0,none,4443,medium
U002,2024-09-02 15:35:00,94.3,1,0.0,1.07,0,none,0,none
U002,2024-09-02 15:40:00,95.4,1,0.0,0.88,0,none,0,none
U002,2024-09-02 15:45:00,96.1,1,0.0,0.95,0,none,0,none
U002,2024-09-02 16:00:00,96.8,1,0.0,0.9,0,none,0,none
U002,2024-09-02 16:10:00,96.7,1,0.0,0.81,0,none,0,none
U002,2024-09-02 16:15:00,96.2,1,0.0,1.05,0,none,0,none
U002,2024-09-02 16:25:00,95.1,1,0.0,0.82,0,none,0,none
U002,2024-09-02 16:30:00,95.5,1,0.0,1.01,0,none,0,none
U002,2024-09-02 16:35:00,95.4,1,0.0,0.94,0,none,0,none
U002,2024-09-02 16:40:00,95.6,1,0.0,0.82,0,none,0,none
U002,2024-09-02 16:45:00,96.2,1,0.0,1.19,0,none,0,none
U002,2024-09-02 16:50:00,96.3,1,0.0,1.16,0,none,0,none
U002,2024-09-02 16:55:00,96.3,1,0.0,1.14,0,none,0,none
U002,2024-09-02 17:00:00,96.3,1,0.0,0.89,0,none,0,none
U002,2024-09-02 17:05:00,97.3,1,0.0,0.87,0,none,0,none
U002,2024-09-02 17:15:00,96.9,1,0.0,0.97,0,none,0,none
U002,2024-09-02 17:20:00,96.5,1,0.0,1.16,0,none,0,none
U002,2024-09-02 17:25:00,97.2,1,0.0,1.0,0,none,0,none
U002,2024-09-02 17:40:00,97.1,1,0.0,1.0,0,none,0,none
U002,2024-09-02 17:50:00,96.8,1,0.0,1.13,0,none,0,none
U002,2024-09-02 17:55:00,96.8,1,0.0,0.9,0,none,0,none
U002,2024-09-02 18:00:00,97.4,1,0.0,1.13,0,none,0,none
U002,2024-09-02 18:05:00,96.9,1,0.0,0.97,0,none,0,none
U002,2024-09-02 18:10:00,97.9,1,0.0,1.07,0,none,0,none
U002,2024-09-02 18:15:00,98.1,1,0.0,0.96,0,none,0,none
U002,2024-09-02 18:50:00,98.7,1,0.0,1.16,0,none,0,none
U002,2024-09-02 18:55:00,98.4,1,0.0,0.94,0,none,0,none
U002,2024-09-02 19:05:00,98.5,1,0.0,1.07,0,none,4944,medium
U002,2024-09-02 19:10:00,99.6,1,0.0,1.03,0,none,0,none
U002,2024-09-02 19:35:00,99.6,1,0.0,0.96,0,none,0,none
U002,2024-09-02 19:40:00,98.9,1,0.0,1.04,0,none,3141,high
U002,2024-09-02 19:45:00,98.6,1,0.0,0.89,0,none,0,none
U002,2024-09-02 19:50:00,98.6,1,0.0,1.08,0,none,0,none
U002,2024-09-02 19:55:00,97.4,1,0.0,0.91,0,none,1628,low
U002,2024-09-02 20:00:00,96.4,1,0.0,1.17,0,none,0,none
U002,2024-09-02 20:05:00,95.6,1,0.0,0.82,0,none,0,none
U002,2024-09-02 20:15:00,95.7,1,0.0,1.16,0,none,0,none
U002,2024-09-02 20:20:00,95.7,1,0.0,0.98,0,none,0,none
U002,2024-09-02 20:25:00,95.3,1,0.0,1.16,0,none,0,none
U002,2024-09-02 20:30:00,95.5,1,0.0,0.96,0,none,0,none
U002,2024-09-02 20:35:00,95.5,1,0.0,1.19,0,none,0,none
U002,2024-09-02 20:40:00,95.3,1,0.0,1.1,0,none,0,none
U002,2024-09-02 20:45:00,94.9,1,0.0,1.17,0,none,0,none
U002,2024-09-02 20:50:00,94.2,1,0.0,1.15,0,none,0,none
U002,2024-09-02 21:00:00,94.6,1,0.0,0.89,0,none,0,none
U002,2024-09-02 21:10:00,94.3,1,0.0,1.04,0,none,0,none
U002,2024-09-02 21:15:00,94.5,1,0.0,1.04,0,none,0,none
U002,2024-09-02 21:25:00,93.9,1,0.0,0.85,0,none,0,none
U002,2024-09-02 21:30:00,92.3,1,0.0,1.07,0,none,2643,low
U002,2024-09-02 21:35:00,92.6,1,0.0,0.97,0,none,0,none
U002,2024-09-02 21:45:00,92.7,1,0.0,1.0,0,none,0,none
U002,2024-09-02 22:00:00,91.8,1,4.6,1.2,45,breakfast,0,none
U002,2024-09-02 22:05:00,90.9,1,5.4,0.98,45,breakfast,1111,high
U002,2024-09-02 22:15:00,91.5,1,0.0,0.81,0,none,0,none
U002,2024-09-02 22:30:00,91.9,1,0.0,1.17,0,none,0,none
U002,2024-09-02 22:35:00,92.7,1,0.0,1.16,0,none,0,none
U002,2024-09-02 22:55:00,92.4,1,0.0,1.04,0,none,0,none
U002,2024-09-02 23:25:00,94.2,1,0.0,1.0,0,none,0,none
U002,2024-09-02 23:30:00,94.4,1,0.0,0.97,0,none,0,none
U002,2024-09-02 23:45:00,94.2,1,0.0,1.03,0,none,0,none
U002,2024-09-02 23:50:00,94.1,1,0.0,0.88,0,none,0,none
U002,2024-09-02 23:55:00,93.7,1,0.0,0.84,0,none,0,none
U002,2024-09-03 00:25:00,93.9,1,0.0,0.86,0,none,0,none
U002,2024-09-03 00:35:00,94.7,1,0.0,1.07,0,none,0,none
U002,2024-09-03 00:40:00,94.1,1,0.0,1.12,0,none,0,none
U002,2024-09-03 00:55:00,95.0,1,0.0,1.15,0,none,0,none
U002,2024-09-03 01:05:00,94.8,1,0.0,1.06,0,none,0,none
U002,2024-09-03 01:20:00,96.5,1,0.0,0.83,0,none,0,none
U002,2024-09-03 01:25:00,96.3,1,0.0,1.09,0,none,0,none
U002,2024-09-03 01:35:00,96.8,1,0.0,1.02,0,none,0,none
U002,2024-09-03 01:40:00,96.5,1,0.0,1.05,0,none,0,none
U002,2024-09-03 01:50:00,96.0,1,0.0,1.12,0,none,0,none
U002,2024-09-03 01:55:00,96.2,1,0.0,1.19,0,none,0,none
U002,2024-09-03 02:20:00,96.8,1,0.0,0.95,0,none,0,none
U002,2024-09-03 02:30:00,95.8,1,0.0,1.03,0,none,0,none
U002,2024-09-03 02:40:00,96.5,1,0.0,0.99,0,none,0,none
U002,2024-09-03 02:50:00,97.2,1,0.0,1.16,0,none,0,none
U002,2024-09-03 02:55:00,96.7,1,7.6,1.06,60,breakfast,0,none
U002,2024-09-03 03:10:00,96.2,1,3.7,1.04,30,lunch,0,none
U002,2024-09-03 03:15:00,96.1,1,0.0,1.12,0,none,0,none
U002,2024-09-03 03:20:00,95.8,1,0.0,1.2,0,none,0,none
U002,2024-09-03 03:35:00,95.3,1,0.0,1.0,0,none,0,none
U002,2024-09-03 03:40:00,96.0,1,0.0,0.9,0,none,0,none
U002,2024-09-03 03:45:00,95.6,1,0.0,0.8,0,none,0,none
U002,2024-09-03 03:50:00,96.1,1,0.0,0.95,0,none,0,none
U002,2024-09-03 04:00:00,96.9,1,0.0,1.09,0,none,0,none
U002,2024-09-03 04:05:00,97.2,1,0.0,1.08,0,none,0,none
U002,2024-09-03 04:15:00,97.2,1,0.0,1.15,0,none,0,none
U002,2024-09-03 04:25:00,95.8,1,0.0,1.13,0,none,922,high
U002,2024-09-03 04:35:00,95.3,1,0.0,0.84,0,none,0,none
U002,2024-09-03 04:40:00,94.9,1,0.0,0.94,0,none,0,none
U002,2024-09-03 04:45:00,94.3,1,0.0,1.06,0,none,0,none
U002,2024-09-03 04:50:00,94.8,1,0.0,1.19,0,none,0,none
U002,2024-09-03 04:55:00,94.4,1,0.0,0.86,0,none,0,none
U002,2024-09-03 05:00:00,94.3,1,0.0,1.18,0,none,0,none
U002,2024-09-03 05:05:00,94.8,1,0.0,1.09,0,none,0,none
U002,2024-09-03 05:10:00,95.2,1,0.0,0.88,0,none,0,none
U002,2024-09-03 05:15:00,95.3,1,0.0,0.98,30,lunch,0,none
U002,2024-09-03 05:20:00,94.6,1,0.0,1.14,0,none,0,none
U002,2024-09-03 05:25:00,94.5,1,0.0,0.85,0,none,0,none
U002,2024-09-03 05:40:00,94.5,1,0.0,0.98,0,none,0,none
U002,2024-09-03 05:50:00,95.3,1,0.0,1.01,0,none,0,none
U002,2024-09-03 05:55:00,95.5,1,0.0,1.18,0,none,0,none
U002,2024-09-03 06:00:00,95.3,1,0.0,1.05,0,none,0,none
U002,2024-09-03 06:05:00,95.6,1,0.0,1.16,0,none,0,none
U002,2024-09-03 06:10:00,95.6,1,0.0,1.06,0,none,0,none
U002,2024-09-03 06:25:00,93.6,1,0.0,1.0,0,none,0,none
U002,2024-09-03 06:40:00,93.7,1,0.0,0.93,0,none,0,none
U002,2024-09-03 06:45:00,94.3,1,0.0,0.9,0,none,0,none
U002,2024-09-03 07:00:00,94.1,1,0.0,0.85,0,none,0,none
U002,2024-09-03 07:05:00,94.4,1,0.0,0.83,0,none,0,none
U002,2024-09-03 07:10:00,94.4,1,0.0,0.9,0,none,0,none
U002,2024-09-03 07:20:00,94.1,1,0.0,1.13,0,none,0,none
U002,2024-09-03 07:25:00,93.1,1,0.0,0.97,0,none,0,none
U002,2024-09-03 07:45:00,91.0,1,0.0,1.19,0,none,1126,high
U002,2024-09-03 08:00:00,91.9,1,0.0,0.92,0,none,0,none
U002,2024-09-03 08:05:00,91.5,1,0.0,0.94,0,none,796,medium
U002,2024-09-03 08:15:00,92.0,1,0.0,1.07,0,none,0,none
U002,2024-09-03 08:30:00,93.1,1,0.0,1.09,0,none,0,none
U002,2024-09-03 08:45:00,94.5,1,0.0,1.09,0,none,0,none
U002,2024-09-03 08:55:00,93.3,1,0.0,0.8,0,none,0,none
U002,2024-09-03 09:00:00,93.8,1,0.0,1.09,0,none,0,none
U002,2024-09-03 09:15:00,94.4,1,0.0,0.95,0,none,0,none
U002,2024-09-03 09:20:00,93.7,1,0.0,1.01,0,none,0,none
U002,2024-09-03 09:30:00,95.4,1,0.0,0.97,0,none,0,none
U002,2024-09-03 09:35:00,95.2,1,0.0,0.81,0,none,0,none
U002,2024-09-03 09:40:00,94.9,1,6.5,0.97,60,snack,0,none
U002,2024-09-03 09:55:00,95.6,1,0.0,0.92,0,none,0,none
U002,2024-09-03 10:00:00,95.2,1,0.0,1.08,0,none,0,none
U002,2024-09-03 10:05:00,95.1,1,0.0,0.88,0,none,0,none
U002,2024-09-03 10:10:00,94.6,1,0.0,1.08,0,none,0,none
U002,2024-09-03 10:15:00,95.0,1,0.0,1.01,0,none,0,none
U002,2024-09-03 10:25:00,96.1,1,0.0,0.88,0,none,0,none
U002,2024-09-03 10:30:00,96.0,1,0.0,0.86,0,none,0,none
U002,2024-09-03 10:35:00,96.0,1,0.0,0.96,0,none,0,none
U002,2024-09-03 10:40:00,96.5,1,0.0,0.9,0,none,0,none
U002,2024-09-03 10:50:00,97.7,1,0.0,0.99,0,none,0,none
U002,2024-09-03 10:55:00,98.4,1,0.0,0.81,0,none,0,none
U002,2024-09-03 11:00:00,98.8,1,0.0,0.94,0,none,0,none
U002,2024-09-03 11:05:00,98.9,1,0.0,1.01,0,none,0,none
U002,2024-09-03 11:10:00,99.1,1,0.0,0.97,0,none,0,none
U002,2024-09-03 11:15:00,99.2,1,0.0,1.02,0,none,0,none
U002,2024-09-03 11:25:00,100.3,1,0.0,0.98,0,none,0,none
U002,2024-09-03 11:30:00,100.1,0,0.0,0.8,0,none,0,none
U002,2024-09-03 11:35:00,100.4,1,0.0,1.11,0,none,0,none
U002,2024-09-03 11:40:00,101.0,1,9.9,0.81,90,dinner,0,none
U002,2024-09-03 11:45:00,100.9,1,0.0,1.11,0,none,0,none
U002,2024-09-03 12:10:00,100.7,1,0.0,0.84,0,none,0,none
U002,2024-09-03 12:15:00,100.9,1,0.0,1.16,0,none,0,none
U002,2024-09-03 12:20:00,100.8,1,0.0,0.96,0,none,0,none
U002,2024-09-03 12:25:00,100.9,1,0.0,1.16,0,none,0,none
U002,2024-09-03 12:30:00,100.8,1,0.0,1.13,0,none,0,none
U002,2024-09-03 12:45:00,102.4,1,0.0,0.96,0,none,0,none
U002,2024-09-03 13:00:00,102.5,1,0.0,1.2,0,none,0,none
U002,2024-09-03 13:10:00,102.5,1,0.0,1.0,0,none,0,none
U002,2024-09-03 13:15:00,102.3,1,0.0,1.15,0,none,0,none
U002,2024-09-03 13:25:00,103.2,1,0.0,1.19,0,none,0,none
U002,2024-09-03 13:35:00,104.0,1,0.0,0.86,0,none,0,none
U002,2024-09-03 13:45:00,105.2,1,0.0,0.88,0,none,0,none
U002,2024-09-03 13:50:00,104.2,1,0.0,0.91,0,none,0,none
U002,2024-09-03 13:55:00,105.1,1,0.0,0.88,0,none,0,none
U002,2024-09-03 14:05:00,105.3,1,0.0,1.14,0,none,0,none
U002,2024-09-03 14:25:00,105.4,1,0.0,1.17,0,none,0,none
U002,2024-09-03 14:30:00,105.9,1,0.0,0.9,0,none,0,none
U002,2024-09-03 14:35:00,105.9,1,0.0,0.82,0,none,0,none
U002,2024-09-03 14:40:00,105.4,1,0.0,0.98,0,none,0,none
U002,2024-09-03 14:55:00,104.3,1,0.0,1.16,0,none,0,none
U002,2024-09-03 15:00:00,105.1,1,0.0,1.17,0,none,0,none
U002,2024-09-03 15:10:00,105.4,1,0.0,1.19,0,none,0,none
U002,2024-09-03 15:20:00,106.3,1,0.0,1.17,0,none,0,none
U002,2024-09-03 15:25:00,105.8,1,0.0,0.93,0,none,0,none
U002,2024-09-03 15:30:00,105.1,1,0.0,1.11,0,none,0,none
U002,2024-09-03 15:35:00,105.2,1,0.0,1.14,0,none,0,none
U002,2024-09-03 15:40:00,105.4,1,0.0,1.17,0,none,0,none
U002,2024-09-03 15:45:00,105.1,1,0.0,1.17,0,none,0,none
U002,2024-09-03 15:50:00,105.1,1,0.0,0.99,0,none,0,none
U002,2024-09-03 16:00:00,104.1,1,0.0,1.08,0,none,0,none
U002,2024-09-03 16:15:00,105.2,1,0.0,0.99,0,none,0,none
U002,2024-09-03 16:30:00,104.2,1,0.0,1.18,0,none,0,none
U002,2024-09-03 16:40:00,103.9,1,0.0,0.89,0,none,0,none
U002,2024-09-03 16:45:00,104.0,1,0.0,0.82,0,none,0,none
U002,2024-09-03 16:50:00,103.4,1,0.0,1.02,0,none,2853,medium
U002,2024-09-03 16:55:00,104.0,1,0.0,1.16,0,none,0,none
U002,2024-09-03 17:00:00,104.8,1,0.0,1.19,0,none,0,none
U002,2024-09-03 17:05:00,104.9,1,0.0,0.83,0,none,0,none
U002,2024-09-03 17:10:00,105.4,1,0.0,1.08,0,none,0,none
U002,2024-09-03 17:20:00,105.7,1,0.0,0.93,0,none,0,none
U002,2024-09-03 17:35:00,109.4,1,0.0,1.19,0,none,0,none
U002,2024-09-03 17:45:00,110.8,1,0.0,0.91,0,none,0,none
U002,2024-09-03 18:05:00,110.6,1,0.0,1.04,0,none,0,none
U002,2024-09-03 18:10:00,110.4,1,0.0,1.02,0,none,0,none
U002,2024-09-03 18:20:00,109.9,1,0.0,1.12,0,none,3749,low
U002,2024-09-03 18:30:00,110.2,1,0.0,1.02,0,none,0,none
U002,2024-09-03 18:35:00,110.8,1,0.0,1.05,0,none,0,none
U002,2024-09-03 18:50:00,112.5,1,0.0,1.07,0,none,0,none
U002,2024-09-03 18:55:00,112.2,1,0.0,1.12,0,none,0,none
U002,2024-09-03 19:05:00,112.2,1,0.0,0.97,0,none,0,none
U002,2024-09-03 19:10:00,112.3,1,0.0,1.11,0,none,0,none
U002,2024-09-03 19:20:00,111.5,1,0.0,1.07,0,none,0,none
U002,2024-09-03 19:25:00,111.7,1,0.0,0.84,0,none,0,none
U002,2024-09-03 19:30:00,112.2,1,0.0,0.89,0,none,0,none
U002,2024-09-03 19:45:00,112.5,1,0.0,1.04,0,none,0,none
U002,2024-09-03 19:50:00,112.4,1,0.0,0.85,0,none,0,none
U002,2024-09-03 19:55:00,111.9,1,0.0,0.86,0,none,0,none
U002,2024-09-03 20:20:00,111.9,1,0.0,1.2,0,none,0,none
U002,2024-09-03 20:25:00,112.0,1,0.0,1.08,0,none,0,none
U002,2024-09-03 20:35:00,112.8,1,0.0,0.99,0,none,0,none
U002,2024-09-03 20:40:00,112.5,1,0.0,1.16,0,none,0,none
U002,2024-09-03 20:45:00,112.5,1,0.0,0.81,0,none,0,none
U002,2024-09-03 20:50:00,112.2,1,2.8,1.04,30,lunch,0,none
U002,2024-09-03 21:05:00,113.4,1,0.0,0.87,0,none,0,none
U002,2024-09-03 21:10:00,113.1,1,0.0,1.03,0,none,0,none
U002,2024-09-03 21:15:00,112.5,1,0.0,1.08,0,none,0,none
U002,2024-09-03 21:20:00,112.5,1,0.0,1.16,0,none,0,none
U002,2024-09-03 21:45:00,112.4,1,0.0,0.91,0,none,0,none
U002,2024-09-03 21:50:00,112.0,1,0.0,1.09,0,none,0,none
U002,2024-09-03 22:00:00,113.4,1,0.0,0.85,0,none,0,none
U002,2024-09-03 22:10:00,114.3,1,0.0,0.89,0,none,0,none
U002,2024-09-03 22:15:00,113.8,1,0.0,1.17,0,none,0,none
U002,2024-09-03 22:25:00,115.0,1,0.0,1.16,0,none,0,none
U002,2024-09-03 22:40:00,115.9,1,0.0,1.1,0,none,0,none
U002,2024-09-03 22:45:00,115.4,1,0.0,1.05,0,none,0,none
U002,2024-09-03 22:55:00,116.0,1,0.0,1.12,0,none,0,none
U002,2024-09-03 23:00:00,116.5,1,0.0,1.12,0,none,0,none
U002,2024-09-03 23:05:00,115.7,1,0.0,1.02,0,none,1041,low
U002,2024-09-03 23:10:00,115.7,1,0.0,1.0,0,none,0,none
U002,2024-09-03 23:15:00,116.0,1,0.0,0.96,0,none,0,none
U002,2024-09-03 23:20:00,116.2,1,0.0,1.1,0,none,0,none
U002,2024-09-03 23:40:00,116.2,1,0.0,0.89,0,none,0,none
U002,2024-09-03 23:45:00,115.6,1,0.0,0.9,0,none,0,none
U002,2024-09-04 00:00:00,114.1,1,0.0,0.89,0,none,0,none
U002,2024-09-04 00:05:00,114.1,1,0.0,1.06,0,none,0,none
U002,2024-09-04 00:20:00,114.6,1,0.0,1.07,0,none,0,none
U002,2024-09-04 00:25:00,113.9,1,0.0,0.84,0,none,0,none
U002,2024-09-04 00:40:00,113.9,1,7.0,1.1,60,snack,0,none
U002,2024-09-04 00:45:00,114.4,1,0.0,1.15,0,none,0,none
U002,2024-09-04 00:50:00,114.4,1,0.0,0.86,0,none,0,none
U002,2024-09-04 00:55:00,114.3,1,0.0,0.87,0,none,0,none
U002,2024-09-04 01:00:00,114.8,1,0.0,0.91,0,none,0,none
U002,2024-09-04 01:10:00,114.3,1,0.0,0.84,0,none,0,none
U002,2024-09-04 01:25:00,113.0,1,0.0,0.84,0,none,0,none
U002,2024-09-04 01:30:00,113.6,1,0.0,1.07,0,none,0,none
U002,2024-09-04 01:45:00,114.6,1,0.0,0.99,0,none,0,none
U002,2024-09-04 01:50:00,113.9,1,0.0,1.0,0,none,0,none
U002,2024-09-04 01:55:00,115.4,1,0.0,1.0,0,none,0,none
U002,2024-09-04 02:00:00,115.3,1,0.0,0.91,0,none,0,none
U002,2024-09-04 02:05:00,116.0,1,3.2,1.12,30,dinner,0,none
U002,2024-09-04 02:10:00,116.3,1,0.0,1.11,0,none,0,none
U002,2024-09-04 02:15:00,116.8,1,0.0,1.08,0,none,0,none
U002,2024-09-04 02:20:00,116.9,1,0.0,0.96,0,none,0,none
U002,2024-09-04 02:25:00,117.4,1,0.0,1.06,0,none,0,none
U002,2024-09-04 02:30:00,116.2,1,0.0,0.86,0,none,0,none
U002,2024-09-04 02:35:00,115.8,1,0.0,1.04,0,none,0,none
U002,2024-09-04 02:40:00,116.7,1,0.0,1.1,0,none,0,none
U002,2024-09-04 02:45:00,116.7,1,0.0,1.1,0,none,0,none
U002,2024-09-04 02:55:00,117.3,1,0.0,0.85,0,none,0,none
U002,2024-09-04 03:00:00,117.9,1,0.0,1.19,0,none,0,none
U002,2024-09-04 03:05:00,118.1,1,0.0,1.03,0,none,0,none
U002,2024-09-04 03:10:00,118.3,1,0.0,1.05,0,none,0,none
U002,2024-09-04 03:20:00,119.4,1,0.0,1.03,0,none,0,none
U002,2024-09-04 03:25:00,120.4,1,0.0,0.98,0,none,0,none
U002,2024-09-04 03:30:00,120.4,1,0.0,0.97,0,none,0,none
U002,2024-09-04 03:35:00,120.9,1,0.0,0.89,0,none,0,none
U002,2024-09-04 03:40:00,120.7,1,0.0,0.93,0,none,0,none
U002,2024-09-04 03:45:00,121.1,1,0.0,1.14,0,none,0,none
U002,2024-09-04 03:55:00,120.9,1,0.0,0.83,0,none,0,none
U002,2024-09-04 04:00:00,121.1,1,9.8,0.91,90,lunch,0,none
U002,2024-09-04 04:05:00,120.3,1,0.0,1.12,0,none,0,none
U002,2024-09-04 04:10:00,120.9,1,0.0,1.0,0,none,0,none
U002,2024-09-04 04:15:00,120.6,1,0.0,1.03,0,none,0,none
U002,2024-09-04 04:20:00,121.3,1,0.0,0.82,0,none,0,none
U002,2024-09-04 04:35:00,120.2,1,0.0,1.02,0,none,0,none
U002,2024-09-04 04:40:00,120.3,1,0.0,1.15,0,none,0,none
U002,2024-09-04 04:45:00,120.4,1,0.0,0.84,0,none,0,none
U002,2024-09-04 04:50:00,120.0,1,0.0,1.13,0,none,0,none
U002,2024-09-04 04:55:00,120.0,1,0.0,1.13,0,none,0,none
U002,2024-09-04 05:00:00,120.3,1,0.0,0.94,0,none,0,none
U002,2024-09-04 05:05:00,119.6,1,0.0,1.07,0,none,0,none
U002,2024-09-04 05:20:00,119.8,1,0.0,1.16,0,none,0,none
U002,2024-09-04 05:25:00,119.8,1,0.0,1.08,0,none,0,none
U002,2024-09-04 05:30:00,119.7,1,0.0,0.84,0,none,0,none
U002,2024-09-04 05:35:00,119.6,1,0.0,0.93,0,none,0,none
U002,2024-09-04 05:40:00,119.7,1,0.0,0.94,0,none,0,none
U002,2024-09-04 05:50:00,119.8,1,0.0,0.97,0,none,0,none
U002,2024-09-04 05:55:00,119.2,1,0.0,1.14,0,none,0,none
U002,2024-09-04 06:00:00,119.1,1,0.0,0.97,0,none,0,none
U002,2024-09-04 06:05:00,120.0,1,0.0,0.94,0,none,0,none
U002,2024-09-04 06:10:00,119.9,1,0.0,0.83,0,none,0,none
U002,2024-09-04 06:15:00,121.3,1,0.0,1.2,0,none,0,none
U002,2024-09-04 06:25:00,121.5,1,0.0,1.05,0,none,0,none
U002,2024-09-04 06:30:00,121.2,1,0.0,0.84,0,none,0,none
U002,2024-09-04 06:40:00,121.1,1,0.0,1.12,0,none,0,none
U002,2024-09-04 06:45:00,120.7,1,0.0,1.07,0,none,0,none
U002,2024-09-04 06:50:00,120.5,1,0.0,1.02,0,none,0,none
U002,2024-09-04 07:05:00,121.3,1,0.0,0.95,0,none,0,none
U002,2024-09-04 07:15:00,121.2,1,0.0,0.91,0,none,0,none
U002,2024-09-04 07:20:00,121.2,1,0.0,0.84,0,none,0,none
U002,2024-09-04 07:25:00,121.4,1,0.0,0.8,0,none,0,none
U002,2024-09-04 07:30:00,120.8,1,0.0,0.98,0,none,0,none
U002,2024-09-04 07:35:00,120.2,1,0.0,1.13,0,none,0,none
U002,2024-09-04 07:40:00,119.7,1,4.1,1.11,30,breakfast,0,none
U002,2024-09-04 07:50:00,119.7,1,0.0,0.96,0,none,1551,medium
U002,2024-09-04 07:55:00,119.0,1,0.0,0.92,0,none,0,none
U002,2024-09-04 08:00:00,118.8,1,9.3,1.09,75,breakfast,0,none
U002,2024-09-04 08:20:00,119.2,1,0.0,1.0,0,none,0,none
U002,2024-09-04 08:25:00,119.5,1,0.0,0.85,0,none,0,none
U002,2024-09-04 08:35:00,120.2,1,0.0,0.97,0,none,0,none
U002,2024-09-04 08:40:00,121.5,1,0.0,0.97,0,none,0,none
U002,2024-09-04 08:45:00,121.0,1,0.0,0.81,0,none,0,none
U002,2024-09-04 08:55:00,120.7,1,0.0,0.92,0,none,0,none
U002,2024-09-04 09:00:00,121.0,1,0.0,1.07,0,none,0,none
U002,2024-09-04 09:05:00,122.1,1,0.0,0.93,0,none,0,none
U002,2024-09-04 09:10:00,121.8,1,0.0,0.9,0,none,0,none
U002,2024-09-04 09:15:00,122.0,1,0.0,0.84,0,none,0,none
U002,2024-09-04 09:20:00,121.3,1,0.0,0.91,0,none,0,none
U002,2024-09-04 09:25:00,120.2,1,0.0,0.92,0,none,2834,medium
U002,2024-09-04 10:10:00,121.4,1,0.0,1.17,0,none,0,none
U002,2024-09-04 10:15:00,120.6,1,0.0,1.17,0,none,0,none
U002,2024-09-04 10:25:00,121.2,1,0.0,0.98,0,none,0,none
U002,2024-09-04 10:45:00,121.3,1,0.0,0.98,0,none,0,none
U002,2024-09-04 11:00:00,121.2,1,0.0,0.82,0,none,0,none
U002,2024-09-04 11:05:00,120.8,1,0.0,0.9,0,none,0,none
U002,2024-09-04 11:10:00,120.6,1,0.0,0.95,0,none,0,none
U002,2024-09-04 11:15:00,120.5,1,0.0,1.17,0,none,0,none
U002,2024-09-04 11:20:00,120.2,1,0.0,1.1,0,none,0,none
U002,2024-09-04 11:35:00,120.3,1,0.0,1.02,0,none,0,none
U002,2024-09-04 11:40:00,119.9,1,6.9,1.01,60,snack,0,none
U002,2024-09-04 11:45:00,120.0,1,0.0,0.81,0,none,0,none
U002,2024-09-04 11:50:00,120.8,1,0.0,1.05,0,none,0,none
U002,2024-09-04 11:55:00,120.4,1,8.0,1.04,75,lunch,0,none
U002,2024-09-04 12:00:00,121.0,1,0.0,0.94,0,none,0,none
U002,2024-09-04 12:05:00,121.2,1,0.0,0.94,0,none,0,none
U002,2024-09-04 12:15:00,121.3,1,0.0,1.12,0,none,0,none
U002,2024-09-04 12:20:00,121.0,1,0.0,1.18,0,none,0,none
U002,2024-09-04 12:35:00,121.1,1,0.0,1.02,0,none,0,none
U002,2024-09-04 12:40:00,122.0,1,0.0,1.0,0,none,0,none
U002,2024-09-04 12:50:00,122.7,1,0.0,0.98,0,none,0,none
U002,2024-09-04 12:55:00,123.2,1,0.0,1.19,0,none,0,none
U002,2024-09-04 13:00:00,122.8,1,0.0,1.05,0,none,0,none
U002,2024-09-04 13:05:00,122.5,1,0.0,0.87,0,none,0,none
U002,2024-09-04 13:10:00,122.3,1,0.0,1.15,0,none,0,none
U002,2024-09-04 13:20:00,122.7,1,0.0,1.16,0,none,0,none
U002,2024-09-04 13:25:00,122.3,1,0.0,1.17,0,none,0,none
U002,2024-09-04 13:30:00,122.9,1,0.0,0.99,0,none,0,none
U002,2024-09-04 13:40:00,123.5,1,0.0,1.09,0,none,0,none
U002,2024-09-04 13:50:00,123.9,1,0.0,0.8,0,none,0,none
U002,2024-09-04 13:55:00,123.2,1,0.0,1.14,0,none,0,none
U002,2024-09-04 14:00:00,124.7,1,0.0,1.15,0,none,0,none
U002,2024-09-04 14:10:00,124.0,1,0.0,0.9,0,none,0,none
U002,2024-09-04 14:15:00,124.4,1,0.0,0.96,0,none,0,none
U002,2024-09-04 14:20:00,124.8,1,0.0,0.94,0,none,0,none
U002,2024-09-04 14:30:00,124.5,1,0.0,0.91,0,none,0,none
U002,2024-09-04 14:35:00,125.2,1,0.0,0.86,0,none,0,none
U002,2024-09-04 14:40:00,125.3,1,0.0,0.82,0,none,0,none
U002,2024-09-04 14:50:00,125.6,1,0.0,0.9,0,none,0,none
U002,2024-09-04 14:55:00,125.2,1,0.0,0.82,0,none,0,none
U002,2024-09-04 15:00:00,124.6,1,0.0,1.0,0,none,0,none
U002,2024-09-04 15:10:00,123.8,1,0.0,1.13,0,none,0,none
U002,2024-09-04 15:15:00,123.4,1,0.0,0.8,0,none,0,none
U002,2024-09-04 15:30:00,123.2,1,0.0,1.01,0,none,0,none
U002,2024-09-04 15:35:00,122.8,1,0.0,0.89,0,none,0,none
U002,2024-09-04 15:40:00,122.2,1,0.0,1.2,0,none,0,none
U002,2024-09-04 15:55:00,123.3,1,0.0,1.11,0,none,0,none
U002,2024-09-04 16:20:00,125.9,1,0.0,1.2,0,none,0,none
U002,2024-09-04 16:25:00,126.4,1,0.0,1.07,0,none,0,none
U002,2024-09-04 16:30:00,125.4,1,0.0,1.11,0,none,0,none
U002,2024-09-04 16:45:00,125.2,1,4.4,1.12,45,dinner,0,none
U002,2024-09-04 16:50:00,125.5,1,0.0,0.8,0,none,0,none
U002,2024-09-04 17:10:00,124.9,1,0.0,1.0,0,none,0,none
U002,2024-09-04 17:25:00,126.5,1,0.0,1.1,0,none,0,none
U002,2024-09-04 17:30:00,126.0,1,0.0,0.81,0,none,0,none
U002,2024-09-04 17:40:00,124.6,1,0.0,1.11,0,none,0,none
U002,2024-09-04 17:50:00,125.5,1,0.0,0.8,0,none,0,none
U002,2024-09-04 17:55:00,126.4,1,0.0,1.06,0,none,0,none
U002,2024-09-04 18:00:00,127.2,1,0.0,1.07,0,none,0,none
U002,2024-09-04 18:10:00,127.4,1,0.0,1.06,0,none,0,none
U002,2024-09-04 18:15:00,128.0,1,0.0,1.15,0,none,0,none
U002,2024-09-04 18:20:00,128.7,1,0.0,1.05,0,none,0,none
U002,2024-09-04 18:25:00,127.5,1,0.0,1.19,0,none,0,none
U002,2024-09-04 18:35:00,127.6,1,0.0,1.04,0,none,0,none
U002,2024-09-04 18:40:00,128.1,1,0.0,0.9,0,none,0,none
U002,2024-09-04 18:45:00,128.5,1,0.0,0.88,0,none,0,none
U002,2024-09-04 19:00:00,128.9,1,0.0,0.9,0,none,0,none
U002,2024-09-04 19:15:00,128.2,1,0.0,1.07,0,none,0,none
U002,2024-09-04 19:20:00,128.5,1,0.0,1.0,0,none,0,none
U002,2024-09-04 19:35:00,128.9,1,0.0,0.93,0,none,0,none
U002,2024-09-04 19:40:00,129.2,1,0.0,1.02,0,none,0,none
U002,2024-09-04 19:45:00,128.8,1,0.0,0.95,0,none,0,none
U002,2024-09-04 20:05:00,129.3,1,0.0,0.93,0,none,0,none
U002,2024-09-04 20:10:00,128.4,1,0.0,1.17,0,none,0,none
U002,2024-09-04 20:15:00,128.3,1,0.0,0.97,0,none,0,none
U002,2024-09-04 20:25:00,128.1,1,6.5,0.88,60,breakfast,0,none
U002,2024-09-04 20:35:00,127.4,1,0.0,0.84,0,none,0,none
U002,2024-09-04 20:40:00,128.1,1,2.4,0.89,30,dinner,0,none
U002,2024-09-04 20:45:00,128.8,1,0.0,1.05,0,none,0,none
U002,2024-09-04 21:00:00,127.6,1,0.0,1.18,0,none,0,none
U002,2024-09-04 21:05:00,127.5,1,0.0,1.03,0,none,0,none
U002,2024-09-04 21:10:00,128.0,1,0.0,1.19,0,none,0,none
U002,2024-09-04 21:15:00,127.7,1,0.0,1.16,0,none,0,none
U002,2024-09-04 21:20:00,127.5,1,0.0,0.97,0,none,0,none
U002,2024-09-04 21:25:00,127.3,1,0.0,0.92,0,none,0,none
U002,2024-09-04 21:40:00,127.6,1,0.0,1.03,0,none,0,none
U002,2024-09-04 21:45:00,127.3,1,0.0,0.96,0,none,0,none
U002,2024-09-04 21:50:00,127.3,1,0.0,1.02,0,none,0,none
U002,2024-09-04 22:05:00,127.5,1,0.0,0.88,0,none,0,none
U002,2024-09-04 22:10:00,125.9,1,0.0,0.81,0,none,1946,low
U002,2024-09-04 22:15:00,126.0,1,0.0,0.86,0,none,0,none
U002,2024-09-04 22:20:00,126.5,1,0.0,1.08,0,none,0,none
U002,2024-09-04 22:25:00,126.8,1,0.0,1.13,0,none,0,none
U002,2024-09-04 22:30:00,127.5,1,0.0,1.14,0,none,0,none
U002,2024-09-04 22:35:00,127.4,1,0.0,1.07,0,none,0,none
U002,2024-09-04 22:45:00,128.4,1,0.0,1.06,0,none,0,none
U002,2024-09-04 22:50:00,128.8,1,0.0,1.0,0,none,0,none
U002,2024-09-04 23:05:00,127.9,1,0.0,1.03,0,none,0,none
U002,2024-09-04 23:20:00,128.6,1,3.5,0.99,30,breakfast,0,none
U002,2024-09-04 23:40:00,128.7,1,0.0,1.16,0,none,0,none
U002,2024-09-04 23:50:00,129.3,1,0.0,1.1,0,none,0,none
U002,2024-09-04 23:55:00,129.4,1,0.0,0.84,0,none,0,none
U002,2024-09-05 00:00:00,129.2,1,0.0,0.92,0,none,0,none
U002,2024-09-05 00:15:00,130.9,1,0.0,1.1,0,none,0,none
U002,2024-09-05 00:25:00,132.8,1,0.0,1.12,0,none,0,none
U002,2024-09-05 00:35:00,134.3,1,0.0,1.04,0,none,0,none
U002,2024-09-05 00:40:00,134.7,0,0.0,0.9,0,none,0,none
U002,2024-09-05 00:45:00,134.7,1,0.0,0.92,0,none,0,none
U002,2024-09-05 00:50:00,135.3,1,0.0,0.92,0,none,0,none
U002,2024-09-05 00:55:00,135.4,1,0.0,1.09,0,none,0,none
U002,2024-09-05 01:00:00,133.9,1,0.0,1.13,0,none,3450,medium
U002,2024-09-05 01:10:00,135.2,1,0.0,1.17,0,none,0,none
U002,2024-09-05 01:15:00,135.1,1,0.0,1.06,0,none,0,none
U002,2024-09-05 01:25:00,135.1,1,0.0,1.19,0,none,0,none
U002,2024-09-05 01:30:00,136.0,1,0.0,0.91,0,none,0,none
U002,2024-09-05 01:40:00,135.5,1,0.0,1.12,0,none,0,none
U002,2024-09-05 01:45:00,135.3,1,0.0,0.83,0,none,0,none
U002,2024-09-05 02:10:00,136.4,1,0.0,1.01,0,none,0,none
U002,2024-09-05 02:15:00,134.3,1,0.0,0.93,0,none,2722,low
U002,2024-09-05 02:20:00,133.2,1,0.0,1.16,0,none,0,none
U002,2024-09-05 02:30:00,132.7,1,0.0,0.97,0,none,0,none
U002,2024-09-05 02:50:00,132.6,1,0.0,0.94,0,none,0,none
U002,2024-09-05 03:00:00,130.2,0,0.0,0.85,0,none,0,none
U002,2024-09-05 03:10:00,130.4,1,0.0,0.9,0,none,0,none
U002,2024-09-05 03:25:00,129.9,1,0.0,0.97,0,none,0,none
U002,2024-09-05 03:30:00,129.2,1,0.0,1.15,0,none,0,none
U002,2024-09-05 03:40:00,130.4,1,0.0,1.09,0,none,0,none
U002,2024-09-05 03:55:00,130.0,1,0.0,1.18,0,none,0,none
U002,2024-09-05 04:05:00,130.5,1,0.0,0.87,0,none,0,none
U002,2024-09-05 04:15:00,132.0,1,4.3,0.85,45,breakfast,0,none
U002,2024-09-05 04:25:00,132.8,1,0.0,1.02,0,none,0,none
U002,2024-09-05 04:35:00,132.8,1,0.0,0.85,0,none,0,none
U002,2024-09-05 04:40:00,133.1,1,0.0,0.97,0,none,0,none
U002,2024-09-05 04:55:00,134.0,1,0.0,1.09,0,none,0,none
U002,2024-09-05 05:00:00,134.4,1,0.0,0.81,0,none,0,none
U002,2024-09-05 05:10:00,134.1,1,0.0,1.03,0,none,0,none
U002,2024-09-05 05:15:00,134.1,1,4.5,0.96,45,lunch,0,none
U002,2024-09-05 05:20:00,134.3,1,0.0,0.9,0,none,0,none
U002,2024-09-05 05:35:00,133.2,1,0.0,1.14,0,none,0,none
U002,2024-09-05 05:45:00,131.5,1,0.0,1.09,0,none,0,none
U002,2024-09-05 05:50:00,130.9,1,0.0,1.11,0,none,0,none
U002,2024-09-05 05:55:00,131.0,1,0.0,0.8,0,none,0,none
U002,2024-09-05 06:05:00,132.1,1,0.0,0.94,30,snack,0,none
U002,2024-09-05 06:10:00,132.2,1,0.0,0.81,0,none,0,none
U002,2024-09-05 06:15:00,132.1,1,0.0,0.82,0,none,0,none
U002,2024-09-05 06:20:00,133.2,1,5.9,0.99,60,snack,0,none
U002,2024-09-05 06:30:00,133.3,1,0.0,0.85,0,none,0,none
U002,2024-09-05 06:35:00,133.1,1,0.0,1.02,0,none,0,none
U002,2024-09-05 06:45:00,132.9,1,0.0,1.14,0,none,0,none
U002,2024-09-05 07:20:00,130.9,1,0.0,0.97,0,none,0,none
U002,2024-09-05 07:40:00,129.5,1,0.0,1.2,0,none,955,medium
U002,2024-09-05 07:50:00,130.7,1,0.0,0.97,0,none,0,none
U002,2024-09-05 07:55:00,130.3,1,0.0,1.15,0,none,0,none
U002,2024-09-05 08:00:00,130.4,1,0.0,0.91,0,none,0,none
U002,2024-09-05 08:05:00,130.6,1,0.0,0.86,0,none,0,none
U002,2024-09-05 08:15:00,130.2,1,0.0,0.91,0,none,0,none
U002,2024-09-05 08:25:00,128.1,1,0.0,1.13,0,none,0,none
U002,2024-09-05 08:30:00,128.5,1,0.0,1.06,0,none,0,none
U002,2024-09-05 08:40:00,128.4,1,0.0,1.0,0,none,0,none
U002,2024-09-05 08:50:00,128.3,1,9.1,1.0,75,snack,0,none
U002,2024-09-05 09:00:00,128.0,1,0.0,0.87,0,none,0,none
U002,2024-09-05 09:05:00,127.9,1,0.0,0.91,0,none,0,none
U002,2024-09-05 09:10:00,128.2,1,0.0,1.0,0,none,0,none
U002,2024-09-05 09:15:00,129.3,1,0.0,0.83,0,none,0,none
U002,2024-09-05 09:20:00,129.4,1,0.0,0.85,0,none,0,none
U002,2024-09-05 09:25:00,129.7,1,0.0,0.83,0,none,0,none
U002,2024-09-05 09:35:00,130.5,1,0.0,1.0,0,none,0,none
U002,2024-09-05 09:45:00,131.9,1,0.0,1.15,0,none,0,none
U002,2024-09-05 09:50:00,132.5,1,0.0,0.95,0,none,0,none
U002,2024-09-05 09:55:00,132.6,1,0.0,1.16,0,none,0,none
U002,2024-09-05 10:05:00,132.1,1,0.0,0.98,0,none,0,none
U002,2024-09-05 10:10:00,131.9,1,0.0,0.81,0,none,0,none
U002,2024-09-05 10:15:00,131.9,1,0.0,0.83,0,none,0,none
U002,2024-09-05 10:30:00,131.0,1,0.0,0.88,0,none,0,none
U002,2024-09-05 10:35:00,131.5,1,0.0,0.95,0,none,0,none
U002,2024-09-05 10:40:00,131.2,1,0.0,1.07,0,none,0,none
U002,2024-09-05 10:50:00,130.1,1,0.0,0.85,0,none,0,none
U002,2024-09-05 10:55:00,129.9,1,0.0,0.86,0,none,0,none
U002,2024-09-05 11:00:00,129.7,1,0.0,0.92,0,none,0,none
U002,2024-09-05 11:10:00,130.7,1,0.0,0.99,0,none,0,none
U002,2024-09-05 11:15:00,130.8,1,0.0,1.03,0,none,0,none
U002,2024-09-05 11:20:00,131.3,1,9.2,0.91,75,snack,0,none
U002,2024-09-05 11:40:00,131.9,1,0.0,0.9,0,none,0,none
U002,2024-09-05 12:00:00,132.2,1,0.0,0.83,0,none,0,none
U002,2024-09-05 12:05:00,132.1,1,0.0,1.15,0,none,0,none
U002,2024-09-05 12:25:00,131.9,1,0.0,1.06,0,none,0,none
U002,2024-09-05 12:35:00,131.2,1,0.0,1.16,0,none,0,none
U002,2024-09-05 12:40:00,130.8,1,0.0,1.05,0,none,0,none
U002,2024-09-05 12:45:00,130.8,1,0.0,0.93,0,none,0,none
U002,2024-09-05 12:50:00,130.3,1,0.0,1.11,0,none,0,none
U002,2024-09-05 13:00:00,129.6,1,0.0,0.86,0,none,0,none
U002,2024-09-05 13:05:00,129.5,1,0.0,0.82,0,none,0,none
U002,2024-09-05 13:10:00,128.6,1,0.0,1.06,0,none,0,none
U002,2024-09-05 13:15:00,128.9,1,0.0,0.84,0,none,0,none
U002,2024-09-05 13:20:00,128.3,1,0.0,1.0,0,none,0,none
U002,2024-09-05 13:25:00,128.2,1,0.0,0.84,0,none,0,none
U002,2024-09-05 13:30:00,128.2,1,0.0,0.94,0,none,0,none
U002,2024-09-05 13:40:00,130.0,1,0.0,0.95,0,none,0,none
U002,2024-09-05 13:50:00,130.9,1,0.0,0.98,0,none,0,none
U002,2024-09-05 13:55:00,130.3,1,0.0,1.15,0,none,0,none
U002,2024-09-05 14:05:00,130.0,1,0.0,1.08,0,none,0,none
U002,2024-09-05 14:20:00,131.1,1,0.0,1.15,0,none,0,none
U002,2024-09-05 14:25:00,131.5,1,9.1,0.93,75,snack,0,none
U002,2024-09-05 14:30:00,131.4,1,5.6,0.97,45,breakfast,0,none
U002,2024-09-05 14:40:00,132.1,1,0.0,1.18,0,none,0,none
U002,2024-09-05 14:45:00,132.8,1,0.0,1.09,0,none,0,none
U002,2024-09-05 14:50:00,132.9,1,0.0,1.01,0,none,0,none
U002,2024-09-05 14:55:00,132.8,1,0.0,0.98,0,none,0,none
U002,2024-09-05 15:00:00,132.7,1,0.0,0.97,0,none,0,none
U002,2024-09-05 15:20:00,134.5,1,0.0,1.05,0,none,0,none
U002,2024-09-05 15:25:00,134.5,1,0.0,1.02,0,none,0,none
U002,2024-09-05 15:35:00,135.1,1,0.0,0.95,0,none,0,none
U002,2024-09-05 15:45:00,135.1,1,0.0,1.18,0,none,0,none
U002,2024-09-05 15:55:00,136.1,1,0.0,0.82,0,none,0,none
U002,2024-09-05 16:10:00,136.8,1,0.0,1.07,0,none,0,none
U002,2024-09-05 16:15:00,136.5,1,0.0,0.89,0,none,0,none
U002,2024-09-05 16:20:00,136.6,1,0.0,0.99,0,none,0,none
U002,2024-09-05 16:25:00,136.6,1,0.0,1.13,0,none,0,none
U002,2024-09-05 16:30:00,136.2,1,0.0,0.86,0,none,0,none
U002,2024-09-05 16:40:00,136.6,1,0.0,1.0,0,none,0,none
U002,2024-09-05 16:45:00,136.7,1,0.0,1.04,0,none,0,none
U002,2024-09-05 16:55:00,136.9,1,0.0,0.85,0,none,0,none
U002,2024-09-05 17:00:00,136.6,1,0.0,0.99,0,none,0,none
U002,2024-09-05 17:05:00,137.1,1,0.0,0.96,0,none,0,none
U002,2024-09-05 17:10:00,137.2,1,0.0,1.01,0,none,0,none
U002,2024-09-05 17:25:00,138.2,1,0.0,1.04,0,none,0,none
U002,2024-09-05 17:40:00,139.5,1,0.0,0.91,0,none,0,none
U002,2024-09-05 17:45:00,139.2,1,0.0,1.0,0,none,0,none
U002,2024-09-05 17:50:00,138.7,1,0.0,0.97,0,none,0,none
U002,2024-09-05 17:55:00,138.9,0,0.0,0.97,0,none,0,none
U002,2024-09-05 18:00:00,139.5,1,0.0,0.9,0,none,0,none
U002,2024-09-05 18:05:00,139.2,1,0.0,1.12,0,none,0,none
U002,2024-09-05 18:15:00,138.8,1,0.0,1.03,0,none,0,none
U002,2024-09-05 18:25:00,138.2,1,0.0,0.95,0,none,0,none
U002,2024-09-05 18:30:00,137.9,1,0.0,1.1,0,none,0,none
U002,2024-09-05 18:35:00,137.1,1,0.0,0.99,0,none,0,none
U002,2024-09-05 18:40:00,136.2,1,0.0,1.11,0,none,0,none
U002,2024-09-05 18:45:00,136.6,1,0.0,1.13,0,none,0,none
U002,2024-09-05 18:50:00,136.0,1,0.0,0.91,0,none,0,none
U002,2024-09-05 18:55:00,135.9,1,0.0,0.82,0,none,0,none
U002,2024-09-05 19:00:00,136.0,1,0.0,0.99,0,none,0,none
U002,2024-09-05 19:05:00,136.1,1,0.0,0.93,0,none,0,none
U002,2024-09-05 19:10:00,136.1,1,0.0,0.92,0,none,0,none
U002,2024-09-05 19:20:00,135.6,1,0.0,1.11,0,none,0,none
U002,2024-09-05 19:25:00,134.8,1,0.0,1.08,0,none,0,none
U002,2024-09-05 19:50:00,134.9,1,0.0,0.84,0,none,0,none
U002,2024-09-05 19:55:00,134.3,1,0.0,1.17,0,none,0,none
U002,2024-09-05 20:00:00,135.1,1,0.0,0.83,0,none,0,none
U002,2024-09-05 20:05:00,135.8,1,0.0,1.14,0,none,0,none
U002,2024-09-05 20:30:00,134.7,1,0.0,0.92,0,none,0,none
U002,2024-09-05 20:40:00,132.7,1,0.0,1.08,0,none,0,none
U002,2024-09-05 20:45:00,133.0,1,0.0,1.05,0,none,0,none
U002,2024-09-05 20:50:00,133.1,1,0.0,0.93,0,none,0,none
U002,2024-09-05 20:55:00,133.3,1,0.0,0.99,0,none,0,none
U002,2024-09-05 21:00:00,132.6,1,0.0,1.02,0,none,0,none
U002,2024-09-05 21:05:00,133.0,1,0.0,1.0,0,none,0,none
U002,2024-09-05 21:10:00,131.7,1,9.6,0.88,90,snack,0,none
U002,2024-09-05 21:15:00,131.1,1,0.0,1.03,0,none,0,none
U002,2024-09-05 21:35:00,130.5,1,0.0,0.96,0,none,0,none
U002,2024-09-05 21:45:00,131.7,1,8.6,1.06,75,lunch,0,none
U002,2024-09-05 21:55:00,131.4,1,0.0,0.86,0,none,0,none
U002,2024-09-05 22:00:00,132.0,1,0.0,1.1,0,none,0,none
U002,2024-09-05 22:10:00,131.8,1,0.0,1.14,0,none,0,none
U002,2024-09-05 22:15:00,132.5,1,0.0,1.13,0,none,0,none
U002,2024-09-05 22:20:00,133.3,1,0.0,0.9,0,none,0,none
U002,2024-09-05 22:25:00,133.3,1,0.0,1.01,0,none,0,none
U002,2024-09-05 22:30:00,133.5,1,0.0,0.83,0,none,0,none
U002,2024-09-05 22:35:00,132.8,1,0.0,0.83,0,none,0,none
U002,2024-09-05 22:40:00,133.4,1,0.0,1.11,0,none,0,none
U002,2024-09-05 22:50:00,133.0,1,6.4,1.08,60,dinner,0,none
U002,2024-09-05 23:10:00,133.2,1,0.0,0.9,0,none,0,none
U002,2024-09-05 23:15:00,133.5,1,0.0,1.03,0,none,0,none
U002,2024-09-05 23:20:00,134.5,1,0.0,1.12,0,none,0,none
U002,2024-09-05 23:30:00,136.0,1,0.0,0.98,0,none,0,none
U002,2024-09-05 23:35:00,135.9,1,0.0,0.96,0,none,0,none
U002,2024-09-05 23:45:00,136.6,1,0.0,1.0,0,none,0,none
U002,2024-09-05 23:55:00,137.0,1,0.0,0.85,0,none,0,none
U002,2024-09-06 00:00:00,136.4,1,0.0,1.08,0,none,0,none
U002,2024-09-06 00:10:00,135.8,1,0.0,0.98,0,none,0,none
U002,2024-09-06 00:40:00,135.8,1,0.0,0.83,0,none,0,none
U002,2024-09-06 00:50:00,136.1,1,0.0,0.86,0,none,0,none
U002,2024-09-06 00:55:00,136.7,1,0.0,0.93,0,none,0,none
U002,2024-09-06 01:05:00,133.4,1,0.0,1.05,0,none,4163,high
U002,2024-09-06 01:10:00,133.6,1,0.0,0.99,0,none,0,none
U002,2024-09-06 01:15:00,133.5,1,0.0,0.9,0,none,0,none
U002,2024-09-06 01:20:00,134.5,1,0.0,1.04,0,none,0,none
U002,2024-09-06 01:25:00,134.6,1,0.0,0.81,0,none,0,none
U002,2024-09-06 01:30:00,134.1,1,0.0,1.09,0,none,0,none
U002,2024-09-06 01:35:00,134.5,1,0.0,1.13,0,none,0,none
U002,2024-09-06 01:45:00,134.6,1,0.0,0.9,0,none,0,none
U002,2024-09-06 01:50:00,135.1,1,0.0,0.89,0,none,0,none
U002,2024-09-06 01:55:00,134.5,1,0.0,0.84,0,none,0,none
U002,2024-09-06 02:00:00,134.2,1,0.0,1.1,0,none,0,none
U002,2024-09-06 02:05:00,134.4,1,0.0,0.84,0,none,0,none
U002,2024-09-06 02:10:00,135.1,1,0.0,1.01,0,none,0,none
U002,2024-09-06 02:15:00,134.8,1,0.0,0.9,0,none,0,none
U002,2024-09-06 02:20:00,134.8,1,0.0,0.85,0,none,0,none
U002,2024-09-06 02:30:00,134.8,1,0.0,1.09,0,none,0,none
U002,2024-09-06 02:35:00,135.0,1,0.0,1.11,0,none,0,none
U002,2024-09-06 02:40:00,134.5,1,0.0,0.99,0,none,0,none
U002,2024-09-06 02:45:00,134.3,1,0.0,0.9,0,none,0,none
U002,2024-09-06 02:50:00,135.8,1,0.0,0.91,0,none,0,none
U002,2024-09-06 02:55:00,135.6,1,0.0,0.93,0,none,0,none
U002,2024-09-06 03:00:00,136.3,1,0.0,1.02,0,none,0,none
U002,2024-09-06 03:10:00,135.7,1,0.0,0.87,0,none,0,none
U002,2024-09-06 03:15:00,135.1,1,0.0,0.9,0,none,0,none
U002,2024-09-06 03:40:00,134.7,1,0.0,0.81,0,none,0,none
U002,2024-09-06 03:45:00,135.5,1,0.0,1.07,0,none,0,none
U002,2024-09-06 03:50:00,135.4,1,0.0,1.09,0,none,0,none
U002,2024-09-06 04:00:00,135.7,1,0.0,0.97,0,none,0,none
U002,2024-09-06 04:05:00,136.0,1,0.0,1.14,0,none,0,none
U002,2024-09-06 04:10:00,135.5,1,0.0,0.82,0,none,0,none
U002,2024-09-06 04:15:00,135.7,1,0.0,1.07,0,none,0,none
U002,2024-09-06 04:25:00,136.0,1,0.0,1.14,0,none,0,none
U002,2024-09-06 04:35:00,136.3,1,0.0,0.98,0,none,0,none
U002,2024-09-06 04:40:00,136.4,1,0.0,0.92,0,none,0,none
U002,2024-09-06 04:45:00,136.9,1,0.0,0.97,0,none,0,none
U002,2024-09-06 04:55:00,138.3,1,0.0,0.89,0,none,0,none
U002,2024-09-06 05:00:00,138.3,1,0.0,0.94,0,none,0,none
U002,2024-09-06 05:05:00,138.0,1,0.0,0.92,0,none,0,none
U002,2024-09-06 05:10:00,137.7,1,0.0,0.85,0,none,0,none
U002,2024-09-06 05:15:00,138.2,1,0.0,0.88,0,none,0,none
U002,2024-09-06 05:20:00,136.8,1,0.0,1.0,0,none,4591,low
U002,2024-09-06 05:35:00,136.8,1,0.0,0.89,0,none,0,none
U002,2024-09-06 05:40:00,137.2,1,0.0,1.13,0,none,0,none
U002,2024-09-06 05:55:00,137.3,1,0.0,0.96,0,none,0,none
U002,2024-09-06 06:00:00,137.3,1,10.5,1.04,90,lunch,0,none
U002,2024-09-06 06:10:00,136.8,1,0.0,0.89,0,none,0,none
U002,2024-09-06 06:20:00,137.4,1,0.0,1.06,0,none,0,none
U002,2024-09-06 06:40:00,138.7,1,0.0,0.83,0,none,0,none
U002,2024-09-06 06:45:00,138.6,1,0.0,1.05,0,none,0,none
U002,2024-09-06 06:55:00,137.8,1,0.0,1.1,0,none,0,none
U002,2024-09-06 07:00:00,138.0,1,0.0,1.08,0,none,0,none
U002,2024-09-06 07:05:00,138.7,1,0.0,0.9,0,none,0,none
U002,2024-09-06 07:15:00,138.9,1,0.0,0.91,0,none,0,none
U002,2024-09-06 07:20:00,138.6,1,0.0,1.19,0,none,0,none
U002,2024-09-06 07:35:00,138.2,1,0.0,0.8,0,none,0,none
U002,2024-09-06 07:40:00,138.1,0,0.0,0.91,0,none,0,none
U002,2024-09-06 07:45:00,139.0,1,0.0,1.12,0,none,0,none
U002,2024-09-06 08:05:00,138.4,1,0.0,0.9,0,none,0,none
U002,2024-09-06 08:10:00,138.1,1,0.0,1.14,0,none,0,none
U002,2024-09-06 08:20:00,137.4,1,0.0,1.17,0,none,0,none
U002,2024-09-06 08:30:00,138.5,1,0.0,0.92,0,none,0,none
U002,2024-09-06 08:35:00,139.1,1,0.0,0.95,0,none,0,none
U002,2024-09-06 08:50:00,139.0,1,5.8,1.18,45,dinner,0,none
U002,2024-09-06 08:55:00,140.2,1,0.0,0.93,0,none,0,none
U002,2024-09-06 09:00:00,141.2,1,0.0,1.09,0,none,0,none
U002,2024-09-06 09:05:00,141.3,1,0.0,1.12,0,none,0,none
U002,2024-09-06 09:10:00,141.4,1,0.0,0.92,0,none,0,none
U002,2024-09-06 09:15:00,141.0,1,0.0,0.84,0,none,0,none
U002,2024-09-06 09:20:00,141.0,1,0.0,1.04,0,none,0,none
U002,2024-09-06 09:25:00,141.1,1,0.0,1.09,0,none,0,none
U002,2024-09-06 09:30:00,141.3,1,0.0,1.04,0,none,0,none
U002,2024-09-06 09:35:00,140.0,1,0.0,0.81,0,none,0,none
U002,2024-09-06 09:40:00,139.6,1,0.0,0.97,0,none,3571,low
U002,2024-09-06 09:45:00,140.4,1,0.0,1.11,0,none,0,none
U002,2024-09-06 09:55:00,141.9,1,0.0,1.13,0,none,0,none
U002,2024-09-06 10:30:00,141.4,1,0.0,1.02,0,none,0,none
U002,2024-09-06 10:35:00,141.6,1,0.0,0.97,0,none,0,none
U002,2024-09-06 10:50:00,142.7,1,0.0,1.06,0,none,0,none
U002,2024-09-06 11:10:00,142.7,1,0.0,1.02,0,none,0,none
U002,2024-09-06 11:15:00,143.3,1,0.0,1.2,0,none,0,none
U002,2024-09-06 11:20:00,143.4,1,0.0,1.01,0,none,0,none
U002,2024-09-06 11:35:00,144.5,1,0.0,1.05,0,none,0,none
U002,2024-09-06 11:40:00,143.8,1,0.0,1.08,0,none,0,none
U002,2024-09-06 11:45:00,143.5,1,0.0,1.12,0,none,0,none
U002,2024-09-06 11:50:00,144.0,1,0.0,1.12,0,none,0,none
U002,2024-09-06 11:55:00,143.8,1,0.0,1.04,0,none,0,none
U002,2024-09-06 12:00:00,143.9,1,0.0,0.95,0,none,0,none
U002,2024-09-06 12:10:00,144.5,1,0.0,0.97,0,none,0,none
U002,2024-09-06 12:15:00,145.8,1,0.0,0.82,0,none,0,none
U002,2024-09-06 12:25:00,145.5,1,0.0,1.09,0,none,0,none
U002,2024-09-06 12:40:00,143.6,1,0.0,0.95,0,none,0,none
U002,2024-09-06 12:45:00,144.0,1,0.0,1.14,0,none,0,none
U002,2024-09-06 12:55:00,143.9,1,0.0,0.84,0,none,0,none
U002,2024-09-06 13:00:00,144.3,1,0.0,1.16,0,none,0,none
U002,2024-09-06 13:05:00,144.5,1,0.0,1.18,0,none,0,none
U002,2024-09-06 13:35:00,145.4,1,0.0,1.18,0,none,0,none
U002,2024-09-06 13:45:00,146.0,1,0.0,1.05,0,none,0,none
U002,2024-09-06 13:50:00,146.9,1,0.0,1.12,0,none,0,none
U002,2024-09-06 14:00:00,146.7,1,0.0,0.92,0,none,0,none
U002,2024-09-06 14:05:00,147.1,1,0.0,1.08,0,none,0,none
U002,2024-09-06 14:25:00,146.8,1,0.0,0.95,0,none,0,none
U002,2024-09-06 14:30:00,146.6,1,0.0,0.82,0,none,0,none
U002,2024-09-06 14:40:00,146.4,1,0.0,0.86,0,none,0,none
U002,2024-09-06 14:45:00,145.9,1,0.0,0.84,0,none,0,none
U002,2024-09-06 14:50:00,146.0,1,0.0,1.01,0,none,0,none
U002,2024-09-06 14:55:00,146.2,1,0.0,1.04,0,none,0,none
U002,2024-09-06 15:00:00,146.4,1,0.0,0.94,0,none,0,none
U002,2024-09-06 15:05:00,146.3,1,0.0,1.18,0,none,1890,low
U002,2024-09-06 15:20:00,147.9,1,9.0,0.86,75,lunch,0,none
U002,2024-09-06 15:30:00,148.4,1,0.0,1.04,0,none,0,none
U002,2024-09-06 15:35:00,148.0,1,0.0,1.05,0,none,0,none
U002,2024-09-06 15:40:00,147.9,1,0.0,0.99,0,none,710,low
U002,2024-09-06 15:45:00,147.5,1,0.0,0.89,0,none,0,none
U002,2024-09-06 15:50:00,148.1,1,0.0,1.04,0,none,0,none
U002,2024-09-06 15:55:00,149.6,1,0.0,0.8,0,none,0,none
U002,2024-09-06 16:00:00,150.2,1,0.0,0.83,0,none,0,none
U002,2024-09-06 16:05:00,150.8,1,0.0,1.16,0,none,0,none
U002,2024-09-06 16:20:00,150.5,1,0.0,1.05,0,none,0,none
U002,2024-09-06 16:25:00,149.9,1,0.0,1.06,0,none,0,none
U002,2024-09-06 16:30:00,147.1,1,0.0,0.86,0,none,4635,high
U002,2024-09-06 16:50:00,149.4,1,0.0,0.93,0,none,0,none
U002,2024-09-06 16:55:00,150.2,1,0.0,1.19,0,none,0,none
U002,2024-09-06 17:10:00,150.4,1,0.0,0.84,0,none,0,none
U002,2024-09-06 17:15:00,149.9,1,0.0,0.91,0,none,0,none
U002,2024-09-06 17:20:00,150.3,1,0.0,1.03,0,none,0,none
U002,2024-09-06 17:25:00,150.6,1,0.0,1.03,0,none,0,none
U002,2024-09-06 17:30:00,150.2,1,0.0,1.08,0,none,0,none
U002,2024-09-06 17:35:00,149.6,1,0.0,1.09,0,none,0,none
U002,2024-09-06 17:45:00,151.1,1,0.0,0.88,0,none,0,none
U002,2024-09-06 17:50:00,150.9,1,0.0,1.16,0,none,0,none
U002,2024-09-06 17:55:00,150.8,1,0.0,1.0,0,none,0,none
U002,2024-09-06 18:00:00,151.4,1,0.0,0.92,0,none,0,none
U002,2024-09-06 18:05:00,150.5,1,0.0,1.18,0,none,0,none
U002,2024-09-06 18:10:00,150.2,1,0.0,0.95,0,none,0,none
U002,2024-09-06 18:20:00,150.2,1,0.0,0.99,0,none,0,none
U002,2024-09-06 18:30:00,148.8,1,0.0,0.95,0,none,0,none
U002,2024-09-06 18:40:00,147.7,1,0.0,0.92,0,none,0,none
U002,2024-09-06 18:45:00,148.5,1,0.0,0.95,0,none,0,none
U002,2024-09-06 19:00:00,149.1,1,0.0,0.94,0,none,0,none
U002,2024-09-06 19:15:00,151.6,1,0.0,0.84,0,none,0,none
U002,2024-09-06 19:20:00,152.6,1,0.0,1.11,0,none,0,none
U002,2024-09-06 19:25:00,153.1,1,0.0,0.83,0,none,0,none
U002,2024-09-06 19:45:00,151.8,1,0.0,1.15,0,none,0,none
U002,2024-09-06 19:55:00,152.2,1,0.0,1.0,0,none,0,none
U002,2024-09-06 20:00:00,151.2,1,0.0,0.82,0,none,0,none
U002,2024-09-06 20:05:00,151.4,1,0.0,0.84,0,none,0,none
U002,2024-09-06 20:15:00,150.4,1,0.0,0.84,0,none,2429,low
U002,2024-09-06 20:20:00,150.7,1,6.1,1.04,60,snack,0,none
U002,2024-09-06 20:25:00,151.0,1,0.0,0.95,0,none,0,none
U002,2024-09-06 20:35:00,151.1,1,0.0,1.2,0,none,0,none
U002,2024-09-06 21:00:00,149.9,1,0.0,1.12,0,none,1459,low
U002,2024-09-06 21:10:00,150.2,1,0.0,1.13,0,none,0,none
U002,2024-09-06 21:20:00,151.0,1,0.0,1.11,0,none,0,none
U002,2024-09-06 21:30:00,150.7,1,0.0,1.13,0,none,0,none
U002,2024-09-06 21:40:00,150.0,1,7.4,1.05,60,snack,0,none
U002,2024-09-06 21:45:00,149.9,1,0.0,1.08,0,none,0,none
U002,2024-09-06 21:50:00,149.8,1,7.1,1.15,60,dinner,0,none
U002,2024-09-06 22:05:00,151.0,1,0.0,0.81,0,none,0,none
U002,2024-09-06 22:10:00,151.1,1,0.0,0.81,0,none,0,none
U002,2024-09-06 22:15:00,150.3,1,0.0,1.01,0,none,0,none
U002,2024-09-06 22:20:00,150.1,1,0.0,0.95,0,none,0,none
U002,2024-09-06 22:25:00,150.4,1,0.0,1.11,0,none,0,none
U002,2024-09-06 22:40:00,152.0,1,0.0,1.19,0,none,0,none
U002,2024-09-06 22:45:00,151.3,1,0.0,0.96,0,none,0,none
U002,2024-09-06 22:55:00,150.7,1,0.0,0.89,0,none,0,none
U002,2024-09-06 23:00:00,151.0,1,0.0,1.0,0,none,0,none
U002,2024-09-06 23:05:00,151.8,1,0.0,0.84,0,none,0,none
U002,2024-09-06 23:10:00,151.9,1,0.0,1.06,0,none,0,none
U002,2024-09-06 23:15:00,152.1,1,0.0,0.92,0,none,0,none
U002,2024-09-06 23:20:00,152.0,1,0.0,1.11,0,none,0,none
U002,2024-09-06 23:25:00,150.9,1,0.0,0.9,0,none,0,none
U002,2024-09-06 23:30:00,151.5,1,0.0,1.11,0,none,0,none
U002,2024-09-06 23:35:00,151.3,1,0.0,1.08,0,none,0,none
U002,2024-09-07 00:00:00,150.7,1,0.0,1.18,0,none,0,none
U002,2024-09-07 00:10:00,150.5,0,0.0,1.11,0,none,0,none
U002,2024-09-07 00:15:00,150.1,1,0.0,0.93,0,none,0,none
U002,2024-09-07 00:20:00,150.1,1,0.0,1.1,0,none,0,none
U002,2024-09-07 00:25:00,150.9,1,0.0,0.89,0,none,0,none
U002,2024-09-07 00:30:00,151.5,1,0.0,0.81,0,none,0,none
U002,2024-09-07 00:35:00,151.7,1,0.0,1.17,0,none,0,none
U002,2024-09-07 00:40:00,152.4,1,0.0,1.18,0,none,0,none
U002,2024-09-07 00:45:00,153.0,1,0.0,1.09,0,none,0,none
U002,2024-09-07 01:00:00,152.4,1,0.0,0.92,0,none,0,none
U002,2024-09-07 01:05:00,151.8,1,0.0,0.85,0,none,0,none
U002,2024-09-07 01:10:00,152.1,1,0.0,1.05,0,none,0,none
U002,2024-09-07 01:15:00,152.9,1,5.9,0.87,60,breakfast,0,none
U002,2024-09-07 01:25:00,152.7,1,0.0,1.16,0,none,0,none
U002,2024-09-07 01:35:00,152.5,1,0.0,0.87,0,none,0,none
U002,2024-09-07 01:45:00,151.2,1,0.0,0.88,0,none,0,none
U002,2024-09-07 01:50:00,151.3,1,0.0,1.16,0,none,0,none
U002,2024-09-07 02:00:00,151.5,1,0.0,0.88,0,none,0,none
U002,2024-09-07 02:10:00,152.3,1,0.0,0.89,0,none,0,none
U002,2024-09-07 02:15:00,152.1,1,0.0,0.88,0,none,0,none
U002,2024-09-07 02:20:00,151.7,1,0.0,1.08,0,none,0,none
U002,2024-09-07 02:40:00,147.7,1,0.0,0.83,0,none,2831,high
U002,2024-09-07 02:50:00,148.7,1,0.0,0.92,0,none,0,none
U002,2024-09-07 02:55:00,147.8,1,0.0,1.14,0,none,0,none
U002,2024-09-07 03:00:00,148.5,1,0.0,0.96,0,none,0,none
U002,2024-09-07 03:05:00,148.7,1,0.0,0.94,0,none,0,none
U002,2024-09-07 03:10:00,148.3,1,5.9,1.13,60,lunch,0,none
U002,2024-09-07 03:20:00,149.2,1,0.0,0.85,0,none,0,none
U002,2024-09-07 03:25:00,150.5,1,2.7,1.09,30,snack,0,none
U002,2024-09-07 03:30:00,150.9,1,0.0,0.93,0,none,0,none
U002,2024-09-07 03:35:00,151.0,1,0.0,1.19,0,none,0,none
U002,2024-09-07 03:40:00,149.6,1,0.0,0.81,0,none,3564,low
U002,2024-09-07 03:50:00,149.9,1,0.0,1.0,0,none,0,none
U002,2024-09-07 03:55:00,150.6,1,0.0,1.18,0,none,0,none
U002,2024-09-07 04:00:00,150.9,1,0.0,1.18,0,none,0,none
U002,2024-09-07 04:05:00,150.7,1,0.0,1.11,0,none,0,none
U002,2024-09-07 04:10:00,151.1,1,4.8,0.83,45,snack,0,none
U002,2024-09-07 04:15:00,150.9,1,0.0,1.06,0,none,0,none
U002,2024-09-07 04:20:00,150.9,1,0.0,1.15,0,none,0,none
U002,2024-09-07 04:30:00,151.3,1,0.0,0.95,0,none,0,none
U002,2024-09-07 04:35:00,152.5,1,0.0,1.14,0,none,0,none
U002,2024-09-07 04:50:00,151.3,1,0.0,0.98,0,none,0,none
U002,2024-09-07 05:05:00,151.3,1,0.0,1.02,0,none,0,none
U002,2024-09-07 05:15:00,152.1,1,0.0,0.98,0,none,0,none
U002,2024-09-07 05:20:00,152.5,1,0.0,1.18,0,none,0,none
U002,2024-09-07 05:30:00,154.1,1,0.0,0.82,0,none,0,none
U002,2024-09-07 05:40:00,154.7,1,0.0,1.18,0,none,0,none
U002,2024-09-07 05:50:00,155.1,1,0.0,1.12,0,none,0,none
U002,2024-09-07 05:55:00,155.3,1,0.0,0.91,0,none,0,none
U002,2024-09-07 06:00:00,155.3,1,0.0,0.8,0,none,0,none
U002,2024-09-07 06:05:00,156.4,1,0.0,0.98,0,none,0,none
U002,2024-09-07 06:10:00,156.2,1,0.0,1.03,0,none,0,none
U002,2024-09-07 06:15:00,156.0,1,0.0,0.99,0,none,0,none
U002,2024-09-07 06:20:00,156.2,1,0.0,1.1,0,none,0,none
U002,2024-09-07 06:50:00,156.4,1,0.0,0.91,0,none,0,none
U002,2024-09-07 06:55:00,155.6,0,0.0,1.08,0,none,0,none
U002,2024-09-07 07:00:00,155.9,1,0.0,0.92,0,none,0,none
U002,2024-09-07 07:10:00,156.0,1,0.0,0.86,0,none,0,none
U002,2024-09-07 07:15:00,156.4,1,0.0,0.8,0,none,0,none
U002,2024-09-07 07:30:00,156.4,1,0.0,0.95,0,none,0,none
U002,2024-09-07 07:40:00,155.4,1,0.0,0.82,0,none,3737,medium
U002,2024-09-07 07:50:00,154.7,1,0.0,1.18,0,none,0,none
U002,2024-09-07 08:00:00,153.7,1,0.0,0.99,0,none,0,none
U002,2024-09-07 08:05:00,154.9,1,0.0,0.88,0,none,0,none
U002,2024-09-07 08:15:00,155.0,1,0.0,0.89,0,none,0,none
U002,2024-09-07 08:20:00,154.5,1,0.0,0.82,0,none,2551,medium
U002,2024-09-07 08:25:00,155.3,1,0.0,0.83,0,none,0,none
U002,2024-09-07 08:30:00,155.9,1,0.0,0.97,0,none,0,none
U002,2024-09-07 08:35:00,156.3,1,0.0,0.88,0,none,0,none
U002,2024-09-07 08:40:00,156.6,1,0.0,0.99,0,none,0,none
U002,2024-09-07 08:50:00,156.9,1,0.0,1.02,0,none,0,none
U002,2024-09-07 08:55:00,156.1,1,0.0,1.03,0,none,0,none
U002,2024-09-07 09:05:00,156.1,1,0.0,0.88,0,none,0,none
U002,2024-09-07 09:10:00,155.8,1,0.0,1.0,0,none,0,none
U002,2024-09-07 09:15:00,156.5,1,0.0,0.99,0,none,0,none
U002,2024-09-07 09:20:00,156.8,0,0.0,1.08,0,none,0,none
U002,2024-09-07 09:25:00,156.5,1,0.0,1.16,0,none,0,none
U002,2024-09-07 09:30:00,156.9,1,0.0,1.0,0,none,0,none
U002,2024-09-07 09:35:00,157.3,1,0.0,1.15,0,none,0,none
U002,2024-09-07 09:40:00,156.8,1,0.0,1.04,0,none,0,none
U002,2024-09-07 09:45:00,157.5,1,0.0,0.83,0,none,0,none
U002,2024-09-07 09:50:00,157.7,1,0.0,0.91,0,none,0,none
U002,2024-09-07 09:55:00,157.4,1,0.0,1.17,0,none,0,none
U002,2024-09-07 10:00:00,156.2,1,9.2,1.01,75,snack,0,none
U002,2024-09-07 10:05:00,156.4,1,6.4,1.13,60,dinner,0,none
U002,2024-09-07 10:15:00,156.1,1,0.0,1.09,0,none,0,none
U002,2024-09-07 10:30:00,157.4,1,0.0,0.81,0,none,0,none
U002,2024-09-07 10:40:00,157.9,1,0.0,0.85,0,none,0,none
U002,2024-09-07 11:15:00,156.0,1,0.0,0.8,0,none,0,none
U002,2024-09-07 11:25:00,155.8,1,0.0,0.96,0,none,0,none
U002,2024-09-07 11:40:00,156.5,1,0.0,1.11,0,none,0,none
U002,2024-09-07 11:45:00,156.9,1,0.0,0.91,0,none,0,none
U002,2024-09-07 12:00:00,158.0,1,0.0,1.12,0,none,0,none
U002,2024-09-07 12:05:00,157.5,1,0.0,1.01,0,none,0,none
U002,2024-09-07 12:10:00,157.4,1,0.0,1.04,0,none,0,none
U002,2024-09-07 12:15:00,158.4,1,0.0,0.89,45,lunch,0,none
U002,2024-09-07 12:20:00,158.7,1,0.0,0.91,0,none,0,none
U002,2024-09-07 12:25:00,159.5,1,0.0,1.13,0,none,0,none
U002,2024-09-07 12:40:00,159.6,1,0.0,1.07,0,none,0,none
U002,2024-09-07 12:45:00,159.5,1,0.0,1.13,0,none,0,none
U002,2024-09-07 12:50:00,159.2,1,0.0,1.12,0,none,0,none
U002,2024-09-07 12:55:00,158.8,1,0.0,1.1,0,none,0,none
U002,2024-09-07 13:00:00,158.6,1,0.0,0.96,0,none,0,none
U002,2024-09-07 13:10:00,157.7,1,0.0,1.11,0,none,0,none
U002,2024-09-07 13:20:00,158.6,1,0.0,1.1,0,none,0,none
U002,2024-09-07 13:25:00,159.2,1,0.0,0.84,0,none,0,none
U002,2024-09-07 13:30:00,159.6,1,0.0,1.15,0,none,0,none
U002,2024-09-07 13:35:00,159.8,1,0.0,1.06,0,none,0,none
U002,2024-09-07 13:45:00,157.9,1,0.0,0.86,0,none,4216,medium
U002,2024-09-07 13:50:00,158.2,1,0.0,0.89,0,none,0,none
U002,2024-09-07 13:55:00,158.4,1,0.0,0.86,0,none,0,none
U002,2024-09-07 14:00:00,157.5,1,0.0,0.88,0,none,0,none
U002,2024-09-07 14:10:00,157.9,1,0.0,0.82,0,none,0,none
U002,2024-09-07 14:15:00,157.2,1,0.0,1.19,0,none,0,none
U002,2024-09-07 14:20:00,157.5,1,5.7,0.81,45,dinner,0,none
U002,2024-09-07 14:25:00,157.3,1,0.0,0.89,0,none,0,none
U002,2024-09-07 14:30:00,157.0,1,0.0,0.92,0,none,0,none
U002,2024-09-07 14:50:00,156.8,1,0.0,0.99,0,none,0,none
U002,2024-09-07 14:55:00,156.9,1,0.0,0.84,0,none,0,none
U002,2024-09-07 15:15:00,155.1,1,0.0,0.99,0,none,0,none
U002,2024-09-07 15:25:00,155.6,1,0.0,0.85,0,none,0,none
U002,2024-09-07 15:30:00,155.8,1,0.0,1.15,0,none,0,none
U002,2024-09-07 15:35:00,156.0,1,0.0,1.17,0,none,0,none
U002,2024-09-07 15:40:00,156.3,1,0.0,1.11,0,none,0,none
U002,2024-09-07 15:45:00,156.5,1,0.0,1.1,0,none,0,none
U002,2024-09-07 16:15:00,156.6,1,0.0,0.97,0,none,0,none
U002,2024-09-07 16:40:00,157.5,1,0.0,0.8,0,none,0,none
U002,2024-09-07 16:45:00,157.6,1,0.0,1.03,0,none,0,none
U002,2024-09-07 16:55:00,157.7,1,0.0,1.04,0,none,0,none
U002,2024-09-07 17:00:00,154.9,1,0.0,1.01,0,none,4466,low
U002,2024-09-07 17:05:00,154.3,1,0.0,0.86,0,none,0,none
U002,2024-09-07 17:20:00,153.4,1,0.0,1.07,0,none,0,none
U002,2024-09-07 17:25:00,154.4,1,0.0,1.18,0,none,0,none
U002,2024-09-07 17:30:00,154.5,1,0.0,1.11,0,none,0,none
U002,2024-09-07 17:40:00,155.4,1,0.0,1.19,0,none,0,none
U002,2024-09-07 17:45:00,155.1,1,0.0,0.83,0,none,0,none
U002,2024-09-07 17:55:00,155.0,1,0.0,1.04,0,none,0,none
U002,2024-09-07 18:05:00,155.3,1,0.0,1.15,0,none,0,none
U002,2024-09-07 18:10:00,155.2,1,0.0,0.99,0,none,0,none
U002,2024-09-07 18:15:00,155.0,1,0.0,0.94,0,none,0,none
U002,2024-09-07 18:25:00,154.3,1,0.0,1.08,0,none,0,none
U002,2024-09-07 18:40:00,153.7,1,0.0,0.9,0,none,0,none
U002,2024-09-07 18:45:00,152.7,1,0.0,1.17,0,none,0,none
U002,2024-09-07 18:50:00,152.9,0,0.0,0.81,0,none,0,none
U002,2024-09-07 18:55:00,153.0,1,0.0,0.87,0,none,0,none
U002,2024-09-07 19:20:00,152.8,1,0.0,0.87,0,none,0,none
U002,2024-09-07 19:25:00,153.5,1,0.0,0.82,0,none,0,none
U002,2024-09-07 19:35:00,152.3,1,0.0,1.08,0,none,0,none
U002,2024-09-07 19:50:00,152.0,1,0.0,1.04,30,snack,0,none
U002,2024-09-07 19:55:00,152.9,1,0.0,1.12,0,none,0,none
U002,2024-09-07 20:00:00,152.8,1,0.0,0.88,0,none,0,none
U002,2024-09-07 20:20:00,152.4,1,0.0,1.01,0,none,0,none
U002,2024-09-07 20:25:00,152.1,1,0.0,0.89,0,none,0,none
U002,2024-09-07 20:30:00,151.7,1,0.0,1.0,0,none,0,none
U002,2024-09-07 20:35:00,152.1,1,0.0,1.14,0,none,0,none
U002,2024-09-07 20:40:00,152.1,1,0.0,1.17,0,none,0,none
U002,2024-09-07 20:45:00,152.0,1,0.0,0.93,0,none,0,none
U002,2024-09-07 21:00:00,152.0,1,0.0,0.85,0,none,0,none
U002,2024-09-07 21:05:00,152.2,1,0.0,0.87,0,none,0,none
U002,2024-09-07 21:15:00,151.5,1,0.0,0.81,0,none,0,none
U002,2024-09-07 21:25:00,151.5,1,0.0,1.03,0,none,0,none
U002,2024-09-07 21:35:00,149.8,1,0.0,0.92,0,none,0,none
U002,2024-09-07 21:40:00,149.9,1,0.0,1.08,0,none,0,none
U002,2024-09-07 21:50:00,149.7,1,0.0,0.87,0,none,0,none
U002,2024-09-07 21:55:00,150.0,1,0.0,1.02,0,none,0,none
U002,2024-09-07 22:20:00,151.8,1,0.0,0.96,0,none,0,none
U002,2024-09-07 22:25:00,151.3,1,0.0,1.02,0,none,0,none
U002,2024-09-07 22:30:00,151.6,1,0.0,1.2,0,none,0,none
U002,2024-09-07 22:35:00,151.8,1,0.0,0.82,0,none,0,none
U002,2024-09-07 22:45:00,151.8,1,0.0,1.17,0,none,0,none
U002,2024-09-07 23:00:00,151.1,1,0.0,0.94,0,none,0,none
U002,2024-09-07 23:10:00,150.9,1,0.0,1.06,0,none,0,none
U002,2024-09-07 23:15:00,151.0,1,0.0,1.0,0,none,0,none
U002,2024-09-07 23:40:00,148.7,1,0.0,1.17,0,none,0,none
U002,2024-09-07 23:50:00,148.8,1,0.0,0.92,0,none,0,none
U002,2024-09-08 00:00:00,149.1,1,0.0,0.9,0,none,0,none
U002,2024-09-08 00:05:00,148.8,1,0.0,0.95,0,none,0,none
U002,2024-09-08 00:10:00,149.2,1,0.0,1.04,0,none,0,none
U002,2024-09-08 00:15:00,148.9,1,6.9,1.05,60,lunch,0,none
U002,2024-09-08 00:30:00,148.0,1,0.0,1.0,0,none,0,none
U002,2024-09-08 00:35:00,147.3,1,0.0,0.88,0,none,0,none
U002,2024-09-08 00:40:00,147.4,1,0.0,0.87,0,none,0,none
U002,2024-09-08 00:55:00,147.6,1,0.0,1.14,0,none,0,none
U002,2024-09-08 01:00:00,147.8,1,0.0,1.01,0,none,0,none
U002,2024-09-08 01:05:00,147.9,1,0.0,0.98,0,none,0,none
U002,2024-09-08 01:15:00,148.2,1,0.0,0.97,0,none,0,none
U002,2024-09-08 01:20:00,147.8,1,0.0,0.96,0,none,0,none
U002,2024-09-08 01:25:00,147.8,1,9.4,1.13,90,snack,0,none
U002,2024-09-08 01:40:00,147.8,1,0.0,0.96,0,none,0,none
U002,2024-09-08 01:45:00,148.1,1,0.0,0.93,0,none,0,none
U002,2024-09-08 02:05:00,149.2,1,0.0,1.11,0,none,0,none
U002,2024-09-08 02:20:00,151.1,1,0.0,0.91,0,none,0,none
U002,2024-09-08 02:25:00,152.3,1,0.0,0.92,0,none,0,none
U002,2024-09-08 02:45:00,152.2,1,0.0,0.9,0,none,0,none
U002,2024-09-08 02:50:00,152.4,1,0.0,1.18,0,none,0,none
U002,2024-09-08 03:00:00,151.9,1,0.0,1.06,0,none,0,none
U002,2024-09-08 03:20:00,152.6,1,0.0,0.81,0,none,0,none
U002,2024-09-08 03:25:00,152.6,1,0.0,1.03,0,none,0,none
U002,2024-09-08 03:45:00,152.3,1,0.0,0.89,0,none,0,none
U002,2024-09-08 03:50:00,152.4,1,0.0,0.83,0,none,0,none
U002,2024-09-08 03:55:00,152.7,1,0.0,0.8,0,none,0,none
U002,2024-09-08 04:05:00,152.5,1,0.0,1.08,0,none,0,none
U002,2024-09-08 04:10:00,153.6,1,0.0,1.16,0,none,0,none
U002,2024-09-08 04:20:00,154.0,1,0.0,1.12,0,none,0,none
U002,2024-09-08 04:30:00,155.5,1,0.0,0.8,0,none,0,none
U002,2024-09-08 04:40:00,154.7,1,0.0,1.06,0,none,0,none
U002,2024-09-08 04:45:00,154.8,1,0.0,1.11,0,none,0,none
U002,2024-09-08 05:00:00,153.8,1,0.0,0.93,0,none,0,none
U002,2024-09-08 05:20:00,153.7,1,0.0,1.16,0,none,0,none
U002,2024-09-08 05:55:00,151.5,1,0.0,1.08,0,none,0,none
U002,2024-09-08 06:00:00,151.2,1,0.0,0.82,0,none,0,none
U002,2024-09-08 06:15:00,151.9,1,0.0,0.93,0,none,0,none
U002,2024-09-08 06:20:00,152.3,1,0.0,0.97,0,none,0,none
U002,2024-09-08 06:30:00,152.0,1,0.0,1.09,0,none,0,none
U002,2024-09-08 06:50:00,151.6,1,0.0,1.01,0,none,0,none
U002,2024-09-08 06:55:00,151.0,1,8.9,0.94,75,dinner,0,none
U002,2024-09-08 07:05:00,150.2,1,0.0,1.05,0,none,0,none
U002,2024-09-08 07:15:00,150.0,1,0.0,1.06,0,none,0,none
U002,2024-09-08 07:25:00,150.6,1,0.0,1.01,0,none,0,none
U002,2024-09-08 07:30:00,150.7,1,0.0,0.93,0,none,0,none
U002,2024-09-08 07:35:00,150.1,1,0.0,1.01,0,none,0,none
U002,2024-09-08 07:40:00,150.7,1,0.0,1.04,0,none,0,none
U002,2024-09-08 07:45:00,150.6,1,0.0,1.01,0,none,0,none
U002,2024-09-08 08:00:00,152.3,1,0.0,1.11,0,none,0,none
U002,2024-09-08 08:10:00,151.7,1,0.0,1.11,0,none,0,none
U002,2024-09-08 08:15:00,152.0,1,0.0,1.11,0,none,0,none
U002,2024-09-08 08:20:00,151.3,1,0.0,0.98,75,lunch,0,none
U002,2024-09-08 08:30:00,151.8,1,0.0,0.85,0,none,0,none
U002,2024-09-08 08:35:00,151.8,1,0.0,0.96,0,none,0,none
U002,2024-09-08 08:40:00,153.1,1,0.0,1.13,0,none,0,none
U002,2024-09-08 08:45:00,153.3,1,0.0,0.84,0,none,0,none
U002,2024-09-08 08:55:00,154.4,1,0.0,1.1,0,none,0,none
U002,2024-09-08 09:10:00,154.8,1,0.0,0.87,0,none,0,none
U002,2024-09-08 09:20:00,155.8,1,0.0,0.99,0,none,0,none
U002,2024-09-08 09:25:00,156.2,1,0.0,0.85,0,none,0,none
U002,2024-09-08 09:35:00,156.2,1,0.0,0.87,0,none,0,none
U002,2024-09-08 09:40:00,156.3,1,0.0,1.03,0,none,0,none
U002,2024-09-08 09:45:00,156.9,1,0.0,0.93,0,none,0,none
U002,2024-09-08 09:50:00,156.8,1,0.0,1.0,0,none,0,none
U002,2024-09-08 09:55:00,157.1,1,0.0,0.85,0,none,0,none
U002,2024-09-08 10:25:00,156.8,1,5.4,0.87,45,snack,0,none
U002,2024-09-08 10:30:00,157.3,1,0.0,0.81,0,none,0,none
U002,2024-09-08 10:35:00,156.7,1,0.0,1.13,0,none,0,none
U002,2024-09-08 10:40:00,157.5,1,0.0,1.14,0,none,0,none
U002,2024-09-08 10:45:00,158.6,1,0.0,1.07,0,none,0,none
U002,2024-09-08 10:55:00,158.4,1,0.0,0.95,0,none,0,none
U002,2024-09-08 11:00:00,158.0,1,0.0,0.83,0,none,0,none
U002,2024-09-08 11:05:00,158.0,1,0.0,0.89,0,none,0,none
U002,2024-09-08 11:10:00,157.3,1,0.0,1.04,0,none,0,none
U002,2024-09-08 11:15:00,157.4,1,0.0,1.18,0,none,0,none
U002,2024-09-08 11:45:00,157.5,1,0.0,0.82,0,none,0,none
U002,2024-09-08 11:50:00,158.1,1,0.0,1.07,0,none,0,none
U002,2024-09-08 12:05:00,158.0,1,0.0,1.05,0,none,0,none
U002,2024-09-08 12:25:00,158.4,1,9.7,1.16,90,breakfast,0,none
U002,2024-09-08 12:30:00,158.1,1,0.0,0.83,0,none,0,none
U002,2024-09-08 12:35:00,158.5,1,0.0,0.96,0,none,0,none
U002,2024-09-08 12:40:00,159.1,1,0.0,1.2,0,none,0,none
U002,2024-09-08 12:45:00,159.3,1,0.0,1.07,0,none,0,none
U002,2024-09-08 12:50:00,159.2,1,0.0,0.84,0,none,0,none
U002,2024-09-08 12:55:00,159.5,1,0.0,1.19,0,none,0,none
U002,2024-09-08 13:00:00,159.4,1,0.0,1.08,0,none,0,none
U002,2024-09-08 13:05:00,159.0,1,0.0,0.83,0,none,0,none
U002,2024-09-08 13:10:00,159.4,1,0.0,1.14,0,none,0,none
U002,2024-09-08 13:20:00,156.9,1,0.0,0.87,0,none,2675,high
U002,2024-09-08 13:25:00,156.0,1,0.0,0.89,0,none,0,none
U002,2024-09-08 13:30:00,155.8,1,0.0,0.92,0,none,0,none
U002,2024-09-08 13:35:00,155.6,1,0.0,1.08,0,none,0,none
U002,2024-09-08 13:45:00,155.4,1,0.0,1.19,0,none,0,none
U002,2024-09-08 13:50:00,156.0,1,0.0,1.11,0,none,0,none
U002,2024-09-08 13:55:00,155.5,1,0.0,0.82,0,none,0,none
U002,2024-09-08 14:10:00,154.5,1,0.0,1.18,0,none,0,none
U002,2024-09-08 14:25:00,155.5,1,0.0,1.04,0,none,0,none
U002,2024-09-08 14:35:00,156.9,1,0.0,0.96,0,none,0,none
U002,2024-09-08 14:50:00,156.6,1,0.0,0.9,0,none,0,none
U002,2024-09-08 14:55:00,157.0,1,0.0,0.92,0,none,0,none
U002,2024-09-08 15:05:00,157.4,1,0.0,0.82,0,none,0,none
U002,2024-09-08 15:10:00,157.3,1,0.0,1.0,0,none,0,none
U002,2024-09-08 15:15:00,158.0,1,0.0,1.03,0,none,0,none
U002,2024-09-08 15:25:00,157.2,1,0.0,1.02,0,none,0,none
U002,2024-09-08 15:45:00,156.5,1,0.0,0.88,0,none,0,none
U002,2024-09-08 15:50:00,157.0,1,0.0,0.81,0,none,0,none
U002,2024-09-08 16:00:00,155.2,1,0.0,0.95,0,none,0,none
U002,2024-09-08 16:10:00,156.7,1,0.0,1.1,0,none,0,none
U002,2024-09-08 16:20:00,157.6,1,0.0,0.86,0,none,0,none
U002,2024-09-08 16:25:00,157.7,1,0.0,0.94,0,none,0,none
U002,2024-09-08 16:30:00,158.4,1,0.0,1.01,0,none,0,none
U002,2024-09-08 16:35:00,158.3,1,0.0,0.86,0,none,0,none
U002,2024-09-08 16:40:00,158.5,1,0.0,1.08,0,none,0,none
U002,2024-09-08 16:50:00,159.7,1,0.0,0.87,0,none,0,none
U002,2024-09-08 17:00:00,160.3,1,0.0,0.96,0,none,0,none
U002,2024-09-08 17:05:00,159.6,1,0.0,0.95,0,none,0,none
U002,2024-09-08 17:20:00,160.3,1,0.0,0.94,0,none,0,none
U002,2024-09-08 17:35:00,160.2,1,0.0,0.95,0,none,0,none
U002,2024-09-08 17:40:00,160.2,1,0.0,1.06,0,none,0,none
U002,2024-09-08 17:45:00,159.8,1,0.0,1.12,0,none,0,none
U002,2024-09-08 18:10:00,158.3,1,0.0,0.87,0,none,0,none
U002,2024-09-08 18:15:00,158.1,1,0.0,0.93,0,none,0,none
U002,2024-09-08 18:25:00,158.5,1,0.0,1.03,0,none,0,none
U002,2024-09-08 18:35:00,157.2,1,0.0,0.83,0,none,0,none
U002,2024-09-08 18:40:00,157.1,1,0.0,0.83,0,none,0,none
U002,2024-09-08 18:45:00,157.0,1,0.0,0.86,0,none,0,none
U002,2024-09-08 18:55:00,156.3,1,0.0,0.96,0,none,0,none
U002,2024-09-08 19:10:00,156.0,1,0.0,1.1,0,none,0,none
U002,2024-09-08 19:20:00,155.4,1,0.0,0.82,0,none,0,none
U002,2024-09-08 19:25:00,156.1,1,0.0,0.81,0,none,0,none
U002,2024-09-08 19:35:00,157.0,1,0.0,1.17,0,none,0,none
U002,2024-09-08 19:40:00,156.8,1,0.0,0.81,0,none,0,none
U002,2024-09-08 19:45:00,156.6,1,0.0,0.96,0,none,0,none
U002,2024-09-08 19:55:00,158.1,1,0.0,0.83,0,none,0,none
U002,2024-09-08 20:00:00,158.0,1,0.0,0.93,0,none,0,none
U002,2024-09-08 20:15:00,157.8,1,0.0,0.81,0,none,0,none
U002,2024-09-08 20:20:00,158.3,1,0.0,0.85,0,none,0,none
U002,2024-09-08 20:25:00,157.5,1,0.0,1.06,0,none,0,none
U002,2024-09-08 20:35:00,157.3,1,0.0,1.07,0,none,0,none
U002,2024-09-08 20:50:00,156.9,1,0.0,1.14,0,none,0,none
U002,2024-09-08 20:55:00,157.1,1,0.0,1.13,0,none,0,none
U002,2024-09-08 21:05:00,156.9,1,0.0,0.91,0,none,0,none
U002,2024-09-08 21:10:00,156.9,1,0.0,1.09,0,none,0,none
U002,2024-09-08 21:15:00,156.9,1,6.8,0.82,60,lunch,0,none
U002,2024-09-08 21:20:00,156.3,1,0.0,1.01,0,none,0,none
U002,2024-09-08 21:30:00,156.3,1,0.0,1.08,0,none,0,none
U002,2024-09-08 21:35:00,156.1,1,0.0,1.08,0,none,0,none
U002,2024-09-08 21:40:00,155.7,1,0.0,1.13,0,none,0,none
U002,2024-09-08 21:45:00,156.2,1,0.0,1.2,0,none,0,none
U002,2024-09-08 21:50:00,156.5,1,0.0,0.94,0,none,0,none
U002,2024-09-08 21:55:00,157.1,1,0.0,0.88,0,none,0,none
U002,2024-09-08 22:15:00,157.8,1,0.0,0.93,0,none,0,none
U002,2024-09-08 22:30:00,156.7,1,0.0,1.11,0,none,0,none
U002,2024-09-08 22:35:00,157.6,1,0.0,1.14,0,none,0,none
U002,2024-09-08 22:40:00,157.4,1,0.0,1.05,0,none,0,none
U002,2024-09-08 22:45:00,156.8,1,0.0,1.02,0,none,0,none
U002,2024-09-08 22:50:00,157.2,1,0.0,1.06,0,none,0,none
U002,2024-09-08 23:05:00,156.9,1,0.0,0.99,0,none,0,none
U002,2024-09-08 23:10:00,157.0,1,0.0,0.95,0,none,0,none
U002,2024-09-08 23:25:00,157.7,1,9.8,1.15,90,snack,0,none
U002,2024-09-08 23:30:00,157.8,1,0.0,0.93,0,none,0,none
U002,2024-09-08 23:35:00,157.5,1,0.0,0.84,0,none,0,none
U002,2024-09-08 23:45:00,158.3,1,0.0,1.15,0,none,0,none
U002,2024-09-08 23:55:00,157.7,1,6.7,1.13,60,breakfast,0,none
U002,2024-09-09 00:00:00,157.6,1,0.0,1.15,0,none,0,none
U002,2024-09-09 00:05:00,157.5,1,0.0,0.98,0,none,0,none
U002,2024-09-09 00:10:00,156.8,1,0.0,0.84,0,none,0,none
U002,2024-09-09 00:15:00,157.4,1,0.0,1.16,0,none,0,none
U002,2024-09-09 00:20:00,157.2,1,0.0,0.94,0,none,0,none
U002,2024-09-09 00:30:00,157.2,1,0.0,1.1,0,none,0,none
U002,2024-09-09 00:35:00,157.4,1,0.0,1.13,0,none,0,none
U002,2024-09-09 00:40:00,158.1,1,0.0,1.15,0,none,0,none
U002,2024-09-09 00:55:00,157.6,1,0.0,0.83,0,none,0,none
U002,2024-09-09 01:00:00,157.2,1,0.0,0.94,0,none,0,none
U002,2024-09-09 01:05:00,156.8,1,0.0,1.03,0,none,0,none
U002,2024-09-09 01:25:00,156.3,1,0.0,0.88,0,none,0,none
U002,2024-09-09 01:35:00,156.0,1,0.0,1.19,0,none,0,none
U002,2024-09-09 01:50:00,152.4,1,0.0,1.11,0,none,0,none
U002,2024-09-09 01:55:00,151.4,1,5.7,0.81,60,lunch,0,none
U002,2024-09-09 02:00:00,152.1,1,0.0,1.07,0,none,0,none
U002,2024-09-09 02:05:00,152.3,1,0.0,0.86,0,none,0,none
U002,2024-09-09 02:10:00,151.3,1,0.0,1.0,0,none,3190,low
U002,2024-09-09 02:15:00,150.9,1,0.0,1.02,0,none,0,none
U002,2024-09-09 02:20:00,152.0,1,0.0,0.84,0,none,0,none
U002,2024-09-09 02:30:00,151.6,1,0.0,1.07,0,none,0,none
U002,2024-09-09 02:35:00,152.0,1,0.0,0.92,0,none,0,none
U002,2024-09-09 02:40:00,152.0,1,0.0,1.1,0,none,0,none
U002,2024-09-09 03:00:00,151.6,1,0.0,1.02,0,none,0,none
U002,2024-09-09 03:05:00,151.8,1,0.0,1.14,0,none,0,none
U002,2024-09-09 03:10:00,150.5,1,0.0,1.1,0,none,2015,medium
U002,2024-09-09 03:25:00,151.1,1,0.0,1.15,0,none,0,none
U002,2024-09-09 03:30:00,150.6,1,0.0,0.88,0,none,0,none
U002,2024-09-09 03:40:00,150.9,1,0.0,0.95,0,none,0,none
U002,2024-09-09 03:50:00,150.6,1,0.0,1.08,0,none,0,none
U002,2024-09-09 04:00:00,149.3,1,0.0,0.9,0,none,3190,low
U002,2024-09-09 04:20:00,149.0,1,0.0,0.99,0,none,845,low
U002,2024-09-09 04:25:00,148.5,1,0.0,0.9,0,none,0,none
U002,2024-09-09 04:35:00,148.7,1,0.0,0.93,0,none,0,none
U002,2024-09-09 04:45:00,148.4,1,0.0,0.98,0,none,0,none
U002,2024-09-09 04:50:00,148.0,1,0.0,0.92,0,none,0,none
U002,2024-09-09 04:55:00,147.7,1,0.0,0.97,0,none,0,none
U002,2024-09-09 05:20:00,148.1,1,0.0,0.81,0,none,0,none
U002,2024-09-09 05:55:00,148.4,1,0.0,0.95,0,none,0,none
U002,2024-09-09 06:00:00,147.1,1,0.0,0.88,0,none,0,none
U002,2024-09-09 06:05:00,148.5,1,0.0,1.19,0,none,0,none
U002,2024-09-09 06:15:00,150.4,1,0.0,1.04,0,none,0,none
U002,2024-09-09 06:20:00,151.7,1,0.0,0.86,0,none,0,none
U002,2024-09-09 06:25:00,151.1,1,0.0,1.05,0,none,0,none
U002,2024-09-09 06:30:00,151.0,1,0.0,0.9,0,none,0,none
U002,2024-09-09 06:40:00,149.9,1,7.6,1.18,60,snack,0,none
U002,2024-09-09 06:50:00,150.0,1,0.0,1.17,0,none,0,none
U002,2024-09-09 06:55:00,150.7,1,0.0,0.83,0,none,0,none
U002,2024-09-09 07:05:00,150.5,1,0.0,1.16,0,none,777,high
U002,2024-09-09 07:10:00,149.2,1,0.0,1.08,0,none,1117,low
U002,2024-09-09 07:20:00,147.0,1,0.0,1.08,0,none,4074,high
U002,2024-09-09 07:25:00,147.3,1,0.0,1.19,0,none,0,none
U002,2024-09-09 07:35:00,147.6,1,0.0,0.99,0,none,0,none
U002,2024-09-09 07:40:00,147.4,1,0.0,1.16,0,none,0,none
U002,2024-09-09 07:45:00,147.0,1,0.0,1.14,0,none,0,none
U002,2024-09-09 07:55:00,146.1,1,0.0,1.01,0,none,0,none
U002,2024-09-09 08:00:00,146.9,1,0.0,0.93,0,none,0,none
U002,2024-09-09 08:05:00,147.4,1,0.0,1.01,0,none,0,none
U002,2024-09-09 08:10:00,147.4,1,0.0,1.14,0,none,0,none
U002,2024-09-09 08:20:00,147.2,1,0.0,0.88,0,none,0,none
U002,2024-09-09 08:25:00,147.5,1,0.0,0.87,0,none,0,none
U002,2024-09-09 08:30:00,147.7,1,0.0,0.93,0,none,0,none
U002,2024-09-09 08:35:00,147.3,1,0.0,0.83,0,none,0,none
U002,2024-09-09 08:40:00,147.7,1,0.0,1.02,0,none,0,none
U002,2024-09-09 08:45:00,147.6,1,0.0,0.89,0,none,0,none
U002,2024-09-09 08:50:00,147.5,1,0.0,0.81,0,none,0,none
U002,2024-09-09 08:55:00,147.6,1,0.0,1.02,0,none,0,none
U002,2024-09-09 09:00:00,147.2,1,0.0,0.98,0,none,0,none
U002,2024-09-09 09:15:00,147.0,1,0.0,0.89,0,none,0,none
U002,2024-09-09 09:20:00,147.7,1,0.0,0.96,0,none,0,none
U002,2024-09-09 09:25:00,148.3,1,0.0,1.04,0,none,0,none
U002,2024-09-09 09:30:00,148.1,1,0.0,1.1,30,dinner,0,none
U002,2024-09-09 09:40:00,148.1,1,0.0,1.15,0,none,0,none
U002,2024-09-09 09:50:00,148.6,1,0.0,1.15,0,none,0,none
U002,2024-09-09 10:10:00,149.1,1,9.2,0.82,90,lunch,0,none
U002,2024-09-09 10:15:00,149.2,1,0.0,1.12,0,none,0,none
U002,2024-09-09 10:20:00,149.5,1,0.0,1.05,0,none,0,none
U002,2024-09-09 10:30:00,149.0,1,0.0,0.97,0,none,0,none
U002,2024-09-09 10:40:00,149.1,1,0.0,1.11,30,lunch,0,none
U002,2024-09-09 10:45:00,148.7,1,0.0,1.1,0,none,0,none
U002,2024-09-09 10:50:00,148.6,1,0.0,1.02,0,none,0,none
U002,2024-09-09 10:55:00,148.7,1,0.0,0.83,0,none,0,none
U002,2024-09-09 11:10:00,148.6,1,0.0,0.99,0,none,0,none
U002,2024-09-09 11:15:00,148.1,1,0.0,0.96,0,none,0,none
U002,2024-09-09 11:30:00,148.6,1,0.0,1.07,0,none,0,none
U002,2024-09-09 11:45:00,147.8,1,2.4,0.96,30,snack,0,none
U002,2024-09-09 11:50:00,147.5,1,0.0,1.2,0,none,0,none
U002,2024-09-09 11:55:00,147.4,1,0.0,1.14,0,none,0,none
U002,2024-09-09 12:05:00,146.7,1,0.0,0.95,0,none,0,none
U002,2024-09-09 12:10:00,146.6,1,4.4,1.17,45,snack,0,none
U002,2024-09-09 12:20:00,146.1,1,0.0,1.09,0,none,0,none
U002,2024-09-09 12:25:00,146.2,1,0.0,0.86,0,none,0,none
U002,2024-09-09 12:30:00,145.4,1,9.2,0.95,75,lunch,0,none
U002,2024-09-09 12:35:00,144.7,1,0.0,1.01,0,none,0,none
U002,2024-09-09 12:45:00,146.0,1,0.0,1.12,0,none,0,none
U002,2024-09-09 12:50:00,146.1,1,0.0,1.06,0,none,0,none
U002,2024-09-09 12:55:00,146.4,1,0.0,1.05,0,none,0,none
U002,2024-09-09 13:05:00,146.7,1,0.0,0.99,0,none,0,none
U002,2024-09-09 13:10:00,146.7,1,0.0,1.0,0,none,0,none
U002,2024-09-09 13:25:00,146.3,1,0.0,1.0,0,none,0,none
U002,2024-09-09 13:35:00,146.2,1,0.0,1.17,0,none,0,none
U002,2024-09-09 13:45:00,146.6,1,0.0,1.19,0,none,0,none
U002,2024-09-09 13:50:00,148.0,1,0.0,0.95,0,none,0,none
U002,2024-09-09 13:55:00,147.9,1,0.0,1.01,0,none,0,none
U002,2024-09-09 14:00:00,148.2,1,0.0,1.0,0,none,0,none
U002,2024-09-09 14:05:00,147.6,1,0.0,1.03,0,none,0,none
U002,2024-09-09 14:10:00,148.3,1,10.9,0.93,90,lunch,0,none
U002,2024-09-09 14:15:00,148.1,1,9.2,0.82,75,dinner,0,none
U002,2024-09-09 14:20:00,147.8,1,0.0,1.01,0,none,0,none
U002,2024-09-09 14:25:00,148.4,1,0.0,0.84,0,none,0,none
U002,2024-09-09 14:40:00,149.3,1,0.0,1.07,0,none,0,none
U002,2024-09-09 15:05:00,149.0,1,0.0,0.94,0,none,0,none
U002,2024-09-09 15:10:00,148.2,1,0.0,0.84,0,none,0,none
U002,2024-09-09 15:20:00,146.7,1,0.0,0.93,0,none,0,none
U002,2024-09-09 15:30:00,147.6,1,0.0,1.19,0,none,0,none
U002,2024-09-09 15:35:00,147.9,1,0.0,0.88,0,none,0,none
U002,2024-09-09 15:45:00,148.7,1,0.0,0.86,0,none,0,none
U002,2024-09-09 15:50:00,148.4,1,0.0,1.14,0,none,0,none
U002,2024-09-09 15:55:00,148.5,1,0.0,1.1,0,none,0,none
U002,2024-09-09 16:00:00,149.3,1,0.0,1.06,0,none,0,none
U002,2024-09-09 16:05:00,148.5,1,0.0,0.95,0,none,0,none
U002,2024-09-09 16:10:00,147.6,1,0.0,0.97,0,none,0,none
U002,2024-09-09 16:35:00,145.5,1,0.0,1.17,0,none,0,none
U002,2024-09-09 16:50:00,145.7,1,0.0,1.02,0,none,0,none
U002,2024-09-09 17:00:00,146.8,1,0.0,0.84,0,none,0,none
U002,2024-09-09 17:05:00,145.8,1,0.0,0.82,0,none,0,none
U002,2024-09-09 17:10:00,145.7,1,0.0,1.06,0,none,0,none
U002,2024-09-09 17:25:00,145.7,1,0.0,0.83,0,none,0,none
U002,2024-09-09 17:35:00,144.7,1,0.0,1.15,0,none,0,none
U002,2024-09-09 17:40:00,144.8,1,0.0,1.12,0,none,0,none
U002,2024-09-09 17:45:00,142.8,1,0.0,0.98,0,none,2594,medium
U002,2024-09-09 17:50:00,143.2,1,0.0,1.05,0,none,0,none
U002,2024-09-09 18:05:00,143.1,1,10.1,0.92,90,lunch,0,none
U002,2024-09-09 18:15:00,142.9,1,0.0,0.86,0,none,0,none
U002,2024-09-09 18:25:00,143.7,1,0.0,1.04,0,none,0,none
U002,2024-09-09 18:30:00,143.7,1,5.4,0.84,45,snack,0,none
U002,2024-09-09 18:35:00,144.1,1,0.0,1.18,0,none,0,none
U002,2024-09-09 18:40:00,144.6,1,0.0,1.03,0,none,0,none
U002,2024-09-09 18:45:00,144.8,1,0.0,1.17,0,none,0,none
U002,2024-09-09 19:05:00,143.6,1,0.0,1.06,0,none,0,none
U002,2024-09-09 19:10:00,143.6,1,0.0,0.9,0,none,0,none
U002,2024-09-09 19:35:00,143.8,1,0.0,1.08,0,none,0,none
U002,2024-09-09 19:40:00,143.7,1,0.0,1.18,0,none,0,none
U002,2024-09-09 19:45:00,143.7,1,0.0,0.82,0,none,0,none
U002,2024-09-09 19:50:00,143.4,1,0.0,1.04,0,none,0,none
U002,2024-09-09 19:55:00,143.5,1,6.9,1.13,60,snack,0,none
U002,2024-09-09 20:00:00,142.0,1,0.0,1.04,0,none,4478,high
U002,2024-09-09 20:05:00,141.8,1,0.0,1.01,0,none,0,none
U002,2024-09-09 20:15:00,140.4,1,0.0,0.98,0,none,0,none
U002,2024-09-09 20:20:00,140.7,1,0.0,0.94,0,none,0,none
U002,2024-09-09 20:30:00,140.8,1,0.0,1.04,0,none,0,none
U002,2024-09-09 20:40:00,141.5,1,0.0,0.88,0,none,0,none
U002,2024-09-09 20:55:00,140.0,1,0.0,1.08,0,none,3549,high
U002,2024-09-09 21:00:00,140.0,1,0.0,1.18,0,none,0,none
U002,2024-09-09 21:05:00,140.4,1,0.0,1.08,0,none,0,none
U002,2024-09-09 21:20:00,139.7,1,0.0,0.92,75,dinner,0,none
U002,2024-09-09 21:25:00,139.5,1,0.0,1.15,0,none,0,none
U002,2024-09-09 21:30:00,138.6,1,0.0,1.19,0,none,0,none
U002,2024-09-09 21:40:00,138.7,1,0.0,1.02,0,none,0,none
U002,2024-09-09 21:50:00,138.5,1,0.0,0.82,0,none,0,none
U002,2024-09-09 21:55:00,138.3,1,0.0,1.12,0,none,0,none
U002,2024-09-09 22:05:00,138.5,1,0.0,1.02,0,none,0,none
U002,2024-09-09 22:10:00,137.8,1,0.0,1.2,0,none,0,none
U002,2024-09-09 22:15:00,137.1,1,0.0,0.81,0,none,0,none
U002,2024-09-09 22:20:00,137.8,1,0.0,1.19,0,none,0,none
U003,2024-09-01 00:00:00,101.0,1,0.0,1.03,0,none,0,none
U003,2024-09-01 00:10:00,100.5,1,0.0,0.94,0,none,0,none
U003,2024-09-01 00:15:00,100.6,1,0.0,1.0,0,none,0,none
U003,2024-09-01 00:20:00,100.5,1,0.0,1.04,0,none,0,none
U003,2024-09-01 00:25:00,100.0,1,0.0,0.88,0,none,0,none
U003,2024-09-01 00:40:00,100.4,1,0.0,1.03,0,none,0,none
U003,2024-09-01 00:45:00,100.5,1,0.0,1.12,0,none,0,none
U003,2024-09-01 00:50:00,101.2,1,0.0,1.04,0,none,0,none
U003,2024-09-01 00:55:00,101.1,1,0.0,1.0,0,none,0,none
U003,2024-09-01 01:00:00,101.7,1,0.0,0.87,0,none,0,none
U003,2024-09-01 01:10:00,102.6,1,0.0,0.94,0,none,0,none
U003,2024-09-01 01:15:00,103.2,1,0.0,1.17,0,none,0,none
U003,2024-09-01 01:25:00,103.7,1,0.0,0.85,0,none,0,none
U003,2024-09-01 01:30:00,103.0,1,1.6,0.89,30,dinner,0,none
U003,2024-09-01 01:35:00,101.9,1,0.0,1.12,0,none,0,none
U003,2024-09-01 01:40:00,102.1,1,0.0,0.88,0,none,0,none
U003,2024-09-01 01:50:00,99.3,1,0.0,1.05,0,none,0,none
U003,2024-09-01 01:55:00,98.9,1,0.0,0.87,0,none,0,none
U003,2024-09-01 02:00:00,98.5,1,0.0,1.2,0,none,0,none
U003,2024-09-01 02:10:00,98.1,1,0.0,0.84,0,none,0,none
U003,2024-09-01 02:20:00,97.4,1,0.0,0.8,0,none,0,none
U003,2024-09-01 02:25:00,96.9,1,0.0,1.14,0,none,0,none
U003,2024-09-01 02:30:00,97.0,1,0.0,1.09,0,none,0,none
U003,2024-09-01 02:50:00,97.0,1,0.0,0.84,0,none,0,none
U003,2024-09-01 02:55:00,97.1,1,0.0,1.07,0,none,0,none
U003,2024-09-01 03:00:00,96.4,1,0.0,0.86,0,none,0,none
U003,2024-09-01 03:05:00,96.3,1,0.0,0.88,0,none,0,none
U003,2024-09-01 03:20:00,97.1,1,0.0,1.03,0,none,0,none
U003,2024-09-01 03:25:00,96.6,1,0.0,0.86,0,none,0,none
U003,2024-09-01 03:45:00,94.1,1,0.0,1.17,0,none,0,none
U003,2024-09-01 03:55:00,95.5,1,0.0,0.98,0,none,0,none
U003,2024-09-01 04:00:00,95.1,1,0.0,0.92,0,none,0,none
U003,2024-09-01 04:05:00,95.1,1,0.0,0.96,0,none,0,none
U003,2024-09-01 04:10:00,95.0,1,0.0,0.92,0,none,0,none
U003,2024-09-01 04:20:00,94.5,1,0.0,1.05,0,none,0,none
U003,2024-09-01 04:25:00,95.0,1,0.0,1.09,0,none,0,none
U003,2024-09-01 04:30:00,93.8,1,0.0,1.08,0,none,0,none
U003,2024-09-01 04:35:00,93.6,1,0.0,0.84,0,none,0,none
U003,2024-09-01 04:40:00,93.4,1,0.0,1.16,0,none,0,none
U003,2024-09-01 04:45:00,93.2,1,0.0,1.19,0,none,0,none
U003,2024-09-01 04:55:00,92.0,1,0.0,1.09,0,none,0,none
U003,2024-09-01 05:05:00,92.2,1,0.0,0.96,0,none,0,none
U003,2024-09-01 05:20:00,91.2,1,0.0,0.81,0,none,0,none
U003,2024-09-01 05:25:00,92.2,1,0.0,0.8,0,none,0,none
U003,2024-09-01 05:30:00,93.4,1,0.0,1.1,0,none,0,none
U003,2024-09-01 05:40:00,92.6,1,0.0,1.15,0,none,0,none
U003,2024-09-01 05:45:00,92.1,1,0.0,1.12,0,none,0,none
U003,2024-09-01 05:50:00,92.1,1,0.0,0.88,0,none,0,none
U003,2024-09-01 05:55:00,91.4,1,5.6,1.15,60,snack,0,none
U003,2024-09-01 06:00:00,91.2,1,0.0,1.15,0,none,0,none
U003,2024-09-01 06:05:00,91.8,1,0.0,0.92,0,none,0,none
U003,2024-09-01 06:10:00,91.6,1,0.0,1.13,0,none,0,none
U003,2024-09-01 06:15:00,91.4,1,0.0,0.82,0,none,0,none
U003,2024-09-01 06:20:00,91.9,1,0.0,0.93,0,none,0,none
U003,2024-09-01 06:30:00,92.5,1,0.0,0.92,0,none,0,none
U003,2024-09-01 06:35:00,92.6,1,0.0,1.04,0,none,0,none
U003,2024-09-01 06:40:00,91.8,1,0.0,0.88,0,none,0,none
U003,2024-09-01 06:45:00,92.8,1,0.0,0.9,0,none,0,none
U003,2024-09-01 06:50:00,93.3,1,0.0,1.13,0,none,0,none
U003,2024-09-01 07:00:00,92.5,1,0.0,1.13,0,none,0,none
U003,2024-09-01 07:20:00,92.2,1,0.0,0.98,0,none,0,none
U003,2024-09-01 07:25:00,92.2,1,0.0,0.95,0,none,0,none
U003,2024-09-01 07:30:00,91.8,1,0.0,1.14,0,none,0,none
U003,2024-09-01 07:45:00,92.6,1,5.7,1.18,75,lunch,0,none
U003,2024-09-01 08:10:00,93.8,1,0.0,1.01,0,none,0,none
U003,2024-09-01 08:15:00,94.3,1,0.0,0.8,0,none,0,none
U003,2024-09-01 08:30:00,96.1,0,0.0,0.85,0,none,0,none
U003,2024-09-01 08:40:00,98.0,1,0.0,1.1,0,none,0,none
U003,2024-09-01 08:50:00,97.6,1,0.0,1.01,0,none,0,none
U003,2024-09-01 08:55:00,97.7,1,0.0,1.18,0,none,0,none
U003,2024-09-01 09:00:00,97.2,1,0.0,0.87,0,none,0,none
U003,2024-09-01 09:05:00,96.9,1,0.0,1.19,0,none,0,none
U003,2024-09-01 09:25:00,96.8,1,0.0,0.93,0,none,0,none
U003,2024-09-01 09:30:00,96.6,1,0.0,0.88,0,none,0,none
U003,2024-09-01 09:35:00,96.9,1,0.0,0.99,0,none,0,none
U003,2024-09-01 09:40:00,96.6,1,0.0,1.05,0,none,0,none
U003,2024-09-01 09:55:00,97.5,1,0.0,0.98,0,none,0,none
U003,2024-09-01 10:00:00,97.7,1,0.0,1.13,0,none,0,none
U003,2024-09-01 10:05:00,97.5,1,0.0,0.88,0,none,0,none
U003,2024-09-01 10:10:00,98.3,1,0.0,1.08,0,none,0,none
U003,2024-09-01 10:20:00,98.7,1,0.0,0.84,0,none,0,none
U003,2024-09-01 10:25:00,98.9,1,0.0,0.96,0,none,0,none
U003,2024-09-01 10:30:00,99.1,1,0.0,0.9,0,none,0,none
U003,2024-09-01 10:35:00,99.6,1,0.0,1.02,0,none,0,none
U003,2024-09-01 10:40:00,98.8,1,0.0,0.9,0,none,0,none
U003,2024-09-01 10:55:00,100.8,1,0.0,0.8,0,none,0,none
U003,2024-09-01 11:00:00,100.5,1,0.0,1.02,0,none,0,none
U003,2024-09-01 11:10:00,99.9,1,0.0,1.05,0,none,0,none
U003,2024-09-01 11:15:00,99.9,1,2.2,1.06,30,snack,0,none
U003,2024-09-01 11:20:00,100.5,1,0.0,1.19,0,none,0,none
U003,2024-09-01 11:30:00,99.9,1,0.0,1.08,0,none,0,none
U003,2024-09-01 11:40:00,99.9,1,0.0,0.82,0,none,0,none
U003,2024-09-01 11:50:00,101.6,1,0.0,0.92,0,none,0,none
U003,2024-09-01 11:55:00,101.6,1,0.0,1.0,0,none,0,none
U003,2024-09-01 12:00:00,100.0,1,0.0,1.09,0,none,2824,high
U003,2024-09-01 12:05:00,99.1,1,6.0,1.04,75,breakfast,0,none
U003,2024-09-01 12:10:00,98.5,1,0.0,0.95,0,none,0,none
U003,2024-09-01 12:15:00,98.8,1,0.0,1.11,0,none,1997,medium
U003,2024-09-01 12:20:00,99.1,1,0.0,1.0,0,none,0,none
U003,2024-09-01 12:35:00,99.2,1,0.0,1.12,0,none,0,none
U003,2024-09-01 12:50:00,99.6,1,7.5,0.98,90,lunch,0,none
U003,2024-09-01 13:00:00,99.0,1,0.0,1.14,0,none,0,none
U003,2024-09-01 13:05:00,98.7,1,0.0,1.18,0,none,0,none
U003,2024-09-01 13:10:00,99.4,1,0.0,1.12,0,none,0,none
U003,2024-09-01 13:15:00,99.0,1,0.0,1.02,0,none,0,none
U003,2024-09-01 13:20:00,100.3,1,0.0,0.93,0,none,0,none
U003,2024-09-01 13:30:00,100.7,1,0.0,0.96,0,none,0,none
U003,2024-09-01 13:35:00,100.7,1,0.0,1.17,0,none,0,none
U003,2024-09-01 13:50:00,101.7,1,0.0,1.07,0,none,0,none
U003,2024-09-01 14:00:00,102.4,1,0.0,0.93,0,none,0,none
U003,2024-09-01 14:15:00,101.1,1,0.0,0.94,0,none,0,none
U003,2024-09-01 14:20:00,101.4,1,0.0,0.89,0,none,0,none
U003,2024-09-01 14:35:00,101.3,1,0.0,1.12,0,none,0,none
U003,2024-09-01 14:50:00,101.1,1,0.0,1.16,0,none,0,none
U003,2024-09-01 14:55:00,102.4,1,0.0,1.04,0,none,0,none
U003,2024-09-01 15:00:00,102.0,1,0.0,1.12,0,none,0,none
U003,2024-09-01 15:05:00,101.6,1,0.0,0.99,0,none,0,none
U003,2024-09-01 15:25:00,103.6,1,0.0,1.05,0,none,0,none
U003,2024-09-01 15:30:00,103.8,1,0.0,0.95,0,none,0,none
U003,2024-09-01 15:35:00,103.5,1,0.0,1.08,0,none,0,none
U003,2024-09-01 15:55:00,104.2,1,0.0,0.96,0,none,0,none
U003,2024-09-01 16:05:00,104.1,1,0.0,1.17,0,none,0,none
U003,2024-09-01 16:10:00,103.6,1,0.0,0.91,0,none,0,none
U003,2024-09-01 16:15:00,103.6,1,0.0,0.98,0,none,0,none
U003,2024-09-01 16:25:00,103.5,1,0.0,1.16,0,none,0,none
U003,2024-09-01 16:35:00,104.5,1,0.0,0.98,0,none,0,none
U003,2024-09-01 16:40:00,105.2,1,0.0,1.11,0,none,0,none
U003,2024-09-01 16:50:00,105.6,1,0.0,0.94,0,none,0,none
U003,2024-09-01 16:55:00,106.5,1,0.0,1.12,0,none,0,none
U003,2024-09-01 17:00:00,106.6,0,5.5,1.0,60,dinner,0,none
U003,2024-09-01 17:05:00,106.1,1,0.0,1.04,0,none,0,none
U003,2024-09-01 17:10:00,105.8,1,0.0,1.13,0,none,0,none
U003,2024-09-01 17:15:00,105.5,1,0.0,0.82,0,none,0,none
U003,2024-09-01 17:20:00,106.2,1,0.0,0.83,0,none,0,none
U003,2024-09-01 17:30:00,106.2,1,0.0,1.05,0,none,0,none
U003,2024-09-01 17:35:00,106.5,1,0.0,0.91,0,none,0,none
U003,2024-09-01 17:40:00,107.2,1,0.0,1.0,0,none,0,none
U003,2024-09-01 17:45:00,107.2,1,0.0,0.88,0,none,0,none
U003,2024-09-01 17:50:00,107.8,1,0.0,0.97,0,none,0,none
U003,2024-09-01 17:55:00,106.8,1,0.0,1.07,0,none,0,none
U003,2024-09-01 18:00:00,106.7,1,0.0,1.01,0,none,0,none
U003,2024-09-01 18:05:00,106.8,1,0.0,1.02,0,none,0,none
U003,2024-09-01 18:10:00,107.1,1,0.0,0.98,0,none,0,none
U003,2024-09-01 18:15:00,107.2,1,0.0,0.98,0,none,0,none
U003,2024-09-01 18:25:00,106.8,1,0.0,1.05,0,none,0,none
U003,2024-09-01 18:35:00,106.4,1,0.0,1.08,0,none,0,none
U003,2024-09-01 18:45:00,107.2,1,0.0,1.16,0,none,0,none
U003,2024-09-01 19:05:00,107.4,1,0.0,1.09,0,none,0,none
U003,2024-09-01 19:10:00,106.0,1,0.0,0.83,0,none,0,none
U003,2024-09-01 19:15:00,103.9,1,0.0,0.92,0,none,3006,high
U003,2024-09-01 19:20:00,104.2,1,0.0,1.03,0,none,0,none
U003,2024-09-01 19:25:00,104.5,1,0.0,1.14,0,none,0,none
U003,2024-09-01 19:30:00,105.1,1,0.0,1.07,0,none,0,none
U003,2024-09-01 19:35:00,105.6,1,0.0,0.89,0,none,0,none
U003,2024-09-01 19:40:00,105.3,1,0.0,0.84,60,lunch,0,none
U003,2024-09-01 19:45:00,105.7,1,0.0,0.87,0,none,0,none
U003,2024-09-01 19:50:00,106.2,1,0.0,1.13,0,none,0,none
U003,2024-09-01 19:55:00,106.1,1,0.0,1.09,0,none,0,none
U003,2024-09-01 20:00:00,106.3,1,0.0,0.82,0,none,0,none
U003,2024-09-01 20:10:00,106.0,1,0.0,1.04,0,none,0,none
U003,2024-09-01 20:25:00,106.7,1,0.0,1.03,0,none,0,none
U003,2024-09-01 20:30:00,107.8,1,0.0,1.12,0,none,0,none
U003,2024-09-01 20:35:00,107.8,1,0.0,1.08,0,none,0,none
U003,2024-09-01 20:40:00,107.9,1,0.0,1.13,0,none,0,none
U003,2024-09-01 20:50:00,108.5,1,6.4,0.97,90,breakfast,0,none
U003,2024-09-01 21:05:00,107.0,1,0.0,1.17,0,none,0,none
U003,2024-09-01 21:10:00,106.8,1,1.9,0.81,30,breakfast,0,none
U003,2024-09-01 21:25:00,107.0,1,0.0,1.18,0,none,0,none
U003,2024-09-01 21:30:00,106.8,1,0.0,1.03,0,none,0,none
U003,2024-09-01 21:35:00,107.0,1,0.0,0.83,0,none,0,none
U003,2024-09-01 21:45:00,107.3,1,0.0,1.04,0,none,0,none
U003,2024-09-01 22:10:00,106.3,1,0.0,1.05,0,none,0,none
U003,2024-09-01 22:15:00,106.6,1,0.0,0.9,0,none,0,none
U003,2024-09-01 22:20:00,106.9,1,2.7,1.02,45,breakfast,0,none
U003,2024-09-01 22:30:00,106.1,0,0.0,0.98,0,none,0,none
U003,2024-09-01 22:40:00,106.5,1,0.0,0.9,0,none,0,none
U003,2024-09-01 22:50:00,106.9,1,0.0,0.87,0,none,0,none
U003,2024-09-01 22:55:00,106.4,1,5.3,0.95,60,snack,0,none
U003,2024-09-01 23:00:00,106.2,1,0.0,1.19,0,none,0,none
U003,2024-09-01 23:15:00,106.7,1,0.0,0.86,0,none,0,none
U003,2024-09-01 23:20:00,106.3,1,0.0,1.2,0,none,0,none
U003,2024-09-01 23:25:00,106.2,1,0.0,0.9,0,none,0,none
U003,2024-09-01 23:40:00,107.8,1,0.0,1.1,0,none,0,none
U003,2024-09-01 23:45:00,108.1,1,0.0,1.06,0,none,0,none
U003,2024-09-02 00:00:00,108.5,1,0.0,1.1,0,none,0,none
U003,2024-09-02 00:10:00,107.8,1,0.0,1.14,0,none,0,none
U003,2024-09-02 00:15:00,108.3,1,0.0,0.91,0,none,0,none
U003,2024-09-02 00:20:00,108.4,1,0.0,1.18,0,none,0,none
U003,2024-09-02 00:30:00,108.8,1,0.0,1.14,0,none,0,none
U003,2024-09-02 00:35:00,108.5,1,0.0,1.11,0,none,0,none
U003,2024-09-02 00:50:00,108.3,1,0.0,1.11,0,none,0,none
U003,2024-09-02 01:00:00,109.0,1,0.0,0.91,0,none,0,none
U003,2024-09-02 01:15:00,110.5,1,0.0,0.97,0,none,0,none
U003,2024-09-02 01:35:00,110.3,1,0.0,0.92,0,none,0,none
U003,2024-09-02 01:45:00,110.4,1,0.0,1.02,0,none,0,none
U003,2024-09-02 01:50:00,110.7,1,0.0,0.93,0,none,0,none
U003,2024-09-02 02:00:00,111.2,1,0.0,0.92,0,none,0,none
U003,2024-09-02 02:05:00,111.1,1,0.0,1.07,0,none,0,none
U003,2024-09-02 02:10:00,111.6,1,0.0,1.1,0,none,0,none
U003,2024-09-02 02:15:00,111.5,1,5.8,0.81,75,dinner,0,none
U003,2024-09-02 02:30:00,110.3,1,0.0,1.18,0,none,0,none
U003,2024-09-02 02:35:00,110.4,0,0.0,1.02,0,none,0,none
U003,2024-09-02 02:40:00,109.6,1,0.0,0.82,0,none,0,none
U003,2024-09-02 02:45:00,109.7,1,0.0,1.19,0,none,0,none
U003,2024-09-02 02:50:00,110.1,1,0.0,1.11,0,none,0,none
U003,2024-09-02 03:10:00,111.1,1,0.0,1.19,0,none,0,none
U003,2024-09-02 03:15:00,110.4,1,0.0,1.19,0,none,0,none
U003,2024-09-02 03:20:00,110.3,1,0.0,1.05,0,none,0,none
U003,2024-09-02 03:35:00,111.1,1,0.0,0.86,0,none,0,none
U003,2024-09-02 03:40:00,111.5,1,0.0,0.81,0,none,0,none
U003,2024-09-02 03:45:00,111.6,1,0.0,1.08,0,none,0,none
U003,2024-09-02 04:05:00,110.1,1,0.0,1.02,0,none,0,none
U003,2024-09-02 04:10:00,110.3,1,0.0,0.93,0,none,0,none
U003,2024-09-02 04:15:00,109.6,1,0.0,1.02,0,none,0,none
U003,2024-09-02 04:25:00,108.2,1,0.0,1.02,0,none,0,none
U003,2024-09-02 04:35:00,108.0,1,0.0,0.83,0,none,0,none
U003,2024-09-02 04:50:00,108.6,1,0.0,1.08,0,none,0,none
U003,2024-09-02 04:55:00,108.6,1,6.6,0.8,75,lunch,0,none
U003,2024-09-02 05:10:00,108.6,1,0.0,1.15,0,none,0,none
U003,2024-09-02 05:30:00,107.4,1,0.0,0.87,0,none,0,none
U003,2024-09-02 05:35:00,107.3,1,0.0,0.93,0,none,0,none
U003,2024-09-02 05:40:00,106.0,1,0.0,0.85,0,none,2172,high
U003,2024-09-02 05:45:00,105.8,1,0.0,0.8,0,none,0,none
U003,2024-09-02 05:50:00,106.4,1,0.0,0.81,0,none,0,none
U003,2024-09-02 05:55:00,106.4,1,0.0,0.99,0,none,0,none
U003,2024-09-02 06:05:00,107.2,1,0.0,1.06,0,none,0,none
U003,2024-09-02 06:10:00,106.9,1,0.0,0.82,0,none,0,none
U003,2024-09-02 06:25:00,107.3,1,0.0,0.83,0,none,0,none
U003,2024-09-02 06:30:00,106.3,1,0.0,1.09,0,none,0,none
U003,2024-09-02 06:35:00,106.5,1,0.0,1.1,0,none,0,none
U003,2024-09-02 06:40:00,106.7,1,0.0,1.0,0,none,0,none
U003,2024-09-02 06:50:00,106.7,1,0.0,0.85,0,none,0,none
U003,2024-09-02 07:00:00,106.5,1,0.0,1.09,0,none,0,none
U003,2024-09-02 07:15:00,107.1,0,0.0,1.1,75,snack,0,none
U003,2024-09-02 07:25:00,107.1,1,0.0,1.03,0,none,0,none
U003,2024-09-02 07:30:00,106.5,1,0.0,1.08,0,none,0,none
U003,2024-09-02 07:35:00,107.5,1,0.0,0.91,0,none,0,none
U003,2024-09-02 07:40:00,107.7,1,0.0,0.95,0,none,0,none
U003,2024-09-02 07:45:00,107.1,1,0.0,0.97,0,none,0,none
U003,2024-09-02 07:50:00,107.5,1,0.0,1.06,0,none,0,none
U003,2024-09-02 08:05:00,108.4,1,0.0,1.0,0,none,0,none
U003,2024-09-02 08:10:00,108.0,1,0.0,0.88,0,none,0,none
U003,2024-09-02 08:15:00,107.8,1,0.0,1.18,0,none,0,none
U003,2024-09-02 08:25:00,108.9,1,0.0,0.93,0,none,0,none
U003,2024-09-02 08:35:00,109.6,1,0.0,0.85,0,none,0,none
U003,2024-09-02 08:40:00,109.6,1,0.0,0.9,0,none,0,none
U003,2024-09-02 08:55:00,110.0,1,0.0,0.92,0,none,0,none
U003,2024-09-02 09:15:00,111.0,1,0.0,0.89,0,none,0,none
U003,2024-09-02 09:25:00,111.3,1,0.0,0.91,0,none,0,none
U003,2024-09-02 09:30:00,111.5,1,0.0,1.05,0,none,0,none
U003,2024-09-02 09:35:00,111.3,1,0.0,0.98,0,none,0,none
U003,2024-09-02 09:40:00,111.5,1,0.0,1.03,0,none,0,none
U003,2024-09-02 09:45:00,111.7,1,0.0,1.02,0,none,0,none
U003,2024-09-02 09:55:00,111.7,1,0.0,1.11,0,none,0,none
U003,2024-09-02 10:00:00,112.0,1,0.0,1.12,0,none,0,none
U003,2024-09-02 10:10:00,111.3,1,0.0,1.15,0,none,0,none
U003,2024-09-02 10:15:00,110.9,1,0.0,1.16,0,none,0,none
U003,2024-09-02 10:35:00,109.5,1,0.0,1.08,0,none,0,none
U003,2024-09-02 10:40:00,110.0,1,0.0,1.11,0,none,0,none
U003,2024-09-02 10:45:00,110.2,1,0.0,0.98,0,none,0,none
U003,2024-09-02 10:50:00,108.3,1,0.0,1.16,0,none,901,medium
U003,2024-09-02 11:00:00,109.2,1,0.0,1.07,0,none,0,none
U003,2024-09-02 11:05:00,108.3,1,0.0,1.19,0,none,0,none
U003,2024-09-02 11:10:00,108.6,1,0.0,1.14,0,none,0,none
U003,2024-09-02 11:20:00,110.1,1,0.0,1.16,0,none,0,none
U003,2024-09-02 11:30:00,109.8,1,0.0,1.06,0,none,0,none
U003,2024-09-02 11:45:00,108.5,1,0.0,0.86,0,none,0,none
U003,2024-09-02 11:50:00,109.2,1,0.0,1.05,0,none,0,none
U003,2024-09-02 12:20:00,109.6,1,0.0,0.92,0,none,0,none
U003,2024-09-02 12:30:00,110.1,1,0.0,0.87,0,none,0,none
U003,2024-09-02 12:45:00,111.0,1,0.0,0.92,0,none,0,none
U003,2024-09-02 12:55:00,111.2,1,0.0,1.06,0,none,0,none
U003,2024-09-02 13:15:00,109.4,1,0.0,0.98,0,none,0,none
U003,2024-09-02 13:25:00,108.9,1,0.0,1.06,0,none,0,none
U003,2024-09-02 13:35:00,109.4,1,0.0,1.13,0,none,0,none
U003,2024-09-02 13:40:00,109.1,1,0.0,1.01,0,none,0,none
U003,2024-09-02 13:55:00,108.2,1,0.0,1.12,0,none,0,none
U003,2024-09-02 14:10:00,107.2,1,0.0,0.93,0,none,0,none
U003,2024-09-02 14:15:00,107.5,1,0.0,1.14,0,none,0,none
U003,2024-09-02 14:25:00,108.0,1,0.0,1.18,0,none,0,none
U003,2024-09-02 14:30:00,108.9,1,0.0,1.1,0,none,0,none
U003,2024-09-02 14:40:00,107.5,1,0.0,0.8,0,none,0,none
U003,2024-09-02 14:50:00,108.4,1,0.0,0.83,0,none,1942,low
U003,2024-09-02 14:55:00,108.5,1,0.0,1.15,0,none,0,none
U003,2024-09-02 15:00:00,109.2,1,0.0,1.01,0,none,0,none
U003,2024-09-02 15:15:00,108.6,1,0.0,1.03,0,none,0,none
U003,2024-09-02 15:30:00,108.7,1,0.0,1.08,0,none,0,none
U003,2024-09-02 15:35:00,109.5,1,0.0,0.95,0,none,0,none
U003,2024-09-02 15:45:00,108.4,1,0.0,0.87,0,none,0,none
U003,2024-09-02 15:55:00,108.9,1,0.0,1.11,0,none,0,none
U003,2024-09-02 16:05:00,108.3,1,0.0,1.15,0,none,0,none
U003,2024-09-02 16:20:00,108.9,1,0.0,1.16,0,none,0,none
U003,2024-09-02 16:25:00,108.3,1,0.0,1.07,0,none,0,none
U003,2024-09-02 16:30:00,108.3,1,0.0,1.13,0,none,0,none
U003,2024-09-02 16:45:00,107.4,1,0.0,0.95,0,none,0,none
U003,2024-09-02 17:00:00,108.4,1,0.0,1.0,0,none,0,none
U003,2024-09-02 17:05:00,108.3,1,0.0,1.19,0,none,0,none
U003,2024-09-02 17:20:00,109.2,1,0.0,1.01,0,none,0,none
U003,2024-09-02 17:40:00,107.1,1,0.0,0.9,0,none,0,none
U003,2024-09-02 17:45:00,107.4,1,0.0,0.86,0,none,0,none
U003,2024-09-02 17:50:00,106.6,1,0.0,1.01,0,none,0,none
U003,2024-09-02 18:05:00,106.9,1,0.0,1.08,0,none,0,none
U003,2024-09-02 18:10:00,107.8,1,0.0,1.16,0,none,0,none
U003,2024-09-02 18:15:00,105.1,1,0.0,1.16,0,none,662,low
U003,2024-09-02 18:20:00,105.4,1,0.0,1.08,0,none,0,none
U003,2024-09-02 18:35:00,105.8,1,0.0,1.04,0,none,0,none
U003,2024-09-02 18:40:00,105.4,1,0.0,0.91,0,none,0,none
U003,2024-09-02 18:45:00,106.2,1,0.0,1.02,0,none,0,none
U003,2024-09-02 19:00:00,106.7,1,0.0,0.85,0,none,0,none
U003,2024-09-02 19:05:00,106.9,1,0.0,0.92,0,none,0,none
U003,2024-09-02 19:15:00,106.7,1,0.0,0.95,0,none,0,none
U003,2024-09-02 19:25:00,106.1,1,2.6,1.07,30,breakfast,0,none
U003,2024-09-02 19:45:00,103.4,1,0.0,1.13,0,none,0,none
U003,2024-09-02 19:55:00,103.3,1,0.0,0.96,0,none,0,none
U003,2024-09-02 20:00:00,103.0,1,0.0,1.09,0,none,0,none
U003,2024-09-02 20:10:00,103.3,1,0.0,0.94,0,none,0,none
U003,2024-09-02 20:20:00,104.3,1,0.0,1.05,0,none,0,none
U003,2024-09-02 20:25:00,104.4,1,0.0,1.13,0,none,0,none
U003,2024-09-02 20:35:00,105.7,1,0.0,0.95,0,none,0,none
U003,2024-09-02 20:45:00,105.2,1,0.0,1.12,0,none,0,none
U003,2024-09-02 20:55:00,105.5,1,0.0,1.01,0,none,0,none
U003,2024-09-02 21:05:00,106.8,1,0.0,0.81,0,none,0,none
U003,2024-09-02 21:10:00,106.5,1,0.0,0.86,0,none,0,none
U003,2024-09-02 21:15:00,106.0,1,0.0,1.08,0,none,4285,medium
U003,2024-09-02 21:25:00,106.9,1,0.0,0.99,0,none,0,none
U003,2024-09-02 21:55:00,107.2,1,0.0,0.96,0,none,0,none
U003,2024-09-02 22:10:00,108.0,1,4.8,1.16,60,dinner,0,none
U003,2024-09-02 22:15:00,108.0,1,0.0,1.2,0,none,0,none
U003,2024-09-02 22:20:00,108.7,1,0.0,1.17,0,none,0,none
U003,2024-09-02 22:25:00,108.9,1,0.0,1.11,0,none,0,none
U003,2024-09-02 22:35:00,109.0,1,0.0,1.17,0,none,0,none
U003,2024-09-02 22:40:00,108.9,1,0.0,1.17,0,none,0,none
U003,2024-09-02 22:45:00,108.3,1,0.0,1.13,0,none,0,none
U003,2024-09-02 22:50:00,108.2,1,0.0,0.82,0,none,0,none
U003,2024-09-02 22:55:00,108.2,1,6.6,1.07,75,breakfast,0,none
U003,2024-09-02 23:05:00,108.7,1,0.0,1.13,0,none,3083,high
U003,2024-09-02 23:10:00,109.3,1,0.0,1.0,0,none,0,none
U003,2024-09-02 23:20:00,109.2,1,0.0,0.94,0,none,0,none
U003,2024-09-02 23:25:00,108.6,1,0.0,0.87,0,none,0,none
U003,2024-09-02 23:30:00,108.3,1,0.0,1.16,0,none,0,none
U003,2024-09-02 23:35:00,108.1,1,0.0,0.91,0,none,0,none
U003,2024-09-02 23:40:00,108.4,1,3.0,1.11,30,snack,0,none
U003,2024-09-02 23:45:00,107.2,0,0.0,0.92,0,none,0,none
U003,2024-09-02 23:50:00,108.4,1,0.0,0.94,0,none,0,none
U003,2024-09-02 23:55:00,109.0,1,0.0,1.18,0,none,0,none
U003,2024-09-03 00:05:00,108.3,1,0.0,1.12,0,none,0,none
U003,2024-09-03 00:15:00,108.6,1,0.0,1.08,0,none,0,none
U003,2024-09-03 00:25:00,106.1,1,0.0,1.04,0,none,875,medium
U003,2024-09-03 00:30:00,106.6,1,0.0,1.17,0,none,0,none
U003,2024-09-03 00:45:00,106.2,1,0.0,1.13,0,none,0,none
U003,2024-09-03 00:50:00,106.2,1,0.0,0.92,0,none,0,none
U003,2024-09-03 00:55:00,106.6,1,0.0,0.98,0,none,0,none
U003,2024-09-03 01:00:00,106.6,1,0.0,0.96,0,none,0,none
U003,2024-09-03 01:05:00,106.3,1,0.0,0.89,0,none,0,none
U003,2024-09-03 01:10:00,106.4,1,3.1,0.85,45,breakfast,0,none
U003,2024-09-03 01:30:00,106.5,1,0.0,0.85,0,none,0,none
U003,2024-09-03 01:40:00,106.8,1,0.0,1.16,0,none,0,none
U003,2024-09-03 01:45:00,106.1,1,0.0,0.93,0,none,0,none
U003,2024-09-03 02:00:00,107.0,1,0.0,1.07,0,none,0,none
U003,2024-09-03 02:05:00,106.7,1,0.0,1.16,0,none,0,none
U003,2024-09-03 02:10:00,107.3,1,0.0,0.89,0,none,0,none
U003,2024-09-03 02:15:00,106.6,1,0.0,0.85,0,none,0,none
U003,2024-09-03 02:25:00,106.9,1,0.0,1.06,0,none,1969,medium
U003,2024-09-03 02:40:00,107.1,1,0.0,1.04,0,none,0,none
U003,2024-09-03 03:00:00,108.7,1,0.0,0.82,0,none,0,none
U003,2024-09-03 03:10:00,109.4,1,0.0,1.16,0,none,0,none
U003,2024-09-03 03:15:00,109.6,1,0.0,1.01,0,none,0,none
U003,2024-09-03 03:20:00,110.2,1,0.0,1.18,0,none,0,none
U003,2024-09-03 03:25:00,110.3,1,0.0,0.83,0,none,0,none
U003,2024-09-03 03:30:00,110.1,1,0.0,0.91,0,none,0,none
U003,2024-09-03 03:35:00,110.2,1,0.0,1.14,0,none,0,none
U003,2024-09-03 03:40:00,110.3,1,0.0,1.08,0,none,0,none
U003,2024-09-03 03:45:00,110.1,1,0.0,1.11,0,none,0,none
U003,2024-09-03 03:50:00,109.3,1,0.0,0.81,0,none,0,none
U003,2024-09-03 03:55:00,109.7,1,0.0,0.95,0,none,0,none
U003,2024-09-03 04:00:00,108.7,1,0.0,0.88,0,none,0,none
U003,2024-09-03 04:05:00,108.7,1,0.0,1.02,0,none,0,none
U003,2024-09-03 04:25:00,109.7,1,0.0,0.94,0,none,0,none
U003,2024-09-03 04:35:00,109.8,1,0.0,0.85,0,none,0,none
U003,2024-09-03 04:50:00,109.9,1,0.0,0.82,0,none,0,none
U003,2024-09-03 05:10:00,110.5,1,0.0,0.86,0,none,0,none
U003,2024-09-03 05:20:00,110.7,1,0.0,1.09,0,none,0,none
U003,2024-09-03 05:25:00,110.9,1,0.0,1.1,0,none,0,none
U003,2024-09-03 05:35:00,110.9,1,0.0,0.86,0,none,0,none
U003,2024-09-03 05:50:00,109.8,1,0.0,0.97,0,none,0,none
U003,2024-09-03 06:00:00,109.1,1,0.0,1.19,0,none,0,none
U003,2024-09-03 06:25:00,109.8,1,0.0,1.18,0,none,0,none
U003,2024-09-03 06:30:00,110.0,1,0.0,1.01,0,none,0,none
U003,2024-09-03 06:40:00,109.0,1,0.0,1.07,0,none,0,none
U003,2024-09-03 06:45:00,109.3,1,0.0,1.08,0,none,0,none
U003,2024-09-03 06:50:00,109.6,1,0.0,1.11,0,none,0,none
U003,2024-09-03 06:55:00,110.0,1,0.0,0.82,0,none,0,none
U003,2024-09-03 07:00:00,109.5,1,0.0,1.14,0,none,0,none
U003,2024-09-03 07:05:00,110.2,1,0.0,0.97,0,none,0,none
U003,2024-09-03 07:15:00,110.4,1,0.0,1.15,0,none,0,none
U003,2024-09-03 07:25:00,110.9,1,0.0,0.87,0,none,0,none
U003,2024-09-03 07:35:00,110.3,1,2.6,1.19,30,lunch,0,none
U003,2024-09-03 07:40:00,109.7,1,0.0,1.01,0,none,0,none
U003,2024-09-03 07:45:00,110.1,1,0.0,0.98,0,none,0,none
U003,2024-09-03 07:50:00,110.3,1,0.0,0.98,0,none,0,none
U003,2024-09-03 07:55:00,110.7,1,0.0,1.14,0,none,0,none
U003,2024-09-03 08:05:00,108.5,1,0.0,0.9,0,none,3254,low
U003,2024-09-03 08:15:00,108.4,1,0.0,0.91,0,none,0,none
U003,2024-09-03 08:30:00,109.0,1,0.0,1.19,0,none,0,none
U003,2024-09-03 08:35:00,109.1,1,0.0,1.07,0,none,0,none
U003,2024-09-03 08:40:00,109.7,1,0.0,0.88,0,none,0,none
U003,2024-09-03 08:50:00,108.9,1,0.0,0.89,0,none,0,none
U003,2024-09-03 09:15:00,107.7,1,0.0,1.01,0,none,0,none
U003,2024-09-03 09:20:00,107.5,1,0.0,1.1,0,none,0,none
U003,2024-09-03 09:25:00,108.0,1,0.0,1.2,0,none,0,none
U003,2024-09-03 09:30:00,108.0,1,0.0,1.08,0,none,0,none
U003,2024-09-03 09:35:00,107.7,1,0.0,0.91,0,none,0,none
U003,2024-09-03 09:40:00,108.2,1,0.0,1.09,0,none,0,none
U003,2024-09-03 09:55:00,106.6,1,0.0,0.92,0,none,0,none
U003,2024-09-03 10:05:00,106.7,1,0.0,0.97,0,none,0,none
U003,2024-09-03 10:10:00,107.4,1,2.8,1.11,45,dinner,0,none
U003,2024-09-03 10:20:00,107.3,1,0.0,1.13,0,none,0,none
U003,2024-09-03 10:25:00,108.0,1,0.0,0.86,0,none,0,none
U003,2024-09-03 10:30:00,108.0,1,0.0,0.88,0,none,0,none
U003,2024-09-03 10:35:00,108.0,1,0.0,0.93,0,none,0,none
U003,2024-09-03 10:50:00,108.0,1,0.0,0.83,0,none,0,none
U003,2024-09-03 10:55:00,108.1,1,0.0,1.05,0,none,0,none
U003,2024-09-03 11:00:00,107.6,1,0.0,0.9,0,none,0,none
U003,2024-09-03 11:10:00,107.4,1,0.0,0.96,0,none,0,none
U003,2024-09-03 11:15:00,107.4,1,0.0,0.99,0,none,0,none
U003,2024-09-03 11:20:00,107.9,1,0.0,0.87,0,none,0,none
U003,2024-09-03 11:25:00,108.0,1,0.0,1.15,0,none,0,none
U003,2024-09-03 11:30:00,108.4,1,0.0,0.9,0,none,0,none
U003,2024-09-03 11:35:00,108.8,1,0.0,0.84,0,none,0,none
U003,2024-09-03 11:40:00,109.6,1,0.0,0.88,0,none,0,none
U003,2024-09-03 11:45:00,109.2,1,0.0,0.89,0,none,0,none
U003,2024-09-03 11:50:00,107.8,1,0.0,0.96,0,none,2979,low
U003,2024-09-03 11:55:00,107.5,1,0.0,1.13,0,none,0,none
U003,2024-09-03 12:00:00,106.9,1,0.0,1.18,0,none,0,none
U003,2024-09-03 12:15:00,107.2,1,0.0,1.02,30,dinner,0,none
U003,2024-09-03 12:25:00,107.6,1,0.0,0.97,0,none,0,none
U003,2024-09-03 12:40:00,108.2,1,0.0,0.97,0,none,0,none
U003,2024-09-03 12:45:00,107.5,1,0.0,0.86,0,none,0,none
U003,2024-09-03 12:50:00,108.4,1,0.0,1.05,0,none,0,none
U003,2024-09-03 13:05:00,106.1,1,0.0,1.09,0,none,0,none
U003,2024-09-03 13:10:00,106.8,1,0.0,1.05,0,none,0,none
U003,2024-09-03 13:25:00,107.9,1,0.0,1.11,0,none,0,none
U003,2024-09-03 13:35:00,108.2,1,0.0,1.03,0,none,0,none
U003,2024-09-03 13:40:00,108.5,1,0.0,0.83,0,none,0,none
U003,2024-09-03 13:45:00,109.1,1,0.0,1.06,0,none,0,none
U003,2024-09-03 13:50:00,108.7,1,0.0,0.98,0,none,0,none
U003,2024-09-03 14:15:00,108.5,1,0.0,1.14,0,none,0,none
U003,2024-09-03 14:20:00,107.1,1,0.0,0.81,0,none,0,none
U003,2024-09-03 14:30:00,107.6,1,0.0,1.06,0,none,0,none
U003,2024-09-03 14:35:00,107.9,1,0.0,0.84,0,none,0,none
U003,2024-09-03 14:50:00,106.2,1,0.0,0.96,0,none,0,none
U003,2024-09-03 15:00:00,106.2,1,0.0,1.17,0,none,0,none
U003,2024-09-03 15:05:00,105.7,1,0.0,0.89,0,none,0,none
U003,2024-09-03 15:15:00,104.0,1,0.0,0.93,0,none,0,none
U003,2024-09-03 15:30:00,104.4,1,0.0,0.84,0,none,0,none
U003,2024-09-03 15:40:00,105.3,1,0.0,0.94,0,none,0,none
U003,2024-09-03 15:55:00,106.0,1,0.0,1.02,0,none,0,none
U003,2024-09-03 16:05:00,106.0,1,0.0,0.88,0,none,0,none
U003,2024-09-03 16:10:00,105.9,1,0.0,0.99,0,none,0,none
U003,2024-09-03 16:15:00,106.0,1,0.0,0.91,0,none,0,none
U003,2024-09-03 16:20:00,106.0,1,0.0,0.98,0,none,0,none
U003,2024-09-03 16:35:00,108.4,1,0.0,0.96,0,none,0,none
U003,2024-09-03 16:40:00,108.4,1,0.0,0.81,0,none,0,none
U003,2024-09-03 16:45:00,108.0,1,0.0,1.02,0,none,0,none
U003,2024-09-03 16:50:00,108.1,1,0.0,1.04,0,none,0,none
U003,2024-09-03 16:55:00,107.6,1,0.0,0.99,0,none,0,none
U003,2024-09-03 17:05:00,107.9,1,0.0,1.16,0,none,0,none
U003,2024-09-03 17:10:00,108.0,1,0.0,0.81,0,none,0,none
U003,2024-09-03 17:15:00,108.1,1,0.0,1.05,0,none,0,none
U003,2024-09-03 17:30:00,108.1,1,0.0,0.85,0,none,0,none
U003,2024-09-03 17:35:00,106.9,1,0.0,0.84,0,none,1422,high
U003,2024-09-03 17:40:00,106.1,1,0.0,0.81,0,none,0,none
U003,2024-09-03 17:45:00,106.3,1,0.0,0.98,0,none,0,none
U003,2024-09-03 17:50:00,106.6,1,0.0,1.04,0,none,0,none
U003,2024-09-03 17:55:00,106.9,1,0.0,0.99,0,none,0,none
U003,2024-09-03 18:00:00,107.4,1,0.0,1.14,0,none,0,none
U003,2024-09-03 18:10:00,106.8,1,0.0,1.18,0,none,0,none
U003,2024-09-03 18:20:00,106.3,1,0.0,0.81,0,none,0,none
U003,2024-09-03 18:25:00,106.1,1,0.0,1.09,0,none,0,none
U003,2024-09-03 18:35:00,104.9,1,0.0,1.17,0,none,0,none
U003,2024-09-03 18:50:00,104.4,1,0.0,0.92,0,none,0,none
U003,2024-09-03 19:00:00,105.0,1,0.0,1.01,0,none,0,none
U003,2024-09-03 19:10:00,105.3,1,0.0,1.1,0,none,0,none
U003,2024-09-03 19:15:00,106.0,1,0.0,0.81,0,none,0,none
U003,2024-09-03 19:20:00,106.1,1,0.0,1.03,0,none,0,none
U003,2024-09-03 19:25:00,106.9,1,0.0,1.2,0,none,0,none
U003,2024-09-03 19:35:00,106.8,1,0.0,1.07,0,none,0,none
U003,2024-09-03 19:50:00,107.0,1,0.0,1.07,0,none,0,none
U003,2024-09-03 20:00:00,107.9,1,0.0,1.11,0,none,0,none
U003,2024-09-03 20:05:00,108.6,1,0.0,0.89,0,none,0,none
U003,2024-09-03 20:10:00,108.1,1,7.8,1.11,90,snack,0,none
U003,2024-09-03 20:15:00,107.5,1,0.0,0.96,0,none,0,none
U003,2024-09-03 20:20:00,106.0,1,0.0,1.15,0,none,2013,high
U003,2024-09-03 20:40:00,105.6,1,0.0,0.93,0,none,0,none
U003,2024-09-03 20:45:00,105.1,1,0.0,1.07,0,none,0,none
U003,2024-09-03 20:55:00,105.9,1,0.0,1.08,0,none,0,none
U003,2024-09-03 21:05:00,105.3,1,0.0,0.81,0,none,0,none
U003,2024-09-03 21:15:00,105.5,1,0.0,1.14,0,none,0,none
U003,2024-09-03 21:25:00,106.0,1,0.0,1.1,0,none,0,none
U003,2024-09-03 21:30:00,106.0,1,0.0,1.13,0,none,0,none
U003,2024-09-03 21:35:00,107.3,1,0.0,0.85,0,none,0,none
U003,2024-09-03 21:40:00,107.6,1,0.0,0.94,0,none,0,none
U003,2024-09-03 21:55:00,107.2,1,0.0,1.11,0,none,0,none
U003,2024-09-03 22:05:00,107.1,1,0.0,1.03,0,none,0,none
U003,2024-09-03 22:20:00,109.1,1,0.0,1.06,0,none,0,none
U003,2024-09-03 22:30:00,109.0,1,0.0,0.92,0,none,0,none
U003,2024-09-03 22:45:00,110.0,1,0.0,0.86,0,none,0,none
U003,2024-09-03 22:50:00,110.4,1,0.0,1.04,0,none,0,none
U003,2024-09-03 23:00:00,109.8,1,0.0,0.9,0,none,0,none
U003,2024-09-03 23:05:00,110.4,1,0.0,1.08,0,none,0,none
U003,2024-09-03 23:20:00,110.6,1,0.0,0.88,0,none,0,none
U003,2024-09-03 23:25:00,111.5,1,0.0,1.0,0,none,0,none
U003,2024-09-03 23:30:00,111.8,1,0.0,0.85,0,none,0,none
U003,2024-09-03 23:40:00,111.8,1,0.0,0.85,0,none,0,none
U003,2024-09-03 23:45:00,112.2,1,0.0,0.92,0,none,0,none
U003,2024-09-04 00:00:00,113.7,1,0.0,1.19,0,none,0,none
U003,2024-09-04 00:05:00,113.2,1,0.0,1.18,0,none,0,none
U003,2024-09-04 00:15:00,111.9,1,4.3,0.81,60,breakfast,0,none
U003,2024-09-04 00:20:00,111.2,1,0.0,1.16,0,none,0,none
U003,2024-09-04 00:25:00,111.2,1,1.7,1.12,30,lunch,0,none
U003,2024-09-04 00:35:00,111.6,1,0.0,1.19,0,none,0,none
U003,2024-09-04 00:40:00,111.1,1,0.0,1.05,0,none,0,none
U003,2024-09-04 00:50:00,110.8,1,0.0,0.85,0,none,0,none
U003,2024-09-04 00:55:00,111.6,1,0.0,1.08,0,none,0,none
U003,2024-09-04 01:05:00,111.4,1,4.2,1.07,60,breakfast,0,none
U003,2024-09-04 01:10:00,112.1,1,0.0,0.92,0,none,0,none
U003,2024-09-04 01:15:00,112.0,1,0.0,1.01,0,none,0,none
U003,2024-09-04 01:20:00,111.2,1,0.0,0.96,0,none,0,none
U003,2024-09-04 01:25:00,111.6,1,0.0,1.03,0,none,0,none
U003,2024-09-04 01:30:00,111.6,1,0.0,0.93,0,none,0,none
U003,2024-09-04 01:35:00,112.1,1,0.0,0.98,0,none,0,none
U003,2024-09-04 01:40:00,111.7,1,0.0,1.14,0,none,0,none
U003,2024-09-04 02:00:00,110.4,1,0.0,0.94,0,none,0,none
U003,2024-09-04 02:05:00,110.5,1,0.0,0.92,0,none,0,none
U003,2024-09-04 02:10:00,110.5,1,0.0,1.02,0,none,0,none
U003,2024-09-04 02:15:00,110.9,1,0.0,0.91,0,none,0,none
U003,2024-09-04 02:25:00,110.5,1,0.0,1.18,0,none,0,none
U003,2024-09-04 02:50:00,106.0,1,0.0,1.13,0,none,0,none
U003,2024-09-04 02:55:00,106.7,1,0.0,0.97,0,none,0,none
U003,2024-09-04 03:05:00,106.1,1,0.0,0.81,0,none,0,none
U003,2024-09-04 03:10:00,106.9,1,0.0,0.93,0,none,0,none
U003,2024-09-04 03:15:00,107.0,1,0.0,0.85,0,none,0,none
U003,2024-09-04 03:20:00,107.6,1,0.0,1.1,0,none,0,none
U003,2024-09-04 03:25:00,107.8,1,0.0,0.94,0,none,0,none
U003,2024-09-04 03:30:00,107.3,1,0.0,1.0,0,none,0,none
U003,2024-09-04 03:35:00,106.6,1,0.0,1.14,0,none,0,none
U003,2024-09-04 03:45:00,106.2,1,0.0,1.13,0,none,0,none
U003,2024-09-04 03:50:00,107.2,1,0.0,1.14,0,none,0,none
U003,2024-09-04 03:55:00,107.3,1,0.0,1.03,0,none,0,none
U003,2024-09-04 04:10:00,107.9,1,0.0,1.08,0,none,0,none
U003,2024-09-04 04:15:00,108.2,1,0.0,1.19,0,none,0,none
U003,2024-09-04 04:20:00,108.2,1,0.0,0.87,0,none,0,none
U003,2024-09-04 04:25:00,108.5,1,0.0,1.05,0,none,0,none
U003,2024-09-04 04:30:00,108.3,1,0.0,0.84,0,none,0,none
U003,2024-09-04 04:35:00,109.1,1,0.0,0.82,0,none,0,none
U003,2024-09-04 04:40:00,108.9,1,0.0,0.84,0,none,0,none
U003,2024-09-04 04:45:00,108.4,1,0.0,0.96,0,none,0,none
U003,2024-09-04 04:50:00,108.7,1,0.0,1.12,0,none,0,none
U003,2024-09-04 04:55:00,109.0,1,0.0,0.83,0,none,0,none
U003,2024-09-04 05:00:00,109.2,1,0.0,0.85,0,none,0,none
U003,2024-09-04 05:05:00,109.6,1,0.0,0.92,0,none,0,none
U003,2024-09-04 05:10:00,110.1,1,0.0,0.95,0,none,0,none
U003,2024-09-04 05:20:00,110.1,1,0.0,0.95,0,none,0,none
U003,2024-09-04 05:25:00,110.4,1,0.0,0.82,0,none,0,none
U003,2024-09-04 05:30:00,111.5,1,0.0,0.82,0,none,0,none
U003,2024-09-04 05:35:00,110.5,1,0.0,1.19,0,none,0,none
U003,2024-09-04 05:55:00,108.6,1,0.0,1.14,0,none,0,none
U003,2024-09-04 06:10:00,110.1,1,0.0,1.18,0,none,0,none
U003,2024-09-04 06:20:00,108.9,1,0.0,0.91,0,none,0,none
U003,2024-09-04 06:25:00,110.1,1,0.0,1.12,0,none,0,none
U003,2024-09-04 06:30:00,109.9,1,0.0,1.05,0,none,0,none
U003,2024-09-04 06:45:00,109.9,1,0.0,1.1,0,none,0,none
U003,2024-09-04 06:50:00,110.0,1,0.0,0.86,0,none,0,none
U003,2024-09-04 07:05:00,111.1,1,0.0,0.92,0,none,0,none
U003,2024-09-04 07:10:00,110.7,1,0.0,0.95,0,none,0,none
U003,2024-09-04 07:15:00,111.3,1,0.0,1.01,0,none,0,none
U003,2024-09-04 07:20:00,110.6,1,0.0,1.17,0,none,0,none
U003,2024-09-04 07:30:00,111.1,1,0.0,0.9,0,none,0,none
U003,2024-09-04 07:35:00,111.3,1,0.0,1.05,0,none,0,none
U003,2024-09-04 07:50:00,112.6,1,0.0,1.17,0,none,0,none
U003,2024-09-04 07:55:00,113.7,1,0.0,0.82,0,none,0,none
U003,2024-09-04 08:00:00,114.0,1,0.0,1.1,0,none,0,none
U003,2024-09-04 08:10:00,112.9,1,0.0,1.05,0,none,0,none
U003,2024-09-04 08:15:00,113.2,1,0.0,1.17,0,none,0,none
U003,2024-09-04 08:20:00,113.3,1,0.0,0.99,0,none,0,none
U003,2024-09-04 08:25:00,113.4,1,0.0,1.05,0,none,0,none
U003,2024-09-04 08:30:00,114.2,1,0.0,0.83,0,none,0,none
U003,2024-09-04 08:35:00,113.8,1,0.0,0.87,0,none,0,none
U003,2024-09-04 08:40:00,113.1,1,0.0,1.02,0,none,0,none
U003,2024-09-04 08:45:00,113.0,1,0.0,0.93,0,none,0,none
U003,2024-09-04 09:00:00,113.3,1,0.0,0.92,0,none,0,none
U003,2024-09-04 09:05:00,112.4,1,0.0,1.13,0,none,0,none
U003,2024-09-04 09:10:00,112.2,1,0.0,0.86,0,none,0,none
U003,2024-09-04 09:25:00,113.3,1,0.0,1.17,0,none,0,none
U003,2024-09-04 09:35:00,112.5,1,0.0,0.83,0,none,0,none
U003,2024-09-04 09:40:00,113.2,1,0.0,1.11,0,none,0,none
U003,2024-09-04 09:45:00,113.1,1,0.0,1.15,0,none,0,none
U003,2024-09-04 09:50:00,113.6,1,0.0,0.94,0,none,0,none
U003,2024-09-04 10:10:00,113.2,0,0.0,1.14,0,none,0,none
U003,2024-09-04 10:15:00,113.9,1,0.0,1.06,0,none,0,none
U003,2024-09-04 10:20:00,114.0,1,0.0,1.03,0,none,0,none
U003,2024-09-04 10:30:00,114.9,1,0.0,1.02,0,none,0,none
U003,2024-09-04 10:35:00,114.9,1,0.0,1.13,0,none,0,none
U003,2024-09-04 10:40:00,114.0,1,0.0,0.87,0,none,0,none
U003,2024-09-04 10:55:00,110.6,1,0.0,1.03,0,none,0,none
U003,2024-09-04 11:05:00,109.8,1,0.0,1.03,0,none,0,none
U003,2024-09-04 11:10:00,108.9,0,0.0,1.11,0,none,0,none
U003,2024-09-04 11:15:00,109.0,1,0.0,1.1,0,none,0,none
U003,2024-09-04 11:25:00,109.3,1,0.0,1.15,0,none,0,none
U003,2024-09-04 11:30:00,109.7,1,0.0,1.12,0,none,0,none
U003,2024-09-04 11:35:00,109.6,1,0.0,0.92,0,none,0,none
U003,2024-09-04 11:45:00,109.1,1,0.0,0.95,0,none,0,none
U003,2024-09-04 11:55:00,108.4,1,0.0,0.96,0,none,0,none
U003,2024-09-04 12:10:00,108.2,1,0.0,1.15,0,none,0,none
U003,2024-09-04 12:15:00,108.5,1,0.0,1.01,0,none,0,none
U003,2024-09-04 12:20:00,109.3,1,0.0,0.85,0,none,0,none
U003,2024-09-04 12:35:00,109.2,1,0.0,1.11,0,none,0,none
U003,2024-09-04 12:40:00,110.2,1,0.0,1.05,0,none,0,none
U003,2024-09-04 12:50:00,110.1,1,0.0,1.17,0,none,0,none
U003,2024-09-04 12:55:00,109.8,1,4.4,1.06,45,dinner,0,none
U003,2024-09-04 13:05:00,110.5,1,0.0,1.05,0,none,0,none
U003,2024-09-04 13:15:00,110.0,1,0.0,0.93,0,none,0,none
U003,2024-09-04 13:20:00,110.1,1,0.0,0.98,0,none,0,none
U003,2024-09-04 13:35:00,111.0,1,0.0,1.0,0,none,0,none
U003,2024-09-04 13:40:00,111.2,1,0.0,0.85,0,none,0,none
U003,2024-09-04 13:45:00,111.2,1,0.0,0.94,0,none,0,none
U003,2024-09-04 13:55:00,109.8,1,0.0,0.84,0,none,0,none
U003,2024-09-04 14:00:00,108.6,1,0.0,0.9,0,none,0,none
U003,2024-09-04 14:05:00,108.2,1,0.0,1.11,0,none,0,none
U003,2024-09-04 14:10:00,108.8,1,0.0,0.97,0,none,0,none
U003,2024-09-04 14:15:00,108.9,1,0.0,1.16,0,none,0,none
U003,2024-09-04 14:35:00,108.3,1,0.0,1.07,0,none,0,none
U003,2024-09-04 14:40:00,107.8,1,0.0,0.94,0,none,0,none
U003,2024-09-04 14:45:00,108.1,1,3.9,0.95,45,breakfast,0,none
U003,2024-09-04 14:50:00,107.9,1,0.0,0.92,0,none,0,none
U003,2024-09-04 14:55:00,108.2,1,0.0,0.87,0,none,0,none
U003,2024-09-04 15:10:00,107.6,1,0.0,1.19,0,none,0,none
U003,2024-09-04 15:15:00,107.6,1,0.0,1.01,0,none,0,none
U003,2024-09-04 15:20:00,108.0,1,0.0,1.2,0,none,0,none
U003,2024-09-04 15:25:00,108.1,1,0.0,1.07,0,none,0,none
U003,2024-09-04 15:30:00,107.9,1,0.0,1.17,0,none,0,none
U003,2024-09-04 15:40:00,108.0,1,0.0,1.01,0,none,0,none
U003,2024-09-04 15:55:00,108.3,1,0.0,0.82,0,none,0,none
U003,2024-09-04 16:00:00,108.6,1,0.0,1.16,0,none,0,none
U003,2024-09-04 16:05:00,107.9,1,0.0,0.96,0,none,0,none
U003,2024-09-04 16:10:00,107.0,1,0.0,0.94,0,none,0,none
U003,2024-09-04 16:15:00,107.3,1,0.0,0.84,0,none,0,none
U003,2024-09-04 16:20:00,108.1,1,0.0,0.81,0,none,0,none
U003,2024-09-04 16:30:00,107.7,1,0.0,0.98,0,none,0,none
U003,2024-09-04 16:35:00,107.5,1,0.0,1.01,0,none,0,none
U003,2024-09-04 16:40:00,107.6,1,0.0,0.8,0,none,0,none
U003,2024-09-04 16:45:00,108.0,1,0.0,0.91,0,none,0,none
U003,2024-09-04 16:50:00,108.8,1,0.0,0.96,0,none,0,none
U003,2024-09-04 17:00:00,109.1,1,0.0,1.03,0,none,0,none
U003,2024-09-04 17:05:00,108.6,1,0.0,1.13,0,none,0,none
U003,2024-09-04 17:10:00,108.5,1,0.0,1.04,0,none,0,none
U003,2024-09-04 17:20:00,108.9,1,0.0,1.01,0,none,0,none
U003,2024-09-04 17:30:00,107.2,1,0.0,1.04,75,snack,866,medium
U003,2024-09-04 17:45:00,106.2,1,0.0,1.15,0,none,0,none
U003,2024-09-04 17:50:00,105.9,1,0.0,0.87,0,none,0,none
U003,2024-09-04 17:55:00,106.0,1,0.0,1.05,0,none,0,none
U003,2024-09-04 18:05:00,104.9,1,0.0,0.85,0,none,0,none
U003,2024-09-04 18:10:00,104.9,1,0.0,1.15,0,none,0,none
U003,2024-09-04 18:20:00,103.9,1,0.0,1.15,0,none,0,none
U003,2024-09-04 18:25:00,103.5,1,0.0,1.0,0,none,0,none
U003,2024-09-04 18:30:00,103.9,1,0.0,0.9,0,none,0,none
U003,2024-09-04 18:40:00,104.2,1,0.0,0.96,0,none,0,none
U003,2024-09-04 18:45:00,103.9,1,0.0,0.83,0,none,0,none
U003,2024-09-04 18:55:00,104.4,1,0.0,0.82,0,none,0,none
U003,2024-09-04 19:05:00,104.5,1,0.0,0.85,0,none,0,none
U003,2024-09-04 19:15:00,103.3,1,0.0,1.0,0,none,0,none
U003,2024-09-04 19:20:00,102.8,1,0.0,0.92,0,none,0,none
U003,2024-09-04 19:25:00,103.7,1,0.0,0.85,0,none,0,none
U003,2024-09-04 19:30:00,103.7,1,0.0,0.93,0,none,0,none
U003,2024-09-04 19:35:00,103.8,1,0.0,1.12,0,none,0,none
U003,2024-09-04 19:40:00,103.2,1,0.0,1.12,0,none,0,none
U003,2024-09-04 19:45:00,103.7,1,0.0,0.97,0,none,0,none
U003,2024-09-04 19:50:00,103.8,1,0.0,0.83,0,none,0,none
U003,2024-09-04 20:00:00,104.8,1,0.0,0.89,0,none,0,none
U003,2024-09-04 20:10:00,105.4,1,0.0,1.15,0,none,0,none
U003,2024-09-04 20:15:00,105.4,1,0.0,0.98,0,none,0,none
U003,2024-09-04 20:25:00,106.1,1,0.0,1.12,0,none,0,none
U003,2024-09-04 20:35:00,107.2,1,0.0,0.92,0,none,0,none
U003,2024-09-04 20:40:00,106.2,1,0.0,0.83,0,none,0,none
U003,2024-09-04 20:45:00,106.4,1,0.0,0.82,0,none,0,none
U003,2024-09-04 20:50:00,106.9,1,0.0,0.81,0,none,0,none
U003,2024-09-04 21:05:00,107.2,1,0.0,1.0,0,none,0,none
U003,2024-09-04 21:20:00,107.6,1,0.0,0.97,0,none,0,none
U003,2024-09-04 21:25:00,107.9,1,0.0,0.87,0,none,0,none
U003,2024-09-04 21:30:00,108.9,1,0.0,0.93,0,none,0,none
U003,2024-09-04 21:40:00,109.3,1,0.0,0.87,0,none,0,none
U003,2024-09-04 21:45:00,109.1,1,0.0,0.95,0,none,0,none
U003,2024-09-04 22:00:00,108.9,1,0.0,0.89,0,none,0,none
U003,2024-09-04 22:05:00,108.7,1,0.0,0.87,0,none,0,none
U003,2024-09-04 22:15:00,108.7,1,0.0,0.91,0,none,0,none
U003,2024-09-04 22:20:00,108.5,1,0.0,0.86,0,none,0,none
U003,2024-09-04 22:25:00,109.1,1,0.0,0.98,45,breakfast,0,none
U003,2024-09-04 22:30:00,108.5,1,0.0,0.84,0,none,0,none
U003,2024-09-04 22:35:00,108.4,1,0.0,1.07,0,none,0,none
U003,2024-09-04 22:40:00,108.1,1,0.0,1.18,0,none,0,none
U003,2024-09-04 22:55:00,108.7,1,0.0,1.1,0,none,0,none
U003,2024-09-04 23:00:00,108.8,1,0.0,1.1,0,none,0,none
U003,2024-09-04 23:05:00,109.0,1,0.0,0.91,0,none,0,none
U003,2024-09-04 23:15:00,110.1,1,0.0,1.17,0,none,0,none
U003,2024-09-04 23:20:00,110.0,1,0.0,0.96,0,none,0,none
U003,2024-09-04 23:25:00,110.1,1,0.0,1.12,0,none,0,none
U003,2024-09-04 23:30:00,110.1,1,0.0,1.07,0,none,0,none
U003,2024-09-04 23:35:00,110.2,1,0.0,0.86,0,none,0,none
U003,2024-09-05 00:00:00,108.4,1,0.0,1.06,0,none,0,none
U003,2024-09-05 00:05:00,108.7,1,0.0,0.91,0,none,0,none
U003,2024-09-05 00:10:00,108.9,1,0.0,0.81,0,none,0,none
U003,2024-09-05 00:15:00,109.4,1,0.0,1.1,0,none,0,none
U003,2024-09-05 00:20:00,109.5,1,0.0,1.0,0,none,0,none
U003,2024-09-05 00:40:00,109.4,1,0.0,1.07,0,none,0,none
U003,2024-09-05 00:45:00,109.6,1,0.0,0.91,0,none,0,none
U003,2024-09-05 00:50:00,109.6,1,7.9,1.11,90,lunch,0,none
U003,2024-09-05 00:55:00,109.9,1,0.0,1.0,0,none,0,none
U003,2024-09-05 01:05:00,110.3,1,0.0,0.95,0,none,0,none
U003,2024-09-05 01:25:00,110.9,1,0.0,1.18,0,none,0,none
U003,2024-09-05 01:30:00,111.1,1,0.0,1.05,0,none,0,none
U003,2024-09-05 01:45:00,111.5,1,0.0,0.96,0,none,0,none
U003,2024-09-05 01:50:00,111.6,1,0.0,0.81,0,none,0,none
U003,2024-09-05 01:55:00,112.6,1,0.0,1.07,0,none,0,none
U003,2024-09-05 02:00:00,113.5,1,0.0,0.83,0,none,0,none
U003,2024-09-05 02:05:00,113.7,1,0.0,1.01,0,none,0,none
U003,2024-09-05 02:10:00,113.9,1,0.0,1.11,0,none,0,none
U003,2024-09-05 02:15:00,113.4,1,0.0,1.03,0,none,1055,high
U003,2024-09-05 02:30:00,113.7,1,0.0,1.05,0,none,0,none
U003,2024-09-05 02:35:00,113.3,1,0.0,0.85,0,none,0,none
U003,2024-09-05 02:50:00,115.9,1,0.0,0.84,0,none,0,none
U003,2024-09-05 02:55:00,115.5,1,0.0,0.95,0,none,0,none
U003,2024-09-05 03:00:00,115.4,1,0.0,1.12,0,none,0,none
U003,2024-09-05 03:05:00,115.5,1,0.0,0.95,0,none,0,none
U003,2024-09-05 03:25:00,114.7,1,0.0,0.82,0,none,0,none
U003,2024-09-05 03:30:00,114.8,1,0.0,1.17,0,none,0,none
U003,2024-09-05 03:35:00,114.7,1,0.0,1.06,0,none,0,none
U003,2024-09-05 03:55:00,115.0,1,0.0,1.14,0,none,0,none
U003,2024-09-05 04:00:00,114.1,1,0.0,1.1,0,none,0,none
U003,2024-09-05 04:05:00,114.5,1,0.0,1.2,0,none,0,none
U003,2024-09-05 04:10:00,114.6,1,0.0,1.17,0,none,0,none
U003,2024-09-05 04:15:00,114.0,1,0.0,1.0,0,none,0,none
U003,2024-09-05 04:20:00,112.8,1,0.0,1.08,0,none,0,none
U003,2024-09-05 04:25:00,112.5,1,0.0,0.92,0,none,0,none
U003,2024-09-05 04:30:00,112.3,1,0.0,1.03,0,none,0,none
U003,2024-09-05 04:40:00,112.4,1,0.0,1.15,0,none,0,none
U003,2024-09-05 04:45:00,111.2,1,0.0,1.18,0,none,0,none
U003,2024-09-05 04:50:00,111.5,1,0.0,0.89,0,none,0,none
U003,2024-09-05 04:55:00,111.5,1,4.2,0.95,45,snack,0,none
U003,2024-09-05 05:10:00,111.7,1,0.0,0.92,0,none,0,none
U003,2024-09-05 05:20:00,111.8,1,0.0,0.85,0,none,0,none
U003,2024-09-05 05:40:00,112.5,1,0.0,0.94,0,none,0,none
U003,2024-09-05 05:45:00,112.9,1,0.0,0.87,0,none,0,none
U003,2024-09-05 05:55:00,113.6,1,0.0,1.05,0,none,0,none
U003,2024-09-05 06:15:00,114.1,1,0.0,0.97,0,none,0,none
U003,2024-09-05 06:25:00,114.0,1,0.0,0.85,0,none,0,none
U003,2024-09-05 06:35:00,113.4,1,0.0,0.93,0,none,0,none
U003,2024-09-05 06:45:00,113.1,1,0.0,1.05,0,none,0,none
U003,2024-09-05 06:55:00,112.6,1,0.0,1.17,0,none,0,none
U003,2024-09-05 07:05:00,113.3,1,0.0,0.85,0,none,0,none
U003,2024-09-05 07:10:00,112.9,1,0.0,1.14,0,none,0,none
U003,2024-09-05 07:15:00,112.6,1,5.6,0.96,75,snack,0,none
U003,2024-09-05 07:20:00,112.4,1,0.0,1.17,0,none,0,none
U003,2024-09-05 07:25:00,112.7,1,0.0,1.03,0,none,0,none
U003,2024-09-05 07:30:00,112.2,1,0.0,0.83,0,none,0,none
U003,2024-09-05 07:35:00,112.2,1,0.0,1.07,0,none,0,none
U003,2024-09-05 07:40:00,111.8,1,0.0,0.86,0,none,0,none
U003,2024-09-05 07:50:00,111.8,1,0.0,1.16,0,none,0,none
U003,2024-09-05 07:55:00,112.5,1,0.0,0.9,0,none,0,none
U003,2024-09-05 08:00:00,112.9,1,0.0,1.02,0,none,0,none
U003,2024-09-05 08:05:00,112.7,1,0.0,1.08,0,none,0,none
U003,2024-09-05 08:20:00,114.0,1,0.0,1.12,0,none,0,none
U003,2024-09-05 08:25:00,113.6,1,0.0,1.09,0,none,0,none
U003,2024-09-05 08:30:00,113.6,1,0.0,1.17,0,none,0,none
U003,2024-09-05 08:40:00,113.3,1,0.0,0.91,0,none,0,none
U003,2024-09-05 08:45:00,113.4,1,0.0,1.14,0,none,0,none
U003,2024-09-05 08:50:00,113.2,1,0.0,0.82,0,none,0,none
U003,2024-09-05 08:55:00,113.4,1,0.0,0.81,0,none,0,none
U003,2024-09-05 09:05:00,112.5,1,0.0,0.99,0,none,0,none
U003,2024-09-05 09:10:00,112.8,1,0.0,0.82,0,none,0,none
U003,2024-09-05 09:15:00,113.0,1,0.0,1.11,0,none,0,none
U003,2024-09-05 09:30:00,114.4,1,0.0,0.8,0,none,0,none
U003,2024-09-05 09:35:00,113.9,1,0.0,1.06,0,none,0,none
U003,2024-09-05 09:45:00,113.7,1,0.0,0.84,0,none,0,none
U003,2024-09-05 09:55:00,115.1,1,2.3,1.16,30,breakfast,0,none
U003,2024-09-05 10:00:00,115.0,1,0.0,1.14,0,none,0,none
U003,2024-09-05 10:05:00,114.2,1,0.0,1.18,0,none,0,none
U003,2024-09-05 10:15:00,115.2,1,0.0,1.17,0,none,0,none
U003,2024-09-05 10:20:00,115.2,1,0.0,0.87,0,none,0,none
U003,2024-09-05 10:25:00,116.0,1,0.0,0.88,0,none,0,none
U003,2024-09-05 10:30:00,115.9,1,0.0,0.81,0,none,0,none
U003,2024-09-05 10:35:00,115.6,1,0.0,1.18,0,none,0,none
U003,2024-09-05 10:45:00,115.0,1,0.0,1.18,0,none,0,none
U003,2024-09-05 10:50:00,114.2,1,0.0,0.91,0,none,0,none
U003,2024-09-05 11:05:00,113.6,1,3.3,1.17,30,breakfast,0,none
U003,2024-09-05 11:15:00,113.3,1,0.0,1.16,0,none,0,none
U003,2024-09-05 11:20:00,112.4,1,0.0,1.14,0,none,0,none
U003,2024-09-05 11:25:00,112.2,1,0.0,0.94,0,none,0,none
U003,2024-09-05 11:30:00,112.9,1,0.0,0.97,0,none,0,none
U003,2024-09-05 11:40:00,113.9,1,0.0,0.93,0,none,0,none
U003,2024-09-05 11:50:00,112.7,1,0.0,1.07,0,none,0,none
U003,2024-09-05 12:00:00,112.7,1,0.0,0.83,0,none,0,none
U003,2024-09-05 12:05:00,112.2,1,4.8,1.01,75,lunch,0,none
U003,2024-09-05 12:10:00,112.8,1,0.0,1.14,0,none,0,none
U003,2024-09-05 12:30:00,114.2,1,0.0,1.13,0,none,0,none
U003,2024-09-05 12:45:00,114.5,1,0.0,0.99,0,none,0,none
U003,2024-09-05 12:55:00,114.2,1,0.0,0.87,0,none,0,none
U003,2024-09-05 13:00:00,113.8,1,0.0,0.98,0,none,0,none
U003,2024-09-05 13:05:00,114.1,1,0.0,0.88,0,none,0,none
U003,2024-09-05 13:15:00,115.1,1,0.0,1.05,0,none,0,none
U003,2024-09-05 13:25:00,115.0,1,0.0,1.08,0,none,0,none
U003,2024-09-05 13:30:00,115.0,1,0.0,1.06,0,none,0,none
U003,2024-09-05 13:40:00,114.6,1,4.2,1.01,45,snack,0,none
U003,2024-09-05 13:45:00,114.8,1,0.0,1.15,0,none,0,none
U003,2024-09-05 14:00:00,115.3,1,0.0,1.17,0,none,0,none
U003,2024-09-05 14:05:00,114.5,1,0.0,1.05,0,none,0,none
U003,2024-09-05 14:30:00,116.2,1,0.0,0.95,0,none,0,none
U003,2024-09-05 14:35:00,117.3,1,0.0,0.9,0,none,0,none
U003,2024-09-05 15:00:00,116.6,1,0.0,1.0,0,none,0,none
U003,2024-09-05 15:10:00,116.9,1,0.0,0.89,0,none,0,none
U003,2024-09-05 15:15:00,117.1,1,0.0,0.85,0,none,0,none
U003,2024-09-05 15:20:00,116.1,1,0.0,0.93,0,none,0,none
U003,2024-09-05 15:25:00,115.2,1,0.0,0.92,0,none,0,none
U003,2024-09-05 15:30:00,115.0,1,0.0,1.0,0,none,0,none
U003,2024-09-05 15:35:00,115.8,1,0.0,1.15,0,none,0,none
U003,2024-09-05 15:40:00,115.9,1,0.0,0.94,0,none,0,none
U003,2024-09-05 15:55:00,115.8,1,0.0,1.16,0,none,0,none
U003,2024-09-05 16:00:00,115.6,1,0.0,1.05,0,none,0,none
U003,2024-09-05 16:05:00,116.3,1,0.0,0.91,0,none,0,none
U003,2024-09-05 16:10:00,115.8,1,0.0,0.95,0,none,0,none
U003,2024-09-05 16:20:00,115.3,1,0.0,0.88,0,none,0,none
U003,2024-09-05 16:30:00,115.2,1,0.0,1.11,0,none,0,none
U003,2024-09-05 16:35:00,115.6,1,0.0,0.99,0,none,0,none
U003,2024-09-05 16:40:00,115.7,1,0.0,1.13,0,none,0,none
U003,2024-09-05 16:50:00,114.2,1,0.0,0.99,0,none,0,none
U003,2024-09-05 16:55:00,114.4,1,0.0,1.09,0,none,0,none
U003,2024-09-05 17:00:00,114.7,1,0.0,0.84,0,none,0,none
U003,2024-09-05 17:05:00,114.9,1,0.0,0.96,0,none,0,none
U003,2024-09-05 17:10:00,114.7,1,0.0,0.82,0,none,0,none
U003,2024-09-05 17:15:00,114.2,1,0.0,1.06,0,none,0,none
U003,2024-09-05 17:20:00,114.2,1,0.0,1.15,0,none,0,none
U003,2024-09-05 17:25:00,114.3,1,0.0,0.87,0,none,0,none
U003,2024-09-05 17:30:00,113.3,1,0.0,1.05,0,none,1291,low
U003,2024-09-05 17:40:00,113.6,1,0.0,1.14,0,none,0,none
U003,2024-09-05 17:50:00,112.9,1,0.0,0.95,0,none,0,none
U003,2024-09-05 18:05:00,113.0,1,0.0,0.98,0,none,0,none
U003,2024-09-05 18:10:00,113.4,1,0.0,1.16,0,none,0,none
U003,2024-09-05 18:15:00,113.1,1,0.0,1.08,0,none,0,none
U003,2024-09-05 18:20:00,113.4,1,0.0,0.96,0,none,0,none
U003,2024-09-05 18:35:00,112.7,1,0.0,0.91,0,none,0,none
U003,2024-09-05 18:40:00,112.7,1,0.0,0.92,0,none,0,none
U003,2024-09-05 18:50:00,112.6,1,0.0,0.92,0,none,0,none
U003,2024-09-05 18:55:00,112.2,1,0.0,1.18,0,none,0,none
U003,2024-09-05 19:00:00,112.7,1,0.0,0.81,0,none,0,none
U003,2024-09-05 19:05:00,112.5,1,0.0,0.95,0,none,0,none
U003,2024-09-05 19:10:00,112.4,1,0.0,1.15,0,none,0,none
U003,2024-09-05 19:15:00,112.7,1,0.0,1.09,0,none,0,none
U003,2024-09-05 19:25:00,113.4,1,0.0,0.86,0,none,0,none
U003,2024-09-05 19:30:00,113.1,1,0.0,0.82,0,none,0,none
U003,2024-09-05 19:40:00,109.9,1,0.0,0.86,0,none,0,none
U003,2024-09-05 19:45:00,109.8,1,0.0,1.13,0,none,0,none
U003,2024-09-05 19:50:00,110.1,1,0.0,1.03,0,none,0,none
U003,2024-09-05 19:55:00,109.5,1,0.0,1.0,0,none,0,none
U003,2024-09-05 20:00:00,109.6,1,0.0,0.98,0,none,0,none
U003,2024-09-05 20:15:00,109.2,1,0.0,1.16,0,none,0,none
U003,2024-09-05 20:25:00,110.2,1,0.0,1.05,0,none,0,none
U003,2024-09-05 20:30:00,109.9,1,0.0,0.88,0,none,0,none
U003,2024-09-05 20:35:00,109.3,1,0.0,0.91,0,none,0,none
U003,2024-09-05 20:45:00,109.7,1,0.0,0.8,0,none,0,none
U003,2024-09-05 20:55:00,110.6,1,0.0,0.9,0,none,0,none
U003,2024-09-05 21:00:00,110.0,1,0.0,1.2,0,none,0,none
U003,2024-09-05 21:05:00,110.5,1,0.0,0.99,0,none,0,none
U003,2024-09-05 21:10:00,110.4,1,0.0,0.84,0,none,0,none
U003,2024-09-05 21:30:00,109.6,1,0.0,1.18,0,none,0,none
U003,2024-09-05 21:35:00,109.4,1,0.0,0.96,0,none,0,none
U003,2024-09-05 21:40:00,108.5,1,0.0,1.17,0,none,0,none
U003,2024-09-05 21:50:00,107.6,1,0.0,0.91,0,none,4877,high
U003,2024-09-05 21:55:00,108.6,1,0.0,0.94,0,none,0,none
U003,2024-09-05 22:00:00,108.3,1,0.0,1.06,0,none,0,none
U003,2024-09-05 22:20:00,108.2,1,0.0,1.15,0,none,0,none
U003,2024-09-05 22:35:00,107.9,1,0.0,1.11,0,none,0,none
U003,2024-09-05 22:50:00,106.9,1,0.0,1.05,0,none,0,none
U003,2024-09-05 23:00:00,106.5,1,0.0,1.17,0,none,0,none
U003,2024-09-05 23:10:00,106.5,1,0.0,0.81,0,none,0,none
U003,2024-09-05 23:15:00,106.9,1,0.0,0.84,0,none,0,none
U003,2024-09-05 23:25:00,107.9,1,0.0,1.08,0,none,0,none
U003,2024-09-05 23:30:00,107.7,1,0.0,0.82,0,none,0,none
U003,2024-09-05 23:45:00,108.8,1,0.0,1.01,0,none,0,none
U003,2024-09-05 23:50:00,108.0,1,0.0,1.06,0,none,0,none
U003,2024-09-06 00:00:00,109.0,1,0.0,1.01,0,none,0,none
U003,2024-09-06 00:20:00,108.8,1,0.0,0.92,0,none,0,none
U003,2024-09-06 00:30:00,109.0,1,0.0,1.07,0,none,0,none
U003,2024-09-06 00:35:00,108.9,1,0.0,0.82,0,none,0,none
U003,2024-09-06 00:45:00,110.3,1,0.0,1.1,0,none,0,none
U003,2024-09-06 00:50:00,110.7,1,0.0,0.95,0,none,0,none
U003,2024-09-06 01:00:00,110.3,1,0.0,0.88,0,none,0,none
U003,2024-09-06 01:05:00,110.9,1,0.0,0.89,0,none,0,none
U003,2024-09-06 01:10:00,110.3,1,0.0,1.06,0,none,0,none
U003,2024-09-06 01:15:00,111.0,1,0.0,1.04,0,none,0,none
U003,2024-09-06 01:20:00,110.6,1,0.0,0.97,0,none,0,none
U003,2024-09-06 01:25:00,111.2,1,0.0,1.18,0,none,0,none
U003,2024-09-06 01:40:00,111.6,1,0.0,0.98,0,none,0,none
U003,2024-09-06 01:45:00,111.8,1,0.0,1.13,0,none,0,none
U003,2024-09-06 01:50:00,112.9,1,0.0,1.16,0,none,0,none
U003,2024-09-06 01:55:00,112.5,1,0.0,1.0,0,none,0,none
U003,2024-09-06 02:05:00,110.8,1,0.0,0.83,0,none,0,none
U003,2024-09-06 02:10:00,110.7,1,2.7,0.85,30,breakfast,0,none
U003,2024-09-06 02:15:00,110.9,1,0.0,0.87,0,none,0,none
U003,2024-09-06 02:25:00,111.4,1,0.0,1.01,0,none,0,none
U003,2024-09-06 02:45:00,112.0,1,0.0,1.07,0,none,0,none
U003,2024-09-06 02:50:00,112.1,0,0.0,1.05,0,none,0,none
U003,2024-09-06 02:55:00,111.7,1,0.0,0.81,0,none,0,none
U003,2024-09-06 03:10:00,112.3,1,0.0,0.83,0,none,0,none
U003,2024-09-06 03:15:00,112.1,1,0.0,0.9,0,none,0,none
U003,2024-09-06 03:20:00,112.3,1,0.0,1.16,0,none,0,none
U003,2024-09-06 03:25:00,112.1,1,0.0,1.02,0,none,0,none
U003,2024-09-06 03:30:00,111.8,1,0.0,1.15,0,none,0,none
U003,2024-09-06 03:40:00,111.0,1,0.0,1.09,0,none,0,none
U003,2024-09-06 03:45:00,111.4,1,0.0,1.08,0,none,0,none
U003,2024-09-06 03:50:00,111.4,1,0.0,0.84,0,none,0,none
U003,2024-09-06 04:00:00,112.4,1,0.0,1.11,0,none,0,none
U003,2024-09-06 04:05:00,112.1,1,0.0,1.0,0,none,0,none
U003,2024-09-06 04:25:00,113.1,1,7.9,1.09,90,breakfast,0,none
U003,2024-09-06 04:35:00,114.3,1,0.0,1.17,0,none,0,none
U003,2024-09-06 05:00:00,112.8,1,0.0,1.05,0,none,0,none
U003,2024-09-06 05:05:00,113.6,1,0.0,1.04,0,none,0,none
U003,2024-09-06 05:10:00,113.8,1,0.0,1.18,0,none,0,none
U003,2024-09-06 05:15:00,113.8,1,0.0,1.2,0,none,0,none
U003,2024-09-06 05:20:00,113.5,1,0.0,1.03,0,none,0,none
U003,2024-09-06 05:35:00,113.7,1,0.0,1.06,0,none,0,none
U003,2024-09-06 05:50:00,113.3,1,0.0,1.05,0,none,0,none
U003,2024-09-06 05:55:00,114.1,1,0.0,1.15,0,none,0,none
U003,2024-09-06 06:00:00,114.8,1,6.6,1.03,90,dinner,0,none
U003,2024-09-06 06:05:00,114.7,1,0.0,1.15,0,none,0,none
U003,2024-09-06 06:10:00,114.4,1,0.0,0.94,0,none,0,none
U003,2024-09-06 06:15:00,114.7,1,0.0,1.06,0,none,0,none
U003,2024-09-06 06:20:00,114.6,1,6.4,0.99,90,lunch,0,none
U003,2024-09-06 06:25:00,114.2,1,0.0,1.14,0,none,0,none
U003,2024-09-06 06:30:00,114.5,1,0.0,1.02,0,none,0,none
U003,2024-09-06 06:45:00,114.1,1,0.0,0.91,0,none,0,none
U003,2024-09-06 06:55:00,113.7,1,0.0,1.14,0,none,0,none
U003,2024-09-06 07:00:00,114.3,1,0.0,1.07,0,none,0,none
U003,2024-09-06 07:10:00,113.1,1,0.0,0.88,0,none,0,none
U003,2024-09-06 07:15:00,112.9,1,0.0,0.98,0,none,0,none
U003,2024-09-06 07:20:00,112.9,1,0.0,1.02,0,none,0,none
U003,2024-09-06 07:30:00,113.2,1,0.0,0.95,0,none,0,none
U003,2024-09-06 07:35:00,112.4,1,0.0,0.99,0,none,3375,low
U003,2024-09-06 07:40:00,112.6,1,0.0,0.81,0,none,0,none
U003,2024-09-06 07:45:00,112.9,1,0.0,1.05,0,none,0,none
U003,2024-09-06 07:50:00,113.1,1,0.0,1.01,0,none,0,none
U003,2024-09-06 08:00:00,113.2,1,0.0,1.12,0,none,0,none
U003,2024-09-06 08:15:00,112.2,1,0.0,0.9,0,none,0,none
U003,2024-09-06 08:25:00,112.4,1,0.0,0.82,0,none,0,none
U003,2024-09-06 08:30:00,112.1,1,0.0,0.85,0,none,0,none
U003,2024-09-06 08:35:00,111.4,1,0.0,1.19,0,none,0,none
U003,2024-09-06 08:40:00,111.8,1,0.0,0.9,0,none,0,none
U003,2024-09-06 08:50:00,110.9,1,0.0,0.92,0,none,0,none
U003,2024-09-06 08:55:00,110.8,1,0.0,0.9,0,none,0,none
U003,2024-09-06 09:05:00,110.9,1,0.0,1.05,0,none,0,none
U003,2024-09-06 09:20:00,112.0,1,0.0,0.91,0,none,0,none
U003,2024-09-06 09:25:00,111.6,1,0.0,1.04,0,none,0,none
U003,2024-09-06 09:30:00,110.1,1,0.0,0.99,0,none,4783,low
U003,2024-09-06 09:40:00,109.8,1,0.0,1.04,0,none,0,none
U003,2024-09-06 09:45:00,110.1,1,0.0,0.81,0,none,0,none
U003,2024-09-06 09:55:00,108.8,1,0.0,0.96,0,none,0,none
U003,2024-09-06 10:00:00,109.6,1,0.0,1.13,0,none,0,none
U003,2024-09-06 10:05:00,110.1,1,0.0,1.1,0,none,0,none
U003,2024-09-06 10:10:00,109.7,1,0.0,1.02,0,none,0,none
U003,2024-09-06 10:25:00,110.5,1,0.0,0.95,0,none,0,none
U003,2024-09-06 10:30:00,110.8,1,0.0,0.85,0,none,0,none
U003,2024-09-06 10:35:00,111.2,1,0.0,0.86,0,none,0,none
U003,2024-09-06 10:40:00,111.1,1,0.0,1.13,0,none,0,none
U003,2024-09-06 10:45:00,111.1,1,0.0,1.11,0,none,0,none
U003,2024-09-06 10:55:00,111.4,1,0.0,0.92,0,none,0,none
U003,2024-09-06 11:10:00,110.2,1,0.0,1.04,0,none,0,none
U003,2024-09-06 11:25:00,110.5,1,0.0,0.98,0,none,0,none
U003,2024-09-06 11:30:00,110.6,1,6.7,1.05,75,snack,0,none
U003,2024-09-06 11:35:00,111.1,1,0.0,0.94,0,none,0,none
U003,2024-09-06 11:40:00,111.4,1,0.0,1.18,0,none,0,none
U003,2024-09-06 11:50:00,111.7,1,0.0,1.2,0,none,0,none
U003,2024-09-06 11:55:00,111.7,1,0.0,0.84,0,none,0,none
U003,2024-09-06 12:00:00,111.2,1,0.0,0.99,0,none,0,none
U003,2024-09-06 12:15:00,110.1,1,0.0,0.95,0,none,0,none
U003,2024-09-06 12:20:00,110.0,1,0.0,0.82,0,none,0,none
U003,2024-09-06 12:25:00,110.9,1,0.0,1.07,0,none,0,none
U003,2024-09-06 12:45:00,113.2,1,0.0,0.8,0,none,0,none
U003,2024-09-06 12:50:00,112.2,1,0.0,0.92,0,none,0,none
U003,2024-09-06 12:55:00,112.6,1,0.0,0.95,0,none,0,none
U003,2024-09-06 13:00:00,112.0,1,0.0,0.91,0,none,0,none
U003,2024-09-06 13:10:00,111.8,1,0.0,0.98,0,none,0,none
U003,2024-09-06 13:15:00,111.7,1,0.0,1.08,0,none,0,none
U003,2024-09-06 13:20:00,111.4,1,0.0,1.07,0,none,0,none
U003,2024-09-06 13:25:00,111.6,1,0.0,0.9,0,none,0,none
U003,2024-09-06 13:40:00,110.7,1,0.0,0.84,0,none,0,none
U003,2024-09-06 13:55:00,110.2,1,0.0,1.14,0,none,0,none
U003,2024-09-06 14:05:00,110.7,1,0.0,0.95,0,none,0,none
U003,2024-09-06 14:10:00,109.7,1,0.0,1.09,0,none,0,none
U003,2024-09-06 14:15:00,109.7,1,0.0,1.18,0,none,0,none
U003,2024-09-06 14:20:00,109.4,1,0.0,0.99,0,none,0,none
U003,2024-09-06 14:25:00,109.8,1,0.0,0.88,0,none,0,none
U003,2024-09-06 14:30:00,110.6,1,0.0,1.13,0,none,0,none
U003,2024-09-06 14:35:00,111.4,1,0.0,1.03,0,none,0,none
U003,2024-09-06 14:40:00,111.8,1,0.0,1.05,0,none,0,none
U003,2024-09-06 14:55:00,111.5,1,0.0,1.18,0,none,0,none
U003,2024-09-06 15:15:00,111.1,1,0.0,0.85,0,none,0,none
U003,2024-09-06 15:20:00,111.2,1,0.0,1.06,0,none,0,none
U003,2024-09-06 15:45:00,112.2,1,0.0,0.85,0,none,0,none
U003,2024-09-06 15:55:00,113.0,1,0.0,1.05,0,none,0,none
U003,2024-09-06 16:00:00,113.2,1,0.0,0.9,0,none,0,none
U003,2024-09-06 16:05:00,112.6,1,0.0,1.15,0,none,0,none
U003,2024-09-06 16:15:00,112.9,1,0.0,1.09,0,none,0,none
U003,2024-09-06 16:45:00,112.9,1,0.0,1.17,0,none,0,none
U003,2024-09-06 16:50:00,112.7,1,0.0,0.86,0,none,0,none
U003,2024-09-06 17:00:00,112.4,1,0.0,1.03,0,none,0,none
U003,2024-09-06 17:15:00,112.1,1,4.6,0.87,60,dinner,0,none
U003,2024-09-06 17:35:00,114.8,1,0.0,0.99,0,none,0,none
U003,2024-09-06 17:40:00,115.6,1,0.0,1.13,0,none,0,none
U003,2024-09-06 17:50:00,115.0,1,0.0,0.81,0,none,0,none
U003,2024-09-06 18:00:00,114.6,1,0.0,0.93,0,none,0,none
U003,2024-09-06 18:05:00,114.8,1,0.0,1.0,0,none,0,none
U003,2024-09-06 18:10:00,116.0,1,0.0,1.06,0,none,0,none
U003,2024-09-06 18:15:00,116.1,1,7.4,0.98,90,dinner,0,none
U003,2024-09-06 18:30:00,116.2,1,0.0,0.98,0,none,0,none
U003,2024-09-06 18:40:00,117.5,1,0.0,1.06,0,none,0,none
U003,2024-09-06 18:50:00,118.8,1,0.0,1.1,0,none,0,none
U003,2024-09-06 18:55:00,119.1,1,0.0,1.04,0,none,0,none
U003,2024-09-06 19:00:00,118.5,1,0.0,1.17,0,none,0,none
U003,2024-09-06 19:05:00,118.5,1,0.0,0.96,0,none,0,none
U003,2024-09-06 19:15:00,118.8,1,0.0,0.87,0,none,0,none
U003,2024-09-06 19:20:00,119.0,1,0.0,1.15,0,none,0,none
U003,2024-09-06 19:30:00,118.9,1,0.0,1.0,0,none,0,none
U003,2024-09-06 19:35:00,119.6,1,0.0,0.88,0,none,0,none
U003,2024-09-06 19:40:00,119.8,1,5.4,0.96,60,snack,0,none
U003,2024-09-06 19:50:00,119.5,1,0.0,1.17,0,none,0,none
U003,2024-09-06 20:00:00,119.8,1,0.0,0.99,0,none,0,none
U003,2024-09-06 20:05:00,120.0,1,0.0,1.06,0,none,0,none
U003,2024-09-06 20:15:00,119.8,1,0.0,1.08,0,none,0,none
U003,2024-09-06 20:20:00,119.6,1,0.0,1.18,0,none,0,none
U003,2024-09-06 20:25:00,119.6,1,0.0,1.13,0,none,0,none
U003,2024-09-06 20:30:00,119.7,1,0.0,0.86,0,none,0,none
U003,2024-09-06 20:40:00,118.8,1,0.0,0.9,0,none,0,none
U003,2024-09-06 20:45:00,118.7,1,3.3,0.95,45,dinner,0,none
U003,2024-09-06 20:50:00,118.6,1,5.5,0.98,75,breakfast,0,none
U003,2024-09-06 21:10:00,118.7,1,0.0,0.89,0,none,0,none
U003,2024-09-06 21:20:00,119.8,1,0.0,0.94,0,none,0,none
U003,2024-09-06 21:30:00,120.1,1,0.0,1.09,0,none,0,none
U003,2024-09-06 21:40:00,120.6,1,0.0,1.03,0,none,0,none
U003,2024-09-06 21:45:00,118.3,1,0.0,1.18,0,none,2118,high
U003,2024-09-06 21:50:00,118.0,1,0.0,1.0,0,none,0,none
U003,2024-09-06 22:00:00,117.5,1,0.0,1.02,0,none,0,none
U003,2024-09-06 22:30:00,117.8,1,0.0,0.9,0,none,0,none
U003,2024-09-06 22:35:00,118.4,1,0.0,1.09,0,none,0,none
U003,2024-09-06 23:05:00,117.8,1,0.0,0.85,0,none,0,none
U003,2024-09-06 23:10:00,117.6,1,0.0,1.11,0,none,0,none
U003,2024-09-06 23:15:00,118.0,1,0.0,0.82,0,none,0,none
U003,2024-09-06 23:20:00,117.9,1,0.0,0.85,0,none,0,none
U003,2024-09-06 23:25:00,117.9,1,0.0,1.03,0,none,0,none
U003,2024-09-06 23:30:00,115.3,1,0.0,1.1,0,none,2334,medium
U003,2024-09-06 23:40:00,115.7,1,0.0,1.0,0,none,0,none
U003,2024-09-06 23:45:00,115.7,1,0.0,1.04,0,none,0,none
U003,2024-09-06 23:50:00,115.8,1,0.0,0.88,0,none,0,none
U003,2024-09-07 00:00:00,114.5,1,0.0,0.95,0,none,0,none
U003,2024-09-07 00:10:00,113.8,1,0.0,0.85,0,none,0,none
U003,2024-09-07 00:15:00,113.2,1,0.0,1.12,0,none,0,none
U003,2024-09-07 00:20:00,113.4,1,0.0,1.15,0,none,0,none
U003,2024-09-07 00:25:00,112.3,1,0.0,0.9,0,none,0,none
U003,2024-09-07 00:30:00,111.9,1,0.0,0.92,0,none,0,none
U003,2024-09-07 00:50:00,113.8,1,0.0,1.01,0,none,0,none
U003,2024-09-07 00:55:00,113.8,1,0.0,1.19,0,none,0,none
U003,2024-09-07 01:00:00,113.4,1,0.0,1.2,0,none,0,none
U003,2024-09-07 01:05:00,114.2,1,0.0,0.82,0,none,0,none
U003,2024-09-07 01:10:00,114.3,1,0.0,0.93,0,none,0,none
U003,2024-09-07 01:20:00,115.0,1,0.0,0.94,0,none,0,none
U003,2024-09-07 01:25:00,114.1,1,0.0,1.07,0,none,0,none
U003,2024-09-07 01:30:00,113.7,1,0.0,1.03,0,none,0,none
U003,2024-09-07 01:50:00,113.2,1,0.0,1.08,0,none,0,none
U003,2024-09-07 01:55:00,113.5,1,0.0,1.16,0,none,0,none
U003,2024-09-07 02:05:00,114.1,1,0.0,0.85,0,none,0,none
U003,2024-09-07 02:10:00,115.0,1,0.0,0.82,0,none,0,none
U003,2024-09-07 02:20:00,113.9,1,0.0,0.92,0,none,0,none
U003,2024-09-07 02:25:00,113.8,1,0.0,0.98,0,none,0,none
U003,2024-09-07 02:30:00,113.6,1,0.0,0.9,0,none,0,none
U003,2024-09-07 02:40:00,114.6,1,0.0,1.04,0,none,0,none
U003,2024-09-07 02:45:00,113.5,1,0.0,1.03,0,none,532,high
U003,2024-09-07 02:50:00,113.1,1,0.0,0.86,0,none,0,none
U003,2024-09-07 02:55:00,113.4,1,0.0,0.94,0,none,0,none
U003,2024-09-07 03:05:00,113.1,1,0.0,0.86,0,none,0,none
U003,2024-09-07 03:10:00,113.5,1,0.0,0.97,0,none,0,none
U003,2024-09-07 03:15:00,113.2,1,0.0,0.88,0,none,0,none
U003,2024-09-07 03:20:00,112.8,1,0.0,0.82,0,none,0,none
U003,2024-09-07 03:30:00,113.2,1,0.0,1.18,0,none,0,none
U003,2024-09-07 03:40:00,112.4,1,0.0,1.01,0,none,0,none
U003,2024-09-07 03:45:00,112.8,1,0.0,1.12,0,none,0,none
U003,2024-09-07 03:50:00,112.4,1,0.0,0.81,0,none,0,none
U003,2024-09-07 03:55:00,113.3,1,0.0,1.06,0,none,0,none
U003,2024-09-07 04:00:00,112.7,1,0.0,1.12,0,none,0,none
U003,2024-09-07 04:15:00,112.9,1,0.0,0.83,0,none,0,none
U003,2024-09-07 04:20:00,113.2,1,0.0,0.85,0,none,0,none
U003,2024-09-07 04:25:00,112.7,1,0.0,1.15,0,none,0,none
U003,2024-09-07 04:35:00,113.2,1,0.0,0.97,0,none,0,none
U003,2024-09-07 04:40:00,113.4,1,0.0,0.99,75,dinner,0,none
U003,2024-09-07 04:45:00,113.1,1,2.8,0.96,45,lunch,0,none
U003,2024-09-07 04:50:00,113.5,1,0.0,1.15,0,none,0,none
U003,2024-09-07 04:55:00,112.7,1,4.6,1.0,60,lunch,0,none
U003,2024-09-07 05:00:00,112.7,1,0.0,1.09,0,none,0,none
U003,2024-09-07 05:05:00,112.7,1,0.0,0.83,0,none,0,none
U003,2024-09-07 05:10:00,112.4,1,0.0,0.82,0,none,0,none
U003,2024-09-07 05:25:00,112.7,1,0.0,1.19,0,none,0,none
U003,2024-09-07 05:30:00,113.3,1,0.0,0.97,0,none,0,none
U003,2024-09-07 05:50:00,113.0,1,0.0,1.05,0,none,0,none
U003,2024-09-07 05:55:00,114.0,1,0.0,1.0,0,none,0,none
U003,2024-09-07 06:00:00,114.7,1,0.0,0.85,0,none,0,none
U003,2024-09-07 06:05:00,114.5,1,0.0,1.0,0,none,0,none
U003,2024-09-07 06:10:00,114.9,1,0.0,1.03,0,none,0,none
U003,2024-09-07 06:20:00,115.6,1,0.0,1.07,0,none,0,none
U003,2024-09-07 06:25:00,115.6,1,0.0,0.97,0,none,0,none
U003,2024-09-07 06:30:00,116.0,1,0.0,0.9,0,none,0,none
U003,2024-09-07 06:40:00,115.6,1,0.0,1.03,0,none,0,none
U003,2024-09-07 06:45:00,115.0,1,0.0,0.87,0,none,0,none
U003,2024-09-07 06:50:00,114.5,1,6.4,1.01,75,lunch,0,none
U003,2024-09-07 07:00:00,113.5,1,0.0,0.93,0,none,0,none
U003,2024-09-07 07:05:00,112.6,1,0.0,0.93,0,none,0,none
U003,2024-09-07 07:15:00,112.6,1,0.0,1.02,0,none,0,none
U003,2024-09-07 07:20:00,113.4,1,0.0,1.14,0,none,0,none
U003,2024-09-07 07:30:00,112.8,1,3.0,0.89,30,dinner,0,none
U003,2024-09-07 07:35:00,112.8,1,0.0,1.18,0,none,0,none
U003,2024-09-07 07:45:00,113.0,1,4.1,1.18,45,breakfast,0,none
U003,2024-09-07 07:55:00,113.8,1,0.0,0.91,0,none,0,none
U003,2024-09-07 08:15:00,114.2,1,0.0,1.16,0,none,0,none
U003,2024-09-07 08:20:00,113.5,1,0.0,0.9,0,none,0,none
U003,2024-09-07 08:25:00,113.2,1,0.0,0.84,0,none,0,none
U003,2024-09-07 08:30:00,113.0,1,0.0,0.95,0,none,0,none
U003,2024-09-07 08:35:00,113.4,1,0.0,1.1,0,none,0,none
U003,2024-09-07 08:40:00,114.0,1,0.0,1.06,0,none,0,none
U003,2024-09-07 09:05:00,114.6,1,0.0,1.12,0,none,0,none
U003,2024-09-07 09:25:00,113.5,1,0.0,1.0,0,none,0,none
U003,2024-09-07 09:45:00,113.6,1,0.0,0.93,0,none,0,none
U003,2024-09-07 09:55:00,113.7,1,0.0,0.95,0,none,0,none
U003,2024-09-07 10:00:00,113.3,1,0.0,0.81,0,none,0,none
U003,2024-09-07 10:25:00,112.9,1,0.0,1.14,0,none,0,none
U003,2024-09-07 10:30:00,113.4,1,0.0,1.11,0,none,0,none
U003,2024-09-07 10:35:00,113.1,1,0.0,0.85,0,none,0,none
U003,2024-09-07 10:45:00,113.2,1,0.0,1.13,0,none,0,none
U003,2024-09-07 10:50:00,113.1,1,4.0,1.06,45,breakfast,0,none
U003,2024-09-07 11:05:00,112.6,1,0.0,1.06,0,none,0,none
U003,2024-09-07 11:30:00,112.4,1,0.0,1.03,0,none,0,none
U003,2024-09-07 11:35:00,111.8,1,1.8,0.82,30,lunch,0,none
U003,2024-09-07 11:40:00,111.6,1,0.0,1.03,0,none,0,none
U003,2024-09-07 11:45:00,111.9,1,0.0,1.08,0,none,0,none
U003,2024-09-07 11:55:00,112.0,1,5.9,0.86,90,dinner,0,none
U003,2024-09-07 12:00:00,110.9,1,0.0,0.83,0,none,0,none
U003,2024-09-07 12:05:00,111.4,1,0.0,0.83,0,none,0,none
U003,2024-09-07 12:10:00,111.4,1,0.0,0.87,0,none,0,none
U003,2024-09-07 12:15:00,111.7,1,0.0,1.1,0,none,0,none
U003,2024-09-07 12:30:00,112.8,1,0.0,0.81,0,none,0,none
U003,2024-09-07 12:35:00,112.3,1,0.0,0.88,0,none,0,none
U003,2024-09-07 12:40:00,112.4,1,0.0,0.85,0,none,0,none
U003,2024-09-07 12:55:00,112.6,1,0.0,1.05,0,none,0,none
U003,2024-09-07 13:00:00,112.4,1,0.0,1.16,0,none,0,none
U003,2024-09-07 13:10:00,112.7,1,0.0,1.14,0,none,0,none
U003,2024-09-07 13:15:00,112.8,1,0.0,0.86,0,none,0,none
U003,2024-09-07 13:25:00,112.0,1,4.3,1.14,60,breakfast,0,none
U003,2024-09-07 13:40:00,111.8,1,0.0,1.18,0,none,0,none
U003,2024-09-07 13:45:00,112.0,1,0.0,0.91,0,none,0,none
U003,2024-09-07 13:50:00,111.5,1,0.0,0.94,0,none,0,none
U003,2024-09-07 14:00:00,111.1,1,0.0,0.84,0,none,0,none
U003,2024-09-07 14:10:00,112.7,1,0.0,1.17,0,none,0,none
U003,2024-09-07 14:15:00,113.4,1,0.0,1.09,0,none,0,none
U003,2024-09-07 14:20:00,113.7,1,0.0,0.9,0,none,0,none
U003,2024-09-07 14:25:00,113.0,1,0.0,1.18,0,none,0,none
U003,2024-09-07 14:30:00,112.4,1,0.0,0.94,0,none,0,none
U003,2024-09-07 14:35:00,112.5,1,0.0,0.83,0,none,0,none
U003,2024-09-07 14:40:00,112.0,1,0.0,0.83,0,none,0,none
U003,2024-09-07 14:45:00,112.3,1,0.0,1.1,0,none,0,none
U003,2024-09-07 14:55:00,113.3,1,0.0,1.15,0,none,0,none
U003,2024-09-07 15:05:00,112.9,1,0.0,1.1,0,none,0,none
U003,2024-09-07 15:20:00,114.1,1,0.0,1.11,0,none,0,none
U003,2024-09-07 15:35:00,114.8,1,0.0,0.86,0,none,0,none
U003,2024-09-07 15:45:00,114.0,1,0.0,1.14,0,none,2991,low
U003,2024-09-07 16:00:00,114.1,1,0.0,1.13,0,none,0,none
U003,2024-09-07 16:10:00,114.9,1,0.0,1.09,0,none,0,none
U003,2024-09-07 16:20:00,114.7,1,0.0,1.09,0,none,0,none
U003,2024-09-07 16:25:00,114.5,1,0.0,0.83,0,none,0,none
U003,2024-09-07 16:30:00,114.0,1,0.0,0.87,0,none,0,none
U003,2024-09-07 16:35:00,114.6,1,0.0,1.01,0,none,0,none
U003,2024-09-07 16:40:00,114.2,1,0.0,0.92,0,none,0,none
U003,2024-09-07 16:45:00,114.8,1,0.0,0.9,0,none,0,none
U003,2024-09-07 16:50:00,115.1,1,2.6,0.84,30,breakfast,0,none
U003,2024-09-07 16:55:00,115.5,1,0.0,1.18,0,none,0,none
U003,2024-09-07 17:00:00,116.4,1,0.0,1.05,0,none,0,none
U003,2024-09-07 17:10:00,116.7,1,0.0,0.93,0,none,0,none
U003,2024-09-07 17:35:00,115.2,1,0.0,1.19,0,none,0,none
U003,2024-09-07 17:45:00,116.0,1,0.0,1.08,0,none,0,none
U003,2024-09-07 17:50:00,115.7,1,3.6,1.15,45,snack,0,none
U003,2024-09-07 17:55:00,116.0,1,0.0,0.82,0,none,0,none
U003,2024-09-07 18:00:00,116.4,1,0.0,1.18,0,none,0,none
U003,2024-09-07 18:05:00,116.3,1,3.9,0.85,60,dinner,0,none
U003,2024-09-07 18:10:00,117.0,1,0.0,0.89,0,none,0,none
U003,2024-09-07 18:15:00,116.7,1,0.0,0.91,0,none,0,none
U003,2024-09-07 18:20:00,116.4,1,0.0,1.05,0,none,0,none
U003,2024-09-07 18:25:00,116.8,1,0.0,1.06,0,none,0,none
U003,2024-09-07 18:35:00,117.1,1,4.4,0.8,45,snack,0,none
U003,2024-09-07 18:40:00,117.1,1,0.0,0.99,0,none,0,none
U003,2024-09-07 18:50:00,117.8,1,0.0,0.98,0,none,0,none
U003,2024-09-07 18:55:00,117.7,1,0.0,1.08,0,none,0,none
U003,2024-09-07 19:00:00,117.6,1,0.0,0.84,0,none,0,none
U003,2024-09-07 19:05:00,118.3,1,0.0,1.0,0,none,0,none
U003,2024-09-07 19:10:00,119.0,1,0.0,1.06,0,none,0,none
U003,2024-09-07 19:25:00,117.6,1,0.0,1.11,0,none,0,none
U003,2024-09-07 19:35:00,117.2,1,0.0,0.99,0,none,0,none
U003,2024-09-07 19:40:00,117.4,1,0.0,0.85,0,none,0,none
U003,2024-09-07 19:45:00,117.3,1,0.0,0.87,0,none,0,none
U003,2024-09-07 19:50:00,116.8,1,0.0,1.03,0,none,0,none
U003,2024-09-07 19:55:00,116.7,1,0.0,1.0,0,none,0,none
U003,2024-09-07 20:05:00,117.2,1,0.0,0.96,0,none,0,none
U003,2024-09-07 20:15:00,116.4,1,0.0,1.05,0,none,0,none
U003,2024-09-07 20:30:00,117.1,1,0.0,1.0,0,none,0,none
U003,2024-09-07 20:35:00,117.5,1,4.0,0.98,45,breakfast,0,none
U003,2024-09-07 20:55:00,117.0,1,0.0,1.06,0,none,0,none
U003,2024-09-07 21:00:00,117.2,1,0.0,1.16,0,none,0,none
U003,2024-09-07 21:25:00,117.4,1,0.0,0.9,0,none,0,none
U003,2024-09-07 21:30:00,116.9,1,0.0,0.96,0,none,0,none
U003,2024-09-07 21:40:00,116.8,1,0.0,1.1,0,none,0,none
U003,2024-09-07 21:50:00,116.9,0,0.0,0.86,0,none,0,none
U003,2024-09-07 22:00:00,117.1,1,0.0,1.14,0,none,0,none
U003,2024-09-07 22:05:00,117.8,1,0.0,1.09,0,none,0,none
U003,2024-09-07 22:10:00,117.3,1,0.0,0.91,0,none,0,none
U003,2024-09-07 22:15:00,118.0,1,0.0,0.88,0,none,0,none
U003,2024-09-07 22:20:00,118.6,1,0.0,0.85,0,none,0,none
U003,2024-09-07 22:25:00,117.9,1,0.0,0.84,0,none,0,none
U003,2024-09-07 22:30:00,118.3,1,0.0,1.09,0,none,0,none
U003,2024-09-07 22:35:00,119.0,1,0.0,1.14,0,none,0,none
U003,2024-09-07 22:55:00,119.2,1,0.0,0.91,0,none,0,none
U003,2024-09-07 23:00:00,118.7,1,0.0,1.06,0,none,0,none
U003,2024-09-07 23:10:00,118.5,1,0.0,0.92,0,none,0,none
U003,2024-09-07 23:15:00,118.3,1,0.0,1.07,0,none,0,none
U003,2024-09-07 23:25:00,118.4,1,0.0,1.1,0,none,0,none
U003,2024-09-07 23:35:00,119.4,1,0.0,0.9,0,none,0,none
U003,2024-09-07 23:45:00,119.4,1,0.0,0.85,0,none,0,none
U003,2024-09-07 23:50:00,119.5,1,0.0,0.82,0,none,0,none
U003,2024-09-07 23:55:00,120.1,1,0.0,0.93,0,none,0,none
U003,2024-09-08 00:05:00,120.4,1,0.0,1.05,0,none,0,none
U003,2024-09-08 00:25:00,120.8,1,0.0,1.16,0,none,0,none
U003,2024-09-08 00:30:00,120.6,1,0.0,1.15,0,none,0,none
U003,2024-09-08 00:50:00,119.9,1,0.0,1.12,0,none,0,none
U003,2024-09-08 00:55:00,119.3,1,7.2,1.02,90,breakfast,0,none
U003,2024-09-08 01:00:00,119.5,1,0.0,0.85,0,none,0,none
U003,2024-09-08 01:05:00,120.2,1,0.0,0.88,0,none,0,none
U003,2024-09-08 01:10:00,120.2,1,0.0,0.99,0,none,0,none
U003,2024-09-08 01:15:00,120.2,1,0.0,0.94,0,none,0,none
U003,2024-09-08 01:20:00,120.4,1,0.0,0.97,0,none,0,none
U003,2024-09-08 01:30:00,120.6,1,0.0,0.98,0,none,0,none
U003,2024-09-08 01:35:00,121.0,1,0.0,1.16,0,none,0,none
U003,2024-09-08 01:40:00,121.6,1,0.0,0.89,0,none,0,none
U003,2024-09-08 01:55:00,122.4,1,0.0,1.07,0,none,0,none
U003,2024-09-08 02:25:00,124.3,1,0.0,1.02,0,none,0,none
U003,2024-09-08 02:55:00,126.2,1,0.0,0.98,0,none,0,none
U003,2024-09-08 03:00:00,126.4,1,0.0,1.03,0,none,0,none
U003,2024-09-08 03:05:00,126.5,1,0.0,1.12,0,none,0,none
U003,2024-09-08 03:10:00,127.3,1,0.0,1.19,0,none,0,none
U003,2024-09-08 03:15:00,127.0,1,0.0,0.82,0,none,0,none
U003,2024-09-08 03:20:00,127.5,1,0.0,0.93,0,none,0,none
U003,2024-09-08 03:25:00,126.4,1,0.0,0.9,0,none,0,none
U003,2024-09-08 03:30:00,126.7,1,0.0,1.18,0,none,0,none
U003,2024-09-08 03:45:00,129.0,1,0.0,0.88,0,none,0,none
U003,2024-09-08 04:10:00,129.2,1,0.0,1.14,0,none,0,none
U003,2024-09-08 04:25:00,128.8,1,0.0,0.97,0,none,0,none
U003,2024-09-08 04:30:00,128.6,1,0.0,0.9,0,none,0,none
U003,2024-09-08 04:35:00,129.3,1,0.0,1.11,0,none,0,none
U003,2024-09-08 04:50:00,127.9,1,0.0,0.9,0,none,0,none
U003,2024-09-08 04:55:00,127.7,1,0.0,1.03,0,none,0,none
U003,2024-09-08 05:00:00,128.0,1,0.0,1.02,0,none,0,none
U003,2024-09-08 05:05:00,127.4,1,0.0,1.03,0,none,0,none
U003,2024-09-08 05:10:00,128.0,1,0.0,0.93,0,none,0,none
U003,2024-09-08 05:30:00,128.0,1,0.0,1.01,0,none,0,none
U003,2024-09-08 05:35:00,127.4,1,0.0,1.17,0,none,0,none
U003,2024-09-08 05:45:00,127.5,1,0.0,0.88,0,none,0,none
U003,2024-09-08 05:50:00,127.7,1,0.0,0.98,0,none,0,none
U003,2024-09-08 06:10:00,128.2,1,0.0,0.85,0,none,3332,medium
U003,2024-09-08 06:20:00,127.2,1,0.0,1.04,0,none,0,none
U003,2024-09-08 06:30:00,127.5,1,0.0,0.88,0,none,0,none
U003,2024-09-08 06:35:00,127.6,1,3.6,0.86,45,snack,0,none
U003,2024-09-08 06:55:00,129.2,1,0.0,0.98,0,none,0,none
U003,2024-09-08 07:05:00,129.4,1,0.0,0.85,0,none,0,none
U003,2024-09-08 07:10:00,129.2,0,0.0,0.87,0,none,0,none
U003,2024-09-08 07:20:00,129.7,1,0.0,0.97,0,none,0,none
U003,2024-09-08 07:25:00,129.7,1,0.0,1.15,0,none,0,none
U003,2024-09-08 07:30:00,129.8,1,0.0,1.1,0,none,0,none
U003,2024-09-08 07:40:00,129.4,1,0.0,1.05,0,none,0,none
U003,2024-09-08 07:45:00,129.0,1,0.0,1.0,0,none,0,none
U003,2024-09-08 07:50:00,129.8,1,0.0,0.97,0,none,0,none
U003,2024-09-08 08:00:00,130.1,1,0.0,0.97,0,none,0,none
U003,2024-09-08 08:05:00,129.6,1,0.0,0.87,0,none,0,none
U003,2024-09-08 08:10:00,129.4,1,0.0,0.96,0,none,0,none
U003,2024-09-08 08:15:00,130.4,1,0.0,0.88,0,none,0,none
U003,2024-09-08 08:30:00,129.7,1,0.0,0.95,0,none,0,none
U003,2024-09-08 08:45:00,129.2,1,0.0,0.93,0,none,0,none
U003,2024-09-08 08:50:00,128.9,1,0.0,1.0,0,none,0,none
U003,2024-09-08 09:00:00,128.4,1,0.0,1.1,0,none,0,none
U003,2024-09-08 09:10:00,129.3,1,0.0,1.03,0,none,3526,low
U003,2024-09-08 09:15:00,129.1,1,0.0,1.12,0,none,0,none
U003,2024-09-08 09:25:00,129.4,1,0.0,1.15,0,none,0,none
U003,2024-09-08 09:30:00,129.0,1,0.0,1.06,0,none,0,none
U003,2024-09-08 09:35:00,128.9,1,0.0,1.19,0,none,0,none
U003,2024-09-08 09:40:00,129.7,1,0.0,0.99,0,none,0,none
U003,2024-09-08 10:05:00,131.2,1,0.0,0.82,0,none,0,none
U003,2024-09-08 10:10:00,131.5,1,0.0,0.99,0,none,0,none
U003,2024-09-08 10:15:00,130.6,1,0.0,1.1,0,none,0,none
U003,2024-09-08 10:20:00,130.4,0,0.0,0.85,0,none,0,none
U003,2024-09-08 10:35:00,131.5,1,0.0,1.12,0,none,0,none
U003,2024-09-08 10:40:00,132.4,1,0.0,1.05,0,none,0,none
U003,2024-09-08 10:55:00,132.5,1,0.0,1.17,0,none,0,none
U003,2024-09-08 11:00:00,131.4,1,3.4,1.14,45,breakfast,0,none
U003,2024-09-08 11:20:00,131.6,1,0.0,0.92,0,none,0,none
U003,2024-09-08 11:30:00,132.3,1,0.0,0.87,0,none,0,none
U003,2024-09-08 11:35:00,131.6,1,0.0,0.87,0,none,0,none
U003,2024-09-08 11:40:00,131.6,1,0.0,1.07,0,none,0,none
U003,2024-09-08 11:45:00,131.6,1,0.0,0.86,90,lunch,0,none
U003,2024-09-08 11:50:00,131.6,1,0.0,1.2,0,none,0,none
U003,2024-09-08 11:55:00,131.1,1,0.0,1.1,0,none,0,none
U003,2024-09-08 12:00:00,131.7,1,0.0,0.95,0,none,0,none
U003,2024-09-08 12:05:00,131.5,1,0.0,0.82,0,none,0,none
U003,2024-09-08 12:10:00,130.2,1,0.0,1.17,0,none,0,none
U003,2024-09-08 12:45:00,129.9,1,0.0,1.13,0,none,0,none
U003,2024-09-08 12:50:00,130.6,1,0.0,1.07,0,none,0,none
U003,2024-09-08 12:55:00,130.6,1,0.0,0.84,0,none,0,none
U003,2024-09-08 13:00:00,131.1,1,0.0,0.8,0,none,0,none
U003,2024-09-08 13:05:00,131.5,1,0.0,0.85,0,none,0,none
U003,2024-09-08 13:15:00,131.1,1,0.0,0.95,0,none,0,none
U003,2024-09-08 13:20:00,131.0,1,0.0,1.16,0,none,0,none
U003,2024-09-08 13:30:00,130.9,1,6.0,0.92,90,snack,0,none
U003,2024-09-08 13:35:00,130.7,1,0.0,1.06,0,none,0,none
U003,2024-09-08 13:40:00,129.9,1,0.0,0.92,0,none,0,none
U003,2024-09-08 13:45:00,129.8,1,0.0,0.97,0,none,0,none
U003,2024-09-08 14:00:00,128.9,1,0.0,1.04,0,none,0,none
U003,2024-09-08 14:05:00,128.6,1,2.2,0.85,30,lunch,0,none
U003,2024-09-08 14:15:00,130.0,1,0.0,0.98,0,none,0,none
U003,2024-09-08 14:20:00,130.0,1,0.0,0.92,0,none,0,none
U003,2024-09-08 14:25:00,131.3,1,0.0,0.97,0,none,0,none
U003,2024-09-08 14:30:00,131.6,1,0.0,0.98,0,none,0,none
U003,2024-09-08 14:35:00,131.9,1,0.0,1.18,0,none,0,none
U003,2024-09-08 14:45:00,131.7,1,0.0,1.13,0,none,0,none
U003,2024-09-08 14:55:00,132.0,1,0.0,0.83,0,none,0,none
U003,2024-09-08 15:00:00,133.0,1,0.0,0.82,0,none,0,none
U003,2024-09-08 15:10:00,132.4,1,0.0,0.86,0,none,0,none
U003,2024-09-08 15:20:00,133.3,1,0.0,0.81,0,none,0,none
U003,2024-09-08 15:30:00,134.3,1,0.0,1.03,0,none,0,none
U003,2024-09-08 15:45:00,134.5,1,0.0,1.11,0,none,0,none
U003,2024-09-08 15:55:00,134.6,1,0.0,0.93,0,none,0,none
U003,2024-09-08 16:10:00,133.1,1,0.0,1.1,0,none,0,none
U003,2024-09-08 16:20:00,131.1,1,0.0,0.99,0,none,3957,high
U003,2024-09-08 16:25:00,131.6,1,0.0,0.92,0,none,0,none
U003,2024-09-08 16:30:00,129.4,1,0.0,1.14,0,none,2118,medium
U003,2024-09-08 16:35:00,129.6,1,0.0,1.06,0,none,0,none
U003,2024-09-08 16:45:00,129.0,1,0.0,0.96,0,none,0,none
U003,2024-09-08 16:55:00,128.4,1,0.0,1.17,0,none,0,none
U003,2024-09-08 17:15:00,128.3,1,4.1,1.13,45,snack,0,none
U003,2024-09-08 17:45:00,126.9,1,0.0,1.18,0,none,0,none
U003,2024-09-08 17:50:00,126.8,1,0.0,1.09,0,none,0,none
U003,2024-09-08 17:55:00,125.9,1,0.0,1.04,0,none,0,none
U003,2024-09-08 18:05:00,126.0,1,0.0,1.09,0,none,0,none
U003,2024-09-08 18:10:00,126.0,1,0.0,1.13,0,none,0,none
U003,2024-09-08 18:25:00,125.4,1,0.0,0.95,0,none,0,none
U003,2024-09-08 18:35:00,126.3,1,0.0,0.96,0,none,0,none
U003,2024-09-08 18:40:00,126.0,1,0.0,0.98,0,none,0,none
U003,2024-09-08 18:45:00,126.2,1,0.0,0.89,0,none,0,none
U003,2024-09-08 18:50:00,126.2,1,0.0,0.84,0,none,0,none
U003,2024-09-08 19:05:00,127.8,1,0.0,1.17,0,none,0,none
U003,2024-09-08 19:15:00,128.1,1,0.0,0.93,0,none,0,none
U003,2024-09-08 19:25:00,128.7,1,0.0,1.05,0,none,0,none
U003,2024-09-08 19:35:00,128.3,1,0.0,0.92,0,none,0,none
U003,2024-09-08 19:55:00,128.2,1,1.8,1.15,30,snack,0,none
U003,2024-09-08 20:00:00,129.0,1,0.0,1.07,0,none,0,none
U003,2024-09-08 20:05:00,128.2,1,0.0,1.17,0,none,0,none
U003,2024-09-08 20:15:00,127.4,1,7.6,0.92,90,dinner,0,none
U003,2024-09-08 20:20:00,127.4,1,1.5,0.86,30,snack,0,none
U003,2024-09-08 20:30:00,125.9,1,0.0,1.11,0,none,0,none
U003,2024-09-08 20:35:00,125.9,1,0.0,0.94,0,none,0,none
U003,2024-09-08 20:40:00,125.5,1,0.0,0.96,0,none,0,none
U003,2024-09-08 20:45:00,126.0,1,0.0,1.04,0,none,0,none
U003,2024-09-08 20:50:00,126.9,1,0.0,1.16,0,none,0,none
U003,2024-09-08 20:55:00,127.7,1,0.0,0.83,0,none,0,none
U003,2024-09-08 21:00:00,128.1,1,0.0,0.86,0,none,0,none
U003,2024-09-08 21:10:00,127.7,1,0.0,0.92,0,none,0,none
U003,2024-09-08 21:15:00,128.2,1,0.0,1.01,0,none,0,none
U003,2024-09-08 21:30:00,128.7,1,2.5,0.91,30,breakfast,0,none
U003,2024-09-08 21:40:00,130.1,1,0.0,1.14,0,none,0,none
U003,2024-09-08 21:45:00,131.2,1,0.0,0.86,0,none,0,none
U003,2024-09-08 21:55:00,131.6,1,0.0,1.05,0,none,0,none
U003,2024-09-08 22:05:00,131.5,1,0.0,0.99,0,none,0,none
U003,2024-09-08 22:10:00,130.8,1,5.5,1.18,60,dinner,0,none
U003,2024-09-08 22:20:00,131.3,1,0.0,0.89,0,none,0,none
U003,2024-09-08 22:25:00,130.4,1,0.0,1.17,0,none,0,none
U003,2024-09-08 22:40:00,130.1,1,0.0,0.85,30,breakfast,4528,medium
U003,2024-09-08 23:00:00,131.0,1,0.0,1.06,0,none,0,none
U003,2024-09-08 23:05:00,131.2,1,0.0,1.11,0,none,0,none
U003,2024-09-08 23:10:00,131.1,1,0.0,0.97,0,none,0,none
U003,2024-09-08 23:15:00,131.3,1,0.0,0.95,0,none,0,none
U003,2024-09-08 23:20:00,131.7,1,0.0,1.14,0,none,0,none
U003,2024-09-08 23:25:00,132.2,1,0.0,1.0,0,none,0,none
U003,2024-09-08 23:30:00,131.6,1,0.0,1.04,0,none,0,none
U003,2024-09-08 23:35:00,131.6,1,6.0,0.9,75,snack,0,none
U003,2024-09-08 23:45:00,132.1,1,0.0,0.94,0,none,0,none
U003,2024-09-08 23:55:00,132.9,1,0.0,0.84,0,none,0,none
U003,2024-09-09 00:05:00,133.0,1,0.0,0.95,0,none,0,none
U003,2024-09-09 00:15:00,131.1,1,2.9,1.18,45,breakfast,0,none
U003,2024-09-09 00:30:00,132.0,1,0.0,1.15,0,none,0,none
U003,2024-09-09 00:35:00,132.1,1,0.0,1.04,0,none,0,none
U003,2024-09-09 00:40:00,132.7,1,0.0,0.97,0,none,0,none
U003,2024-09-09 00:45:00,132.4,1,0.0,1.1,0,none,0,none
U003,2024-09-09 01:00:00,132.8,1,0.0,1.11,0,none,0,none
U003,2024-09-09 01:05:00,132.3,1,0.0,0.93,0,none,0,none
U003,2024-09-09 01:20:00,133.2,1,0.0,0.91,0,none,0,none
U003,2024-09-09 01:25:00,132.8,1,0.0,1.18,0,none,0,none
U003,2024-09-09 01:30:00,133.1,1,0.0,0.89,0,none,0,none
U003,2024-09-09 01:35:00,132.8,1,0.0,1.0,0,none,0,none
U003,2024-09-09 01:40:00,132.8,1,0.0,1.1,0,none,0,none
U003,2024-09-09 01:45:00,132.9,1,4.2,1.17,60,lunch,0,none
U003,2024-09-09 01:50:00,132.4,1,0.0,1.06,0,none,0,none
U003,2024-09-09 01:55:00,132.1,1,0.0,1.17,0,none,0,none
U003,2024-09-09 02:00:00,132.5,1,0.0,1.0,0,none,0,none
U003,2024-09-09 02:05:00,132.2,1,0.0,1.02,0,none,0,none
U003,2024-09-09 02:10:00,132.2,1,0.0,1.11,0,none,0,none
U003,2024-09-09 02:15:00,132.0,1,0.0,0.8,0,none,0,none
U003,2024-09-09 02:20:00,131.8,1,0.0,0.82,0,none,0,none
U003,2024-09-09 02:25:00,132.0,1,0.0,1.11,0,none,0,none
U003,2024-09-09 02:35:00,131.8,1,0.0,0.88,0,none,0,none
U003,2024-09-09 02:40:00,129.8,1,0.0,1.08,0,none,1253,high
U003,2024-09-09 02:50:00,130.3,1,0.0,0.88,0,none,0,none
U003,2024-09-09 03:00:00,129.3,1,0.0,1.04,0,none,0,none
U003,2024-09-09 03:05:00,129.2,1,0.0,1.05,0,none,0,none
U003,2024-09-09 03:10:00,129.4,1,0.0,0.88,0,none,0,none
U003,2024-09-09 03:45:00,132.0,1,0.0,0.93,0,none,0,none
U003,2024-09-09 03:50:00,131.7,1,0.0,1.0,0,none,0,none
U003,2024-09-09 03:55:00,131.9,1,0.0,0.86,0,none,0,none
U003,2024-09-09 04:05:00,131.8,1,0.0,1.04,0,none,0,none
U003,2024-09-09 04:10:00,130.9,1,0.0,0.97,0,none,0,none
U003,2024-09-09 04:15:00,131.9,1,0.0,1.03,0,none,0,none
U003,2024-09-09 04:20:00,131.9,1,0.0,0.95,0,none,0,none
U003,2024-09-09 04:25:00,132.3,1,0.0,1.17,0,none,0,none
U003,2024-09-09 04:30:00,131.9,1,0.0,1.15,0,none,0,none
U003,2024-09-09 04:35:00,132.8,1,0.0,0.8,0,none,0,none
U003,2024-09-09 04:40:00,132.5,1,6.7,0.91,90,breakfast,0,none
U003,2024-09-09 04:45:00,133.3,1,0.0,1.19,0,none,0,none
U003,2024-09-09 04:50:00,133.5,1,0.0,0.82,0,none,0,none
U003,2024-09-09 05:00:00,133.6,1,0.0,1.05,0,none,0,none
U003,2024-09-09 05:05:00,133.3,1,0.0,0.84,0,none,0,none
U003,2024-09-09 05:10:00,134.6,1,0.0,1.17,0,none,0,none
U003,2024-09-09 05:15:00,134.5,1,0.0,1.19,0,none,0,none
U003,2024-09-09 05:20:00,134.7,1,4.3,0.94,60,snack,0,none
U003,2024-09-09 05:25:00,134.8,1,0.0,0.85,0,none,0,none
U003,2024-09-09 05:30:00,134.5,1,0.0,1.09,0,none,1107,medium
U003,2024-09-09 05:35:00,134.7,1,0.0,0.82,0,none,0,none
U003,2024-09-09 05:40:00,134.7,1,0.0,1.2,0,none,0,none
U003,2024-09-09 06:10:00,134.4,1,0.0,1.12,0,none,0,none
U003,2024-09-09 06:15:00,134.3,1,0.0,0.94,0,none,0,none
U003,2024-09-09 06:25:00,133.4,1,0.0,0.92,0,none,0,none
U003,2024-09-09 06:30:00,133.1,1,0.0,0.83,0,none,0,none
U003,2024-09-09 06:40:00,133.6,1,0.0,0.87,0,none,0,none
U003,2024-09-09 06:50:00,134.4,1,0.0,1.08,0,none,0,none
U003,2024-09-09 07:00:00,134.0,1,0.0,1.04,0,none,0,none
U003,2024-09-09 07:05:00,133.8,1,0.0,1.07,0,none,0,none
U003,2024-09-09 07:10:00,133.8,1,0.0,1.11,0,none,0,none
U003,2024-09-09 07:15:00,133.1,1,0.0,0.98,0,none,1660,high
U003,2024-09-09 07:20:00,133.5,1,0.0,0.87,0,none,0,none
U003,2024-09-09 07:25:00,133.3,1,0.0,0.84,0,none,0,none
U003,2024-09-09 07:30:00,132.3,1,0.0,1.11,0,none,0,none
U003,2024-09-09 07:35:00,132.7,1,0.0,0.99,0,none,0,none
U003,2024-09-09 07:40:00,132.5,1,0.0,1.11,0,none,0,none
U003,2024-09-09 07:55:00,133.3,1,0.0,0.82,0,none,0,none
U003,2024-09-09 08:00:00,133.6,1,0.0,1.09,0,none,0,none
U003,2024-09-09 08:05:00,131.7,1,0.0,0.82,0,none,768,low
U003,2024-09-09 08:10:00,131.8,1,0.0,0.83,0,none,0,none
U003,2024-09-09 08:20:00,130.5,1,0.0,1.18,0,none,0,none
U003,2024-09-09 08:25:00,130.7,1,0.0,1.14,0,none,0,none
U003,2024-09-09 08:30:00,131.1,1,0.0,0.95,0,none,0,none
U003,2024-09-09 08:35:00,130.8,1,0.0,1.14,0,none,0,none
U003,2024-09-09 08:40:00,130.4,1,0.0,1.16,0,none,0,none
U003,2024-09-09 08:45:00,130.5,1,0.0,0.91,0,none,0,none
U003,2024-09-09 08:50:00,129.2,1,0.0,0.99,0,none,0,none
U003,2024-09-09 09:00:00,129.7,1,0.0,1.1,0,none,0,none
U003,2024-09-09 09:05:00,130.1,1,0.0,0.9,0,none,0,none
U003,2024-09-09 09:20:00,129.9,1,0.0,0.98,0,none,0,none
U003,2024-09-09 09:25:00,129.6,1,0.0,0.89,0,none,1093,medium
U003,2024-09-09 09:35:00,129.9,1,0.0,0.93,0,none,0,none
U003,2024-09-09 09:45:00,130.9,1,0.0,0.91,0,none,0,none
U003,2024-09-09 09:50:00,130.4,1,0.0,1.07,0,none,0,none
U003,2024-09-09 09:55:00,130.5,1,0.0,0.81,0,none,0,none
U003,2024-09-09 10:00:00,130.8,1,0.0,1.07,0,none,0,none
U003,2024-09-09 10:05:00,130.5,1,0.0,0.98,0,none,0,none
U003,2024-09-09 10:10:00,131.6,1,0.0,0.99,0,none,0,none
U003,2024-09-09 10:25:00,132.2,1,0.0,0.94,0,none,0,none
U003,2024-09-09 10:30:00,132.1,1,0.0,1.02,75,snack,0,none
U003,2024-09-09 10:40:00,132.9,1,0.0,0.82,0,none,0,none
U003,2024-09-09 10:45:00,134.3,1,0.0,1.17,0,none,0,none
U003,2024-09-09 10:50:00,133.8,1,0.0,1.1,0,none,0,none
U003,2024-09-09 10:55:00,134.0,1,0.0,1.13,0,none,0,none
U003,2024-09-09 11:00:00,134.4,1,0.0,0.94,0,none,0,none
U003,2024-09-09 11:05:00,134.3,1,0.0,1.01,0,none,0,none
U003,2024-09-09 11:10:00,135.5,1,0.0,1.02,0,none,0,none
U003,2024-09-09 11:15:00,135.5,1,0.0,0.95,75,breakfast,0,none
U003,2024-09-09 11:20:00,135.1,1,0.0,1.14,0,none,0,none
U003,2024-09-09 11:30:00,135.1,1,0.0,1.08,0,none,0,none
U003,2024-09-09 11:35:00,135.1,1,0.0,0.97,0,none,0,none
U003,2024-09-09 11:40:00,136.3,1,0.0,0.9,0,none,0,none
U003,2024-09-09 11:45:00,135.8,1,0.0,1.09,0,none,0,none
U003,2024-09-09 11:50:00,135.6,1,0.0,0.97,0,none,0,none
U003,2024-09-09 11:55:00,135.3,1,0.0,0.95,0,none,0,none
U003,2024-09-09 12:00:00,134.6,1,0.0,1.19,0,none,0,none
U003,2024-09-09 12:10:00,134.8,1,0.0,1.15,0,none,0,none
U003,2024-09-09 12:25:00,134.2,1,0.0,0.84,0,none,0,none
U003,2024-09-09 12:30:00,135.5,1,0.0,0.93,0,none,0,none
U003,2024-09-09 12:40:00,135.2,1,0.0,1.09,0,none,0,none
U003,2024-09-09 12:45:00,135.1,1,0.0,0.97,0,none,0,none
U003,2024-09-09 13:00:00,135.1,1,0.0,0.9,0,none,0,none
U003,2024-09-09 13:05:00,135.8,1,0.0,0.91,0,none,0,none
U003,2024-09-09 13:10:00,136.0,1,0.0,0.81,0,none,0,none
U003,2024-09-09 13:15:00,135.8,1,0.0,1.01,0,none,0,none
U003,2024-09-09 13:35:00,136.5,1,0.0,1.09,0,none,0,none
U003,2024-09-09 13:40:00,136.1,1,0.0,1.03,0,none,0,none
U003,2024-09-09 13:45:00,136.4,1,0.0,1.15,0,none,0,none
U003,2024-09-09 13:50:00,137.0,1,0.0,1.07,0,none,0,none
U003,2024-09-09 14:15:00,134.0,1,0.0,0.96,60,lunch,2791,high
U003,2024-09-09 14:25:00,134.4,1,0.0,0.81,0,none,0,none
U003,2024-09-09 14:30:00,134.0,1,0.0,1.02,0,none,0,none
U003,2024-09-09 14:35:00,134.1,1,0.0,0.8,0,none,0,none
U003,2024-09-09 14:40:00,134.3,1,0.0,0.88,0,none,0,none
U003,2024-09-09 14:45:00,134.2,1,0.0,0.95,0,none,0,none
U003,2024-09-09 14:50:00,133.6,1,0.0,0.93,0,none,0,none
U003,2024-09-09 15:00:00,134.1,1,0.0,1.07,0,none,0,none
U003,2024-09-09 15:10:00,134.3,1,0.0,0.9,0,none,0,none
U003,2024-09-09 15:20:00,133.0,1,0.0,1.14,0,none,0,none
U003,2024-09-09 15:25:00,132.5,1,0.0,0.82,0,none,0,none
U003,2024-09-09 15:30:00,132.3,1,0.0,0.9,0,none,0,none
U003,2024-09-09 15:40:00,131.1,1,0.0,1.06,0,none,0,none
U003,2024-09-09 15:45:00,130.7,1,0.0,0.89,0,none,0,none
U003,2024-09-09 15:50:00,130.9,1,0.0,1.01,0,none,0,none
U003,2024-09-09 16:10:00,130.7,1,0.0,1.04,0,none,0,none
U003,2024-09-09 16:20:00,130.0,1,0.0,1.17,0,none,0,none
U003,2024-09-09 16:25:00,129.7,1,0.0,0.93,0,none,0,none
U003,2024-09-09 16:30:00,129.3,1,0.0,1.06,0,none,0,none
U003,2024-09-09 16:35:00,128.4,1,0.0,0.88,0,none,0,none
U003,2024-09-09 16:40:00,129.2,1,0.0,0.97,0,none,0,none
U003,2024-09-09 16:50:00,129.7,1,0.0,1.04,0,none,0,none
U003,2024-09-09 16:55:00,130.0,1,0.0,0.86,0,none,0,none
U003,2024-09-09 17:00:00,130.3,1,4.1,1.15,60,lunch,0,none
U003,2024-09-09 17:05:00,130.1,1,0.0,1.07,0,none,0,none
U003,2024-09-09 17:10:00,129.9,1,0.0,0.93,0,none,0,none
U003,2024-09-09 17:20:00,129.9,1,0.0,1.03,0,none,0,none
U003,2024-09-09 17:30:00,129.9,1,0.0,0.95,0,none,0,none
U003,2024-09-09 17:35:00,129.4,1,0.0,0.95,0,none,0,none
U003,2024-09-09 17:40:00,129.6,1,0.0,1.1,0,none,0,none
U003,2024-09-09 17:45:00,130.3,1,0.0,0.86,0,none,0,none
U003,2024-09-09 17:50:00,131.1,1,0.0,1.04,0,none,0,none
U003,2024-09-09 17:55:00,130.9,1,0.0,1.1,0,none,0,none
U003,2024-09-09 18:00:00,130.3,1,0.0,1.07,0,none,0,none
U003,2024-09-09 18:05:00,130.4,1,0.0,1.09,0,none,0,none
U003,2024-09-09 18:10:00,130.1,1,0.0,0.93,0,none,0,none
U003,2024-09-09 18:20:00,129.6,1,0.0,0.91,0,none,0,none
U003,2024-09-09 18:25:00,129.8,1,0.0,0.99,0,none,0,none
U003,2024-09-09 18:30:00,130.5,1,0.0,0.99,0,none,0,none
U003,2024-09-09 18:45:00,130.4,1,0.0,1.12,0,none,0,none
U003,2024-09-09 18:50:00,131.0,1,0.0,1.1,0,none,0,none
U003,2024-09-09 18:55:00,131.1,1,0.0,1.1,0,none,0,none
U003,2024-09-09 19:10:00,131.3,1,0.0,1.01,0,none,0,none
U003,2024-09-09 19:15:00,131.7,1,0.0,0.97,0,none,0,none
U003,2024-09-09 19:20:00,132.7,1,0.0,0.87,0,none,0,none
U003,2024-09-09 19:25:00,132.5,1,0.0,1.11,0,none,0,none
U003,2024-09-09 19:35:00,132.6,1,0.0,1.1,0,none,0,none
U003,2024-09-09 19:40:00,131.9,1,0.0,0.89,0,none,0,none
U003,2024-09-09 19:45:00,132.4,1,0.0,1.17,0,none,0,none
U003,2024-09-09 20:05:00,132.0,1,0.0,1.19,0,none,0,none
U003,2024-09-09 20:20:00,134.0,1,0.0,0.92,0,none,0,none
U003,2024-09-09 20:25:00,133.4,1,0.0,0.87,0,none,0,none
U003,2024-09-09 20:30:00,132.3,1,0.0,0.99,0,none,0,none
U003,2024-09-09 20:40:00,132.5,1,0.0,1.08,0,none,0,none
U003,2024-09-09 20:45:00,132.8,1,0.0,0.96,0,none,0,none
U003,2024-09-09 20:50:00,133.4,1,0.0,1.11,0,none,0,none
U003,2024-09-09 21:00:00,133.1,1,0.0,0.96,0,none,0,none
U003,2024-09-09 21:05:00,133.9,1,0.0,1.13,0,none,0,none
U003,2024-09-09 21:10:00,134.3,1,0.0,0.86,0,none,0,none
U003,2024-09-09 21:20:00,134.1,1,0.0,1.04,0,none,0,none
U003,2024-09-09 21:30:00,134.9,1,0.0,1.01,0,none,0,none
U003,2024-09-09 21:45:00,131.8,1,0.0,1.13,0,none,0,none
U003,2024-09-09 21:50:00,132.4,1,0.0,0.86,0,none,0,none
U003,2024-09-09 21:55:00,131.8,1,0.0,0.93,0,none,0,none
U003,2024-09-09 22:10:00,132.2,1,0.0,1.18,0,none,0,none
U003,2024-09-09 22:15:00,132.3,1,0.0,1.15,0,none,0,none
U004,2024-09-01 00:00:00,128.3,1,0.0,0.97,0,none,0,none
U004,2024-09-01 00:05:00,128.7,1,0.0,1.06,0,none,0,none
U004,2024-09-01 00:10:00,129.0,1,0.0,1.12,0,none,0,none
U004,2024-09-01 00:15:00,128.8,1,0.0,0.99,0,none,0,none
U004,2024-09-01 00:20:00,128.7,1,0.0,0.85,0,none,0,none
U004,2024-09-01 00:25:00,128.9,1,0.0,0.84,0,none,0,none
U004,2024-09-01 00:30:00,129.8,1,4.8,1.01,45,dinner,0,none
U004,2024-09-01 00:35:00,128.9,1,10.0,0.9,90,lunch,0,none
U004,2024-09-01 00:45:00,125.2,1,0.0,0.96,0,none,0,none
U004,2024-09-01 00:50:00,123.7,1,0.0,1.02,0,none,0,none
U004,2024-09-01 00:55:00,121.9,1,0.0,0.86,0,none,0,none
U004,2024-09-01 01:00:00,119.7,1,0.0,1.18,0,none,0,none
U004,2024-09-01 01:05:00,117.0,1,0.0,1.03,0,none,0,none
U004,2024-09-01 01:10:00,113.2,1,0.0,0.88,0,none,0,none
U004,2024-09-01 01:20:00,101.0,1,0.0,1.08,0,none,0,none
U004,2024-09-01 01:35:00,78.0,1,0.0,0.84,0,none,0,none
U004,2024-09-01 01:40:00,71.0,1,0.0,1.05,0,none,0,none
U004,2024-09-01 01:45:00,70.0,1,0.0,1.01,0,none,0,none
U004,2024-09-01 01:50:00,70.0,1,0.0,1.05,0,none,0,none
U004,2024-09-01 02:05:00,70.0,1,0.0,1.08,0,none,0,none
U004,2024-09-01 02:10:00,70.0,1,0.0,1.13,0,none,0,none
U004,2024-09-01 02:20:00,70.0,1,0.0,0.97,0,none,0,none
U004,2024-09-01 02:25:00,70.0,1,0.0,0.91,0,none,0,none
U004,2024-09-01 02:30:00,70.0,1,0.0,1.16,0,none,0,none
U004,2024-09-01 02:35:00,70.0,1,0.0,0.85,0,none,0,none
U004,2024-09-01 02:40:00,70.0,1,0.0,1.04,0,none,0,none
U004,2024-09-01 02:45:00,70.0,1,0.0,0.93,0,none,0,none
U004,2024-09-01 02:50:00,70.0,1,0.0,0.89,0,none,0,none
U004,2024-09-01 03:00:00,70.0,1,0.0,0.91,0,none,0,none
U004,2024-09-01 03:10:00,70.8,1,0.0,1.03,0,none,0,none
U004,2024-09-01 03:25:00,70.6,1,0.0,0.85,0,none,0,none
U004,2024-09-01 03:35:00,70.0,1,0.0,1.06,0,none,0,none
U004,2024-09-01 03:40:00,70.3,1,0.0,0.97,0,none,0,none
U004,2024-09-01 03:50:00,70.0,1,0.0,0.99,0,none,0,none
U004,2024-09-01 04:00:00,70.0,1,0.0,1.16,0,none,0,none
U004,2024-09-01 04:15:00,71.5,1,0.0,0.92,0,none,0,none
U004,2024-09-01 04:20:00,71.1,1,0.0,0.86,0,none,0,none
U004,2024-09-01 04:25:00,71.2,1,0.0,1.05,0,none,0,none
U004,2024-09-01 04:40:00,71.1,1,0.0,1.15,0,none,0,none
U004,2024-09-01 05:00:00,70.1,1,0.0,1.15,0,none,0,none
U004,2024-09-01 05:05:00,70.0,1,0.0,0.86,0,none,0,none
U004,2024-09-01 05:10:00,70.0,1,0.0,1.0,0,none,0,none
U004,2024-09-01 05:15:00,70.0,1,2.8,1.03,30,snack,0,none
U004,2024-09-01 05:25:00,70.7,1,0.0,1.12,0,none,0,none
U004,2024-09-01 05:35:00,71.8,1,0.0,0.92,0,none,0,none
U004,2024-09-01 05:50:00,70.9,1,0.0,0.9,0,none,0,none
U004,2024-09-01 05:55:00,71.0,1,0.0,0.87,0,none,0,none
U004,2024-09-01 06:00:00,71.0,1,6.0,0.84,45,dinner,0,none
U004,2024-09-01 06:05:00,71.3,1,0.0,0.91,0,none,0,none
U004,2024-09-01 06:10:00,70.9,1,0.0,0.99,0,none,0,none
U004,2024-09-01 06:15:00,71.1,1,0.0,0.82,0,none,0,none
U004,2024-09-01 06:25:00,70.7,1,0.0,1.1,0,none,0,none
U004,2024-09-01 06:40:00,70.2,1,0.0,0.8,0,none,0,none
U004,2024-09-01 06:45:00,70.0,1,0.0,0.99,0,none,0,none
U004,2024-09-01 06:50:00,70.0,1,0.0,1.07,0,none,0,none
U004,2024-09-01 06:55:00,70.0,1,0.0,0.81,0,none,0,none
U004,2024-09-01 07:00:00,70.4,1,0.0,0.83,0,none,0,none
U004,2024-09-01 07:15:00,71.6,1,0.0,1.17,0,none,0,none
U004,2024-09-01 07:25:00,71.3,1,0.0,0.87,0,none,0,none
U004,2024-09-01 07:30:00,70.9,1,0.0,0.92,0,none,0,none
U004,2024-09-01 07:35:00,70.3,1,0.0,1.19,0,none,0,none
U004,2024-09-01 07:40:00,70.4,1,0.0,0.82,0,none,0,none
U004,2024-09-01 07:55:00,70.0,1,0.0,0.95,0,none,0,none
U004,2024-09-01 08:05:00,71.3,1,0.0,0.82,0,none,0,none
U004,2024-09-01 08:20:00,72.3,1,0.0,1.05,0,none,0,none
U004,2024-09-01 08:25:00,72.4,1,0.0,1.14,0,none,0,none
U004,2024-09-01 08:30:00,73.3,1,0.0,0.83,0,none,0,none
U004,2024-09-01 08:35:00,73.9,1,10.9,1.0,90,lunch,0,none
U004,2024-09-01 08:45:00,73.3,1,0.0,0.81,0,none,0,none
U004,2024-09-01 08:50:00,73.4,1,0.0,0.87,0,none,2852,medium
U004,2024-09-01 08:55:00,73.7,1,0.0,0.85,0,none,0,none
U004,2024-09-01 09:00:00,72.8,1,0.0,0.98,0,none,0,none
U004,2024-09-01 09:05:00,71.8,1,6.1,1.18,60,lunch,0,none
U004,2024-09-01 09:20:00,71.3,1,0.0,0.96,0,none,0,none
U004,2024-09-01 09:35:00,72.6,1,0.0,0.96,0,none,0,none
U004,2024-09-01 09:45:00,72.7,1,0.0,0.92,0,none,0,none
U004,2024-09-01 10:00:00,73.5,1,0.0,0.89,0,none,0,none
U004,2024-09-01 10:05:00,72.1,1,0.0,0.95,0,none,4448,low
U004,2024-09-01 10:10:00,72.2,1,10.6,0.85,90,dinner,0,none
U004,2024-09-01 10:15:00,71.7,1,5.1,1.11,45,dinner,0,none
U004,2024-09-01 10:30:00,73.0,1,0.0,1.05,0,none,0,none
U004,2024-09-01 10:55:00,76.2,1,0.0,0.89,0,none,0,none
U004,2024-09-01 11:05:00,75.3,1,0.0,0.94,0,none,0,none
U004,2024-09-01 11:15:00,76.4,1,0.0,1.11,0,none,0,none
U004,2024-09-01 11:20:00,75.8,1,0.0,1.16,0,none,0,none
U004,2024-09-01 11:35:00,76.0,1,0.0,1.15,0,none,0,none
U004,2024-09-01 11:40:00,76.0,1,0.0,0.95,0,none,0,none
U004,2024-09-01 11:50:00,77.0,1,0.0,0.87,0,none,0,none
U004,2024-09-01 11:55:00,76.6,1,0.0,1.04,0,none,0,none
U004,2024-09-01 12:05:00,76.2,1,0.0,0.82,0,none,0,none
U004,2024-09-01 12:35:00,75.3,1,0.0,0.8,0,none,0,none
U004,2024-09-01 12:40:00,74.1,1,0.0,1.14,0,none,0,none
U004,2024-09-01 12:45:00,73.7,1,0.0,1.09,0,none,0,none
U004,2024-09-01 12:50:00,74.1,1,0.0,1.13,0,none,0,none
U004,2024-09-01 12:55:00,73.5,1,0.0,0.99,0,none,0,none
U004,2024-09-01 13:10:00,72.3,1,0.0,1.18,0,none,0,none
U004,2024-09-01 13:15:00,72.1,1,0.0,1.1,0,none,0,none
U004,2024-09-01 13:20:00,72.9,1,0.0,1.11,0,none,0,none
U004,2024-09-01 13:25:00,72.6,1,0.0,0.84,0,none,0,none
U004,2024-09-01 13:30:00,72.2,1,0.0,1.04,0,none,0,none
U004,2024-09-01 13:35:00,72.6,1,0.0,1.06,0,none,0,none
U004,2024-09-01 13:40:00,73.5,1,0.0,0.9,0,none,0,none
U004,2024-09-01 13:45:00,74.5,1,0.0,1.02,0,none,0,none
U004,2024-09-01 13:50:00,75.1,1,0.0,0.9,0,none,0,none
U004,2024-09-01 13:55:00,75.3,1,0.0,0.91,0,none,0,none
U004,2024-09-01 14:00:00,75.6,1,0.0,0.91,0,none,0,none
U004,2024-09-01 14:05:00,75.7,1,0.0,1.09,0,none,0,none
U004,2024-09-01 14:10:00,75.8,1,0.0,0.92,0,none,0,none
U004,2024-09-01 14:15:00,75.5,1,0.0,1.01,0,none,0,none
U004,2024-09-01 14:20:00,75.1,1,0.0,1.06,0,none,0,none
U004,2024-09-01 14:30:00,75.3,1,0.0,1.0,0,none,0,none
U004,2024-09-01 14:35:00,75.4,1,0.0,1.08,0,none,0,none
U004,2024-09-01 14:40:00,75.1,1,0.0,1.06,0,none,0,none
U004,2024-09-01 14:50:00,76.0,1,0.0,0.84,0,none,0,none
U004,2024-09-01 14:55:00,75.8,1,0.0,0.83,0,none,0,none
U004,2024-09-01 15:00:00,75.8,1,0.0,1.19,0,none,0,none
U004,2024-09-01 15:05:00,76.0,1,0.0,0.98,0,none,0,none
U004,2024-09-01 15:10:00,76.2,1,0.0,0.97,0,none,0,none
U004,2024-09-01 15:15:00,76.4,1,0.0,1.1,0,none,4565,medium
U004,2024-09-01 15:25:00,76.0,1,0.0,1.02,0,none,0,none
U004,2024-09-01 15:40:00,75.4,1,0.0,1.09,0,none,0,none
U004,2024-09-01 15:45:00,75.2,1,0.0,0.88,0,none,0,none
U004,2024-09-01 16:00:00,76.3,1,0.0,0.92,0,none,0,none
U004,2024-09-01 16:05:00,76.3,1,0.0,0.96,0,none,0,none
U004,2024-09-01 16:10:00,75.8,1,0.0,1.05,0,none,0,none
U004,2024-09-01 16:15:00,75.9,1,0.0,0.96,0,none,0,none
U004,2024-09-01 16:20:00,75.7,1,0.0,0.92,0,none,0,none
U004,2024-09-01 16:25:00,75.3,1,0.0,0.88,0,none,0,none
U004,2024-09-01 16:30:00,75.8,1,0.0,1.06,0,none,0,none
U004,2024-09-01 16:35:00,76.2,1,0.0,0.88,0,none,0,none
U004,2024-09-01 16:40:00,76.4,1,0.0,1.17,0,none,0,none
U004,2024-09-01 16:45:00,76.2,1,0.0,1.1,0,none,0,none
U004,2024-09-01 16:50:00,76.0,1,0.0,1.06,0,none,0,none
U004,2024-09-01 16:55:00,76.5,1,0.0,0.83,0,none,0,none
U004,2024-09-01 17:00:00,76.3,1,0.0,0.93,0,none,0,none
U004,2024-09-01 17:05:00,75.3,1,0.0,0.99,0,none,1772,medium
U004,2024-09-01 17:10:00,75.2,1,2.7,1.02,30,breakfast,0,none
U004,2024-09-01 17:15:00,74.9,1,0.0,0.99,0,none,0,none
U004,2024-09-01 17:35:00,75.8,1,0.0,1.09,0,none,0,none
U004,2024-09-01 17:40:00,75.5,1,0.0,1.04,0,none,0,none
U004,2024-09-01 17:45:00,75.4,1,0.0,0.86,0,none,0,none
U004,2024-09-01 17:55:00,75.1,1,0.0,1.08,0,none,0,none
U004,2024-09-01 18:05:00,75.7,1,0.0,0.82,0,none,0,none
U004,2024-09-01 18:10:00,75.8,1,0.0,1.07,0,none,0,none
U004,2024-09-01 18:35:00,77.8,1,0.0,0.82,0,none,0,none
U004,2024-09-01 18:45:00,79.1,1,0.0,1.0,0,none,0,none
U004,2024-09-01 18:50:00,78.9,1,0.0,0.85,0,none,0,none
U004,2024-09-01 18:55:00,78.7,1,0.0,1.11,0,none,0,none
U004,2024-09-01 19:00:00,78.6,1,0.0,0.87,0,none,0,none
U004,2024-09-01 19:05:00,78.8,1,0.0,1.06,0,none,0,none
U004,2024-09-01 19:10:00,78.6,1,0.0,0.92,0,none,0,none
U004,2024-09-01 19:25:00,78.9,1,0.0,1.15,0,none,0,none
U004,2024-09-01 19:40:00,80.2,1,7.1,0.98,60,dinner,0,none
U004,2024-09-01 19:45:00,79.7,1,0.0,1.14,0,none,0,none
U004,2024-09-01 19:55:00,81.3,1,0.0,1.18,0,none,0,none
U004,2024-09-01 20:05:00,81.3,1,0.0,0.91,0,none,0,none
U004,2024-09-01 20:15:00,80.5,1,0.0,1.13,0,none,0,none
U004,2024-09-01 20:20:00,81.6,1,0.0,1.18,0,none,0,none
U004,2024-09-01 20:25:00,81.1,1,0.0,1.03,0,none,0,none
U004,2024-09-01 20:50:00,81.1,1,0.0,1.01,0,none,0,none
U004,2024-09-01 21:00:00,81.4,1,0.0,1.04,0,none,0,none
U004,2024-09-01 21:15:00,82.3,1,0.0,1.08,0,none,0,none
U004,2024-09-01 21:20:00,82.3,1,0.0,1.1,0,none,0,none
U004,2024-09-01 21:25:00,83.4,1,0.0,0.93,0,none,0,none
U004,2024-09-01 21:35:00,81.9,1,0.0,0.88,90,dinner,0,none
U004,2024-09-01 21:45:00,81.7,1,0.0,1.19,0,none,0,none
U004,2024-09-01 21:50:00,82.0,1,0.0,0.98,0,none,0,none
U004,2024-09-01 21:55:00,82.0,1,0.0,1.06,0,none,0,none
U004,2024-09-01 22:00:00,82.7,1,0.0,0.87,0,none,0,none
U004,2024-09-01 22:10:00,83.4,1,0.0,1.04,0,none,0,none
U004,2024-09-01 22:15:00,84.4,1,0.0,0.91,0,none,0,none
U004,2024-09-01 22:25:00,83.5,1,0.0,1.15,0,none,0,none
U004,2024-09-01 22:35:00,84.2,1,0.0,0.96,0,none,0,none
U004,2024-09-01 22:40:00,84.3,1,0.0,0.93,0,none,0,none
U004,2024-09-01 23:10:00,81.3,1,0.0,1.04,0,none,2209,low
U004,2024-09-01 23:15:00,81.8,1,0.0,1.08,0,none,0,none
U004,2024-09-01 23:25:00,82.8,1,0.0,0.9,0,none,0,none
U004,2024-09-01 23:50:00,86.0,1,0.0,1.18,0,none,0,none
U004,2024-09-02 00:05:00,85.4,1,0.0,1.12,0,none,0,none
U004,2024-09-02 00:10:00,84.2,1,0.0,1.03,0,none,0,none
U004,2024-09-02 00:15:00,83.9,1,0.0,1.1,0,none,0,none
U004,2024-09-02 00:20:00,84.9,1,0.0,1.03,0,none,0,none
U004,2024-09-02 00:30:00,85.2,1,0.0,0.92,0,none,0,none
U004,2024-09-02 00:35:00,84.4,1,0.0,1.1,0,none,0,none
U004,2024-09-02 00:55:00,84.1,1,0.0,1.01,0,none,0,none
U004,2024-09-02 01:00:00,83.8,1,0.0,1.15,0,none,0,none
U004,2024-09-02 01:05:00,83.6,1,0.0,0.88,0,none,0,none
U004,2024-09-02 01:15:00,83.5,1,0.0,0.9,0,none,0,none
U004,2024-09-02 01:20:00,83.2,1,0.0,1.11,0,none,0,none
U004,2024-09-02 01:30:00,83.8,1,0.0,1.17,0,none,0,none
U004,2024-09-02 01:45:00,83.3,1,0.0,1.04,0,none,0,none
U004,2024-09-02 01:50:00,82.3,1,0.0,1.14,0,none,0,none
U004,2024-09-02 01:55:00,81.4,1,3.1,1.13,30,lunch,0,none
U004,2024-09-02 02:00:00,81.4,1,0.0,0.96,0,none,0,none
U004,2024-09-02 02:15:00,82.6,1,0.0,1.14,0,none,0,none
U004,2024-09-02 02:20:00,82.4,1,0.0,0.91,0,none,0,none
U004,2024-09-02 02:30:00,82.2,1,0.0,1.18,0,none,0,none
U004,2024-09-02 02:40:00,82.0,1,0.0,0.96,0,none,0,none
U004,2024-09-02 02:45:00,81.6,1,0.0,0.97,0,none,0,none
U004,2024-09-02 02:55:00,82.3,1,0.0,0.98,0,none,0,none
U004,2024-09-02 03:00:00,82.3,1,0.0,0.87,0,none,0,none
U004,2024-09-02 03:10:00,81.3,1,0.0,1.06,0,none,0,none
U004,2024-09-02 03:15:00,81.3,1,0.0,1.0,0,none,0,none
U004,2024-09-02 03:20:00,81.5,1,0.0,1.06,0,none,0,none
U004,2024-09-02 03:25:00,81.1,1,0.0,0.83,0,none,0,none
U004,2024-09-02 03:30:00,81.2,1,0.0,1.06,0,none,0,none
U004,2024-09-02 03:40:00,81.6,1,0.0,0.97,0,none,0,none
U004,2024-09-02 03:45:00,82.9,1,0.0,1.13,0,none,0,none
U004,2024-09-02 03:55:00,83.1,1,0.0,0.95,0,none,0,none
U004,2024-09-02 04:05:00,83.1,1,0.0,1.18,0,none,0,none
U004,2024-09-02 04:10:00,82.9,1,0.0,1.11,0,none,0,none
U004,2024-09-02 04:15:00,83.6,1,0.0,1.1,0,none,0,none
U004,2024-09-02 04:20:00,84.5,1,0.0,1.19,0,none,0,none
U004,2024-09-02 04:35:00,85.1,1,0.0,1.14,0,none,0,none
U004,2024-09-02 04:40:00,85.0,1,4.3,0.92,45,breakfast,0,none
U004,2024-09-02 04:45:00,84.3,1,0.0,0.97,0,none,0,none
U004,2024-09-02 04:50:00,84.9,1,0.0,0.99,0,none,0,none
U004,2024-09-02 04:55:00,84.1,1,0.0,0.9,0,none,0,none
U004,2024-09-02 05:00:00,83.8,1,0.0,0.91,0,none,0,none
U004,2024-09-02 05:10:00,83.9,1,0.0,1.15,0,none,0,none
U004,2024-09-02 05:25:00,83.3,1,0.0,1.14,0,none,0,none
U004,2024-09-02 05:35:00,82.9,1,0.0,0.89,0,none,0,none
U004,2024-09-02 05:45:00,82.3,1,0.0,0.82,0,none,0,none
U004,2024-09-02 06:00:00,83.3,1,0.0,1.03,0,none,0,none
U004,2024-09-02 06:10:00,83.2,1,0.0,1.07,0,none,0,none
U004,2024-09-02 06:15:00,84.0,1,0.0,0.9,0,none,0,none
U004,2024-09-02 06:20:00,83.5,1,0.0,0.85,0,none,0,none
U004,2024-09-02 06:30:00,83.5,1,0.0,0.93,0,none,0,none
U004,2024-09-02 06:35:00,83.1,1,0.0,0.99,0,none,0,none
U004,2024-09-02 06:40:00,83.7,1,0.0,0.99,0,none,0,none
U004,2024-09-02 06:45:00,83.2,1,0.0,1.06,0,none,0,none
U004,2024-09-02 06:55:00,83.1,1,0.0,1.0,0,none,0,none
U004,2024-09-02 07:00:00,82.7,1,0.0,1.02,0,none,0,none
U004,2024-09-02 07:10:00,83.9,1,0.0,0.97,0,none,0,none
U004,2024-09-02 07:15:00,83.7,1,0.0,0.96,0,none,0,none
U004,2024-09-02 07:30:00,83.9,1,0.0,0.92,0,none,0,none
U004,2024-09-02 07:40:00,83.4,1,0.0,1.18,0,none,0,none
U004,2024-09-02 07:45:00,83.8,1,0.0,0.93,0,none,0,none
U004,2024-09-02 07:50:00,83.6,1,0.0,0.82,0,none,0,none
U004,2024-09-02 08:00:00,84.4,1,0.0,1.2,0,none,0,none
U004,2024-09-02 08:05:00,84.1,1,0.0,0.86,0,none,0,none
U004,2024-09-02 08:10:00,84.4,0,0.0,0.87,0,none,0,none
U004,2024-09-02 08:25:00,84.0,1,0.0,1.16,0,none,0,none
U004,2024-09-02 08:30:00,84.7,1,0.0,1.12,0,none,0,none
U004,2024-09-02 08:50:00,84.3,1,0.0,0.93,0,none,0,none
U004,2024-09-02 08:55:00,84.1,1,0.0,0.91,0,none,0,none
U004,2024-09-02 09:00:00,85.4,1,0.0,0.88,0,none,0,none
U004,2024-09-02 09:05:00,85.4,1,0.0,0.85,0,none,0,none
U004,2024-09-02 09:10:00,85.2,1,0.0,0.93,0,none,0,none
U004,2024-09-02 09:20:00,85.5,1,0.0,1.07,0,none,0,none
U004,2024-09-02 09:30:00,85.5,1,0.0,0.94,0,none,0,none
U004,2024-09-02 09:35:00,85.8,1,0.0,0.95,0,none,0,none
U004,2024-09-02 09:45:00,84.5,1,0.0,0.9,0,none,0,none
U004,2024-09-02 09:55:00,84.6,1,0.0,1.13,90,snack,0,none
U004,2024-09-02 10:10:00,85.3,1,0.0,1.06,0,none,0,none
U004,2024-09-02 10:20:00,86.7,1,0.0,1.05,0,none,0,none
U004,2024-09-02 10:25:00,86.1,1,0.0,0.94,0,none,2121,high
U004,2024-09-02 10:40:00,86.6,1,0.0,1.08,0,none,0,none
U004,2024-09-02 10:45:00,86.5,1,0.0,0.89,0,none,0,none
U004,2024-09-02 10:50:00,86.3,1,0.0,0.88,0,none,0,none
U004,2024-09-02 10:55:00,86.7,1,0.0,0.93,0,none,0,none
U004,2024-09-02 11:00:00,86.4,1,0.0,1.05,0,none,0,none
U004,2024-09-02 11:05:00,86.5,1,0.0,0.98,0,none,0,none
U004,2024-09-02 11:10:00,86.1,1,0.0,0.92,0,none,0,none
U004,2024-09-02 11:15:00,86.0,1,0.0,1.2,0,none,0,none
U004,2024-09-02 11:20:00,86.8,1,0.0,1.11,0,none,0,none
U004,2024-09-02 11:25:00,87.1,1,0.0,0.85,0,none,0,none
U004,2024-09-02 11:30:00,86.7,1,0.0,1.12,0,none,0,none
U004,2024-09-02 11:40:00,86.2,1,0.0,1.13,0,none,0,none
U004,2024-09-02 11:50:00,84.7,1,0.0,0.95,0,none,0,none
U004,2024-09-02 12:00:00,85.1,1,0.0,1.19,0,none,0,none
U004,2024-09-02 12:10:00,85.0,1,0.0,0.93,0,none,0,none
U004,2024-09-02 12:25:00,83.7,1,0.0,1.08,0,none,0,none
U004,2024-09-02 12:30:00,84.2,1,0.0,0.88,0,none,0,none
U004,2024-09-02 12:35:00,84.7,1,0.0,0.99,0,none,0,none
U004,2024-09-02 12:50:00,84.7,1,0.0,0.93,0,none,0,none
U004,2024-09-02 13:05:00,83.8,1,0.0,1.15,0,none,0,none
U004,2024-09-02 13:10:00,84.2,1,0.0,0.91,0,none,0,none
U004,2024-09-02 13:15:00,85.1,1,0.0,0.84,0,none,0,none
U004,2024-09-02 13:35:00,85.4,1,0.0,0.91,0,none,0,none
U004,2024-09-02 13:40:00,84.5,1,0.0,0.96,0,none,2320,medium
U004,2024-09-02 13:55:00,84.8,1,0.0,1.14,0,none,0,none
U004,2024-09-02 14:05:00,86.3,1,0.0,0.95,0,none,0,none
U004,2024-09-02 14:15:00,87.4,1,0.0,0.91,0,none,0,none
U004,2024-09-02 14:25:00,85.6,1,0.0,0.95,0,none,0,none
U004,2024-09-02 14:35:00,87.0,1,0.0,0.86,0,none,0,none
U004,2024-09-02 14:45:00,87.2,1,0.0,0.84,0,none,0,none
U004,2024-09-02 15:00:00,86.7,1,0.0,1.05,0,none,0,none
U004,2024-09-02 15:05:00,87.1,1,0.0,0.95,0,none,0,none
U004,2024-09-02 15:20:00,83.8,1,0.0,1.11,0,none,4104,medium
U004,2024-09-02 15:25:00,84.4,1,0.0,1.09,0,none,0,none
U004,2024-09-02 15:30:00,82.4,1,0.0,1.15,0,none,2498,high
U004,2024-09-02 15:35:00,81.9,1,0.0,1.04,0,none,0,none
U004,2024-09-02 15:40:00,82.6,1,0.0,0.8,0,none,0,none
U004,2024-09-02 15:45:00,81.9,1,0.0,0.93,0,none,0,none
U004,2024-09-02 15:50:00,82.4,1,0.0,1.06,0,none,0,none
U004,2024-09-02 15:55:00,83.1,1,0.0,1.16,0,none,0,none
U004,2024-09-02 16:05:00,82.8,1,0.0,1.1,0,none,0,none
U004,2024-09-02 16:20:00,83.8,1,0.0,1.15,0,none,0,none
U004,2024-09-02 16:25:00,83.8,1,0.0,0.98,0,none,0,none
U004,2024-09-02 16:35:00,84.4,1,0.0,0.97,0,none,0,none
U004,2024-09-02 16:50:00,83.7,1,0.0,0.83,0,none,0,none
U004,2024-09-02 17:00:00,84.1,1,0.0,1.13,0,none,0,none
U004,2024-09-02 17:05:00,85.3,1,0.0,1.14,0,none,0,none
U004,2024-09-02 17:10:00,84.2,1,0.0,0.93,0,none,0,none
U004,2024-09-02 17:15:00,85.0,1,0.0,1.02,0,none,0,none
U004,2024-09-02 17:20:00,84.3,1,0.0,1.0,0,none,0,none
U004,2024-09-02 17:25:00,84.2,1,0.0,1.07,0,none,0,none
U004,2024-09-02 17:30:00,83.6,1,0.0,1.1,0,none,0,none
U004,2024-09-02 17:35:00,84.0,1,0.0,0.88,0,none,0,none
U004,2024-09-02 17:45:00,84.6,1,0.0,1.09,0,none,0,none
U004,2024-09-02 18:00:00,84.9,1,0.0,0.87,0,none,0,none
U004,2024-09-02 18:10:00,86.2,1,0.0,0.82,0,none,0,none
U004,2024-09-02 18:20:00,86.8,1,0.0,1.06,0,none,0,none
U004,2024-09-02 18:30:00,86.6,1,0.0,1.18,0,none,0,none
U004,2024-09-02 18:40:00,85.3,1,0.0,1.2,0,none,0,none
U004,2024-09-02 18:45:00,85.4,1,0.0,1.19,0,none,0,none
U004,2024-09-02 18:50:00,85.4,1,0.0,1.18,0,none,0,none
U004,2024-09-02 19:10:00,86.9,1,0.0,1.15,0,none,0,none
U004,2024-09-02 19:15:00,87.6,1,0.0,0.89,0,none,0,none
U004,2024-09-02 19:20:00,87.1,1,0.0,1.18,0,none,0,none
U004,2024-09-02 19:25:00,87.1,1,0.0,0.8,0,none,0,none
U004,2024-09-02 19:30:00,87.0,1,0.0,0.9,0,none,0,none
U004,2024-09-02 19:35:00,86.7,1,0.0,0.92,0,none,0,none
U004,2024-09-02 19:55:00,87.7,1,0.0,0.9,0,none,0,none
U004,2024-09-02 20:00:00,88.1,1,0.0,0.94,0,none,0,none
U004,2024-09-02 20:05:00,88.5,1,0.0,1.09,0,none,0,none
U004,2024-09-02 20:15:00,88.4,1,4.3,0.99,30,snack,0,none
U004,2024-09-02 20:20:00,89.3,1,0.0,0.83,0,none,0,none
U004,2024-09-02 20:30:00,90.0,0,0.0,1.02,0,none,0,none
U004,2024-09-02 20:35:00,89.2,1,0.0,0.8,0,none,0,none
U004,2024-09-02 20:40:00,88.6,1,0.0,1.18,0,none,0,none
U004,2024-09-02 20:45:00,90.1,1,0.0,1.06,0,none,0,none
U004,2024-09-02 21:05:00,89.8,1,0.0,1.02,0,none,0,none
U004,2024-09-02 21:10:00,90.0,1,0.0,0.82,0,none,0,none
U004,2024-09-02 21:15:00,90.1,1,0.0,1.16,0,none,0,none
U004,2024-09-02 21:30:00,89.2,1,0.0,0.81,0,none,0,none
U004,2024-09-02 21:40:00,89.0,1,0.0,1.13,0,none,0,none
U004,2024-09-02 21:45:00,89.2,1,0.0,0.94,0,none,0,none
U004,2024-09-02 21:55:00,89.8,1,0.0,1.1,0,none,0,none
U004,2024-09-02 22:00:00,89.4,1,0.0,1.18,0,none,0,none
U004,2024-09-02 22:05:00,88.9,1,0.0,1.15,0,none,0,none
U004,2024-09-02 22:10:00,88.8,1,0.0,1.14,0,none,0,none
U004,2024-09-02 22:15:00,89.1,1,0.0,1.19,0,none,0,none
U004,2024-09-02 22:25:00,89.8,1,0.0,0.93,0,none,0,none
U004,2024-09-02 22:35:00,90.2,1,0.0,0.85,0,none,0,none
U004,2024-09-02 22:40:00,90.1,1,0.0,1.08,0,none,0,none
U004,2024-09-02 22:45:00,89.8,1,0.0,0.89,0,none,0,none
U004,2024-09-02 22:50:00,90.1,1,0.0,1.13,0,none,0,none
U004,2024-09-02 22:55:00,90.2,1,0.0,0.96,0,none,0,none
U004,2024-09-02 23:00:00,89.8,1,0.0,1.17,0,none,1941,medium
U004,2024-09-02 23:05:00,88.8,1,0.0,0.91,0,none,0,none
U004,2024-09-02 23:10:00,88.0,1,0.0,1.19,0,none,0,none
U004,2024-09-02 23:20:00,88.4,1,0.0,1.05,0,none,0,none
U004,2024-09-02 23:25:00,89.5,1,0.0,1.18,0,none,0,none
U004,2024-09-02 23:30:00,89.0,1,0.0,1.12,0,none,0,none
U004,2024-09-02 23:35:00,89.4,1,0.0,1.19,0,none,0,none
U004,2024-09-02 23:40:00,88.7,1,0.0,1.06,0,none,0,none
U004,2024-09-02 23:45:00,87.9,1,0.0,0.97,0,none,0,none
U004,2024-09-02 23:50:00,87.3,1,0.0,0.87,0,none,0,none
U004,2024-09-02 23:55:00,87.6,1,0.0,0.89,0,none,0,none
U004,2024-09-03 00:00:00,87.5,1,0.0,0.86,0,none,0,none
U004,2024-09-03 00:05:00,87.4,1,0.0,1.19,0,none,0,none
U004,2024-09-03 00:15:00,87.9,1,0.0,1.19,0,none,0,none
U004,2024-09-03 00:20:00,87.5,1,0.0,0.83,0,none,0,none
U004,2024-09-03 00:25:00,87.2,1,0.0,1.07,0,none,0,none
U004,2024-09-03 00:30:00,87.2,1,0.0,0.98,0,none,0,none
U004,2024-09-03 00:35:00,87.0,1,0.0,0.8,0,none,0,none
U004,2024-09-03 00:40:00,86.9,1,0.0,1.01,0,none,0,none
U004,2024-09-03 00:45:00,87.7,1,0.0,0.86,0,none,0,none
U004,2024-09-03 00:55:00,87.8,1,0.0,1.14,0,none,0,none
U004,2024-09-03 01:10:00,86.0,1,0.0,1.19,0,none,1650,medium
U004,2024-09-03 01:15:00,85.8,1,0.0,1.03,0,none,0,none
U004,2024-09-03 01:45:00,84.4,1,0.0,1.01,0,none,0,none
U004,2024-09-03 01:50:00,84.3,1,0.0,1.11,0,none,0,none
U004,2024-09-03 01:55:00,83.9,1,0.0,0.96,0,none,0,none
U004,2024-09-03 02:00:00,83.4,1,0.0,0.84,0,none,0,none
U004,2024-09-03 02:20:00,82.0,1,0.0,0.93,0,none,0,none
U004,2024-09-03 02:25:00,82.0,1,0.0,1.17,0,none,0,none
U004,2024-09-03 02:40:00,81.5,1,0.0,1.18,0,none,0,none
U004,2024-09-03 02:55:00,79.1,1,0.0,1.1,0,none,0,none
U004,2024-09-03 03:00:00,79.4,1,0.0,0.94,0,none,0,none
U004,2024-09-03 03:05:00,79.7,1,0.0,1.02,0,none,0,none
U004,2024-09-03 03:25:00,79.6,1,0.0,1.13,0,none,0,none
U004,2024-09-03 03:30:00,79.6,1,10.5,1.07,90,snack,0,none
U004,2024-09-03 03:45:00,79.9,1,0.0,0.92,0,none,0,none
U004,2024-09-03 03:50:00,79.7,1,0.0,1.04,0,none,0,none
U004,2024-09-03 03:55:00,79.8,1,0.0,0.93,0,none,0,none
U004,2024-09-03 04:05:00,80.0,1,0.0,0.88,0,none,0,none
U004,2024-09-03 04:10:00,79.6,1,0.0,1.04,0,none,0,none
U004,2024-09-03 04:25:00,80.0,1,0.0,0.99,0,none,0,none
U004,2024-09-03 04:30:00,80.8,1,0.0,1.08,0,none,0,none
U004,2024-09-03 04:35:00,80.0,1,0.0,0.95,0,none,0,none
U004,2024-09-03 04:40:00,80.5,1,0.0,0.86,0,none,0,none
U004,2024-09-03 04:45:00,81.5,1,0.0,0.9,0,none,0,none
U004,2024-09-03 04:55:00,81.9,1,0.0,1.11,0,none,0,none
U004,2024-09-03 05:00:00,81.7,1,0.0,1.06,0,none,0,none
U004,2024-09-03 05:15:00,82.3,1,0.0,0.93,0,none,0,none
U004,2024-09-03 05:20:00,82.3,1,0.0,0.84,0,none,0,none
U004,2024-09-03 05:25:00,82.9,1,0.0,1.04,0,none,0,none
U004,2024-09-03 05:30:00,83.2,1,0.0,0.93,0,none,0,none
U004,2024-09-03 05:35:00,83.4,1,0.0,1.08,0,none,0,none
U004,2024-09-03 05:45:00,83.3,1,0.0,1.18,0,none,0,none
U004,2024-09-03 05:50:00,83.4,1,0.0,0.96,0,none,0,none
U004,2024-09-03 05:55:00,83.1,1,0.0,0.93,60,lunch,0,none
U004,2024-09-03 06:10:00,83.4,1,0.0,1.11,0,none,0,none
U004,2024-09-03 06:15:00,83.0,1,0.0,1.0,0,none,0,none
U004,2024-09-03 06:25:00,82.9,1,0.0,1.1,0,none,0,none
U004,2024-09-03 06:30:00,82.8,1,0.0,1.02,0,none,0,none
U004,2024-09-03 06:35:00,82.5,1,0.0,0.85,0,none,0,none
U004,2024-09-03 06:40:00,82.7,1,0.0,1.02,0,none,0,none
U004,2024-09-03 06:45:00,83.3,1,0.0,1.09,0,none,0,none
U004,2024-09-03 06:50:00,82.8,1,0.0,0.89,0,none,0,none
U004,2024-09-03 07:00:00,82.3,1,0.0,0.83,0,none,0,none
U004,2024-09-03 07:05:00,82.4,1,0.0,1.09,0,none,0,none
U004,2024-09-03 07:10:00,81.8,1,0.0,0.95,0,none,0,none
U004,2024-09-03 07:15:00,82.2,1,0.0,1.0,0,none,0,none
U004,2024-09-03 07:20:00,81.3,1,0.0,1.05,60,breakfast,0,none
U004,2024-09-03 07:40:00,81.2,1,0.0,1.01,0,none,0,none
U004,2024-09-03 07:45:00,80.8,1,0.0,1.04,0,none,0,none
U004,2024-09-03 07:55:00,80.1,1,0.0,0.84,0,none,0,none
U004,2024-09-03 08:10:00,79.7,1,0.0,0.81,0,none,0,none
U004,2024-09-03 08:15:00,79.4,1,0.0,1.11,0,none,0,none
U004,2024-09-03 08:20:00,79.7,1,0.0,1.05,0,none,0,none
U004,2024-09-03 08:25:00,79.4,1,0.0,1.17,0,none,0,none
U004,2024-09-03 08:35:00,80.0,1,0.0,0.95,0,none,0,none
U004,2024-09-03 08:55:00,81.3,1,0.0,0.8,0,none,0,none
U004,2024-09-03 09:00:00,81.8,1,0.0,1.18,0,none,0,none
U004,2024-09-03 09:05:00,81.8,1,0.0,0.83,0,none,0,none
U004,2024-09-03 09:10:00,83.3,1,9.6,1.03,90,dinner,0,none
U004,2024-09-03 09:15:00,85.1,1,0.0,1.02,0,none,0,none
U004,2024-09-03 09:20:00,85.0,1,0.0,1.02,0,none,0,none
U004,2024-09-03 09:25:00,86.0,1,0.0,1.12,0,none,0,none
U004,2024-09-03 09:30:00,85.4,1,0.0,1.09,0,none,0,none
U004,2024-09-03 09:35:00,85.1,1,0.0,1.13,0,none,0,none
U004,2024-09-03 09:40:00,84.3,1,0.0,0.8,0,none,0,none
U004,2024-09-03 09:50:00,84.3,1,0.0,0.87,0,none,0,none
U004,2024-09-03 10:05:00,84.7,1,0.0,0.8,0,none,0,none
U004,2024-09-03 10:25:00,84.8,1,0.0,0.88,0,none,0,none
U004,2024-09-03 10:30:00,85.4,1,0.0,0.99,0,none,0,none
U004,2024-09-03 10:35:00,85.3,1,0.0,0.8,0,none,0,none
U004,2024-09-03 10:40:00,85.6,1,0.0,1.05,0,none,0,none
U004,2024-09-03 10:50:00,85.7,1,0.0,0.9,0,none,0,none
U004,2024-09-03 10:55:00,85.5,1,0.0,1.06,0,none,0,none
U004,2024-09-03 11:20:00,85.4,1,0.0,1.08,0,none,0,none
U004,2024-09-03 11:25:00,85.3,1,0.0,1.05,0,none,0,none
U004,2024-09-03 11:50:00,85.3,1,0.0,0.85,0,none,0,none
U004,2024-09-03 12:00:00,85.2,1,0.0,0.85,0,none,0,none
U004,2024-09-03 12:05:00,85.4,0,0.0,0.83,60,snack,0,none
U004,2024-09-03 12:10:00,86.0,1,0.0,0.97,0,none,0,none
U004,2024-09-03 12:15:00,86.1,1,0.0,0.82,0,none,0,none
U004,2024-09-03 12:20:00,86.1,1,0.0,1.01,0,none,0,none
U004,2024-09-03 12:40:00,86.0,1,0.0,1.09,0,none,0,none
U004,2024-09-03 12:50:00,86.1,1,0.0,1.06,0,none,0,none
U004,2024-09-03 12:55:00,86.5,1,0.0,1.18,0,none,0,none
U004,2024-09-03 13:00:00,87.7,1,0.0,0.87,0,none,0,none
U004,2024-09-03 13:05:00,88.5,1,7.6,0.89,75,breakfast,0,none
U004,2024-09-03 13:10:00,88.6,1,0.0,1.01,0,none,0,none
U004,2024-09-03 13:15:00,87.8,1,2.4,0.9,30,lunch,0,none
U004,2024-09-03 13:20:00,87.5,1,0.0,1.12,0,none,0,none
U004,2024-09-03 13:25:00,86.9,1,0.0,0.92,0,none,0,none
U004,2024-09-03 13:30:00,87.6,1,0.0,0.99,0,none,0,none
U004,2024-09-03 13:40:00,87.3,1,0.0,0.86,0,none,0,none
U004,2024-09-03 13:45:00,86.6,1,8.2,1.07,75,lunch,0,none
U004,2024-09-03 13:55:00,86.4,1,0.0,0.89,0,none,0,none
U004,2024-09-03 14:00:00,85.8,1,0.0,0.84,0,none,0,none
U004,2024-09-03 14:05:00,86.4,1,0.0,0.8,0,none,0,none
U004,2024-09-03 14:10:00,86.5,1,0.0,1.12,0,none,0,none
U004,2024-09-03 14:15:00,86.7,1,0.0,1.14,0,none,0,none
U004,2024-09-03 14:25:00,86.5,1,0.0,1.05,0,none,0,none
U004,2024-09-03 14:30:00,87.7,1,0.0,0.81,0,none,0,none
U004,2024-09-03 14:35:00,87.4,1,10.1,1.08,90,lunch,0,none
U004,2024-09-03 14:40:00,87.3,1,0.0,1.06,0,none,0,none
U004,2024-09-03 14:50:00,87.0,0,0.0,1.08,0,none,0,none
U004,2024-09-03 14:55:00,85.4,1,0.0,0.8,0,none,2175,low
U004,2024-09-03 15:05:00,86.1,1,5.7,1.08,60,breakfast,0,none
U004,2024-09-03 15:10:00,85.4,1,0.0,0.97,0,none,0,none
U004,2024-09-03 15:15:00,86.2,1,0.0,1.2,0,none,0,none
U004,2024-09-03 15:30:00,86.8,1,0.0,1.06,0,none,0,none
U004,2024-09-03 15:35:00,86.7,1,8.6,0.99,75,dinner,0,none
U004,2024-09-03 15:40:00,86.4,1,0.0,1.17,0,none,0,none
U004,2024-09-03 15:45:00,86.1,1,0.0,0.84,0,none,0,none
U004,2024-09-03 15:50:00,86.0,1,0.0,0.95,0,none,0,none
U004,2024-09-03 15:55:00,85.6,1,0.0,1.06,45,dinner,0,none
U004,2024-09-03 16:00:00,86.7,1,0.0,1.01,0,none,0,none
U004,2024-09-03 16:10:00,88.1,1,0.0,1.09,0,none,0,none
U004,2024-09-03 16:25:00,89.4,1,0.0,0.92,0,none,0,none
U004,2024-09-03 16:35:00,89.4,1,0.0,1.02,0,none,0,none
U004,2024-09-03 16:40:00,89.4,1,9.2,1.02,90,lunch,0,none
U004,2024-09-03 16:45:00,89.0,1,0.0,0.84,0,none,0,none
U004,2024-09-03 16:50:00,88.8,1,0.0,1.15,0,none,0,none
U004,2024-09-03 17:00:00,88.7,1,0.0,0.95,0,none,0,none
U004,2024-09-03 17:05:00,88.7,1,0.0,0.82,0,none,0,none
U004,2024-09-03 17:20:00,88.6,1,0.0,0.97,0,none,0,none
U004,2024-09-03 17:25:00,88.2,1,0.0,1.08,0,none,0,none
U004,2024-09-03 17:30:00,87.7,1,0.0,1.07,0,none,0,none
U004,2024-09-03 17:35:00,87.2,1,0.0,0.83,0,none,0,none
U004,2024-09-03 17:40:00,87.7,1,0.0,1.19,0,none,0,none
U004,2024-09-03 17:45:00,87.9,1,0.0,1.14,0,none,0,none
U004,2024-09-03 17:50:00,87.2,1,0.0,1.08,0,none,0,none
U004,2024-09-03 17:55:00,87.4,1,0.0,1.13,0,none,0,none
U004,2024-09-03 18:00:00,87.5,1,0.0,0.84,0,none,0,none
U004,2024-09-03 18:10:00,87.0,1,0.0,1.09,0,none,0,none
U004,2024-09-03 18:25:00,87.1,1,0.0,0.93,0,none,0,none
U004,2024-09-03 18:30:00,86.7,1,0.0,1.18,0,none,0,none
U004,2024-09-03 18:35:00,86.4,1,0.0,0.93,0,none,0,none
U004,2024-09-03 18:45:00,85.7,1,0.0,0.85,0,none,0,none
U004,2024-09-03 18:55:00,86.7,1,0.0,0.95,0,none,0,none
U004,2024-09-03 19:00:00,87.3,1,0.0,1.19,0,none,0,none
U004,2024-09-03 19:05:00,87.5,1,0.0,1.08,0,none,0,none
U004,2024-09-03 19:10:00,87.6,1,0.0,1.12,0,none,0,none
U004,2024-09-03 19:20:00,88.3,1,0.0,1.14,0,none,0,none
U004,2024-09-03 19:25:00,88.1,1,0.0,0.89,0,none,0,none
U004,2024-09-03 19:35:00,88.3,1,0.0,1.19,0,none,0,none
U004,2024-09-03 19:45:00,88.5,1,0.0,1.17,0,none,0,none
U004,2024-09-03 20:10:00,85.3,1,0.0,0.84,0,none,3058,medium
U004,2024-09-03 20:15:00,85.9,1,0.0,0.9,0,none,0,none
U004,2024-09-03 20:25:00,86.2,1,0.0,0.82,0,none,0,none
U004,2024-09-03 20:30:00,86.0,1,0.0,0.85,0,none,0,none
U004,2024-09-03 20:35:00,85.4,1,0.0,1.09,0,none,0,none
U004,2024-09-03 20:45:00,85.5,1,0.0,1.17,0,none,0,none
U004,2024-09-03 20:50:00,85.9,1,0.0,0.85,0,none,0,none
U004,2024-09-03 20:55:00,85.6,1,0.0,1.17,0,none,0,none
U004,2024-09-03 21:15:00,84.9,1,0.0,0.92,0,none,0,none
U004,2024-09-03 21:20:00,85.1,1,0.0,1.19,0,none,0,none
U004,2024-09-03 21:25:00,85.5,1,0.0,0.96,0,none,0,none
U004,2024-09-03 21:35:00,85.1,1,0.0,0.84,0,none,0,none
U004,2024-09-03 21:50:00,86.3,1,0.0,0.84,0,none,0,none
U004,2024-09-03 22:00:00,86.4,1,0.0,1.08,0,none,0,none
U004,2024-09-03 22:10:00,85.8,1,0.0,1.17,0,none,0,none
U004,2024-09-03 22:15:00,85.2,1,0.0,1.03,0,none,0,none
U004,2024-09-03 22:25:00,85.3,1,0.0,0.94,0,none,0,none
U004,2024-09-03 22:30:00,85.9,1,0.0,0.87,0,none,0,none
U004,2024-09-03 22:45:00,84.1,1,0.0,1.08,0,none,0,none
U004,2024-09-03 22:55:00,84.7,1,0.0,1.19,0,none,0,none
U004,2024-09-03 23:10:00,85.4,1,0.0,0.9,0,none,0,none
U004,2024-09-03 23:15:00,84.3,1,0.0,0.97,0,none,0,none
U004,2024-09-03 23:20:00,83.9,1,0.0,1.17,0,none,0,none
U004,2024-09-03 23:25:00,84.1,1,0.0,0.91,0,none,0,none
U004,2024-09-03 23:50:00,83.1,1,0.0,0.84,0,none,0,none
U004,2024-09-03 23:55:00,83.0,1,0.0,1.16,0,none,0,none
U004,2024-09-04 00:00:00,82.8,1,0.0,1.13,0,none,0,none
U004,2024-09-04 00:05:00,82.3,1,0.0,0.85,0,none,0,none
U004,2024-09-04 00:10:00,82.4,1,0.0,0.86,0,none,0,none
U004,2024-09-04 00:15:00,82.4,1,0.0,1.17,0,none,0,none
U004,2024-09-04 00:25:00,79.9,1,0.0,1.07,0,none,0,none
U004,2024-09-04 00:30:00,79.5,0,9.7,1.01,90,dinner,0,none
U004,2024-09-04 00:35:00,80.0,1,0.0,0.94,0,none,0,none
U004,2024-09-04 00:40:00,79.8,1,0.0,1.19,0,none,0,none
U004,2024-09-04 00:55:00,78.1,1,0.0,1.06,0,none,0,none
U004,2024-09-04 01:05:00,75.9,1,0.0,1.2,0,none,0,none
U004,2024-09-04 01:15:00,76.7,1,0.0,1.19,0,none,0,none
U004,2024-09-04 01:20:00,77.5,1,0.0,0.96,0,none,0,none
U004,2024-09-04 01:25:00,76.7,1,0.0,1.19,0,none,0,none
U004,2024-09-04 01:35:00,76.9,1,0.0,1.13,0,none,0,none
U004,2024-09-04 01:40:00,76.7,1,0.0,0.89,0,none,0,none
U004,2024-09-04 01:45:00,77.6,1,0.0,0.86,0,none,0,none
U004,2024-09-04 01:55:00,76.9,1,0.0,0.89,0,none,0,none
U004,2024-09-04 02:00:00,76.6,1,0.0,0.93,0,none,0,none
U004,2024-09-04 02:05:00,76.6,0,0.0,1.08,0,none,0,none
U004,2024-09-04 02:15:00,75.9,1,0.0,0.94,0,none,0,none
U004,2024-09-04 02:20:00,76.3,1,0.0,1.03,0,none,0,none
U004,2024-09-04 02:25:00,76.2,1,0.0,1.06,0,none,0,none
U004,2024-09-04 02:35:00,77.4,1,0.0,0.94,0,none,0,none
U004,2024-09-04 02:40:00,76.2,1,0.0,1.14,0,none,2747,medium
U004,2024-09-04 02:45:00,75.7,1,0.0,1.06,0,none,0,none
U004,2024-09-04 02:50:00,75.4,1,0.0,1.11,0,none,0,none
U004,2024-09-04 02:55:00,75.6,1,0.0,1.17,0,none,0,none
U004,2024-09-04 03:00:00,75.9,1,0.0,1.13,0,none,0,none
U004,2024-09-04 03:05:00,76.0,1,0.0,1.18,0,none,0,none
U004,2024-09-04 03:10:00,75.9,1,0.0,1.17,0,none,0,none
U004,2024-09-04 03:15:00,74.8,1,4.3,1.17,30,dinner,0,none
U004,2024-09-04 03:20:00,75.4,1,0.0,1.0,0,none,0,none
U004,2024-09-04 03:30:00,76.5,1,0.0,1.11,0,none,0,none
U004,2024-09-04 03:35:00,76.4,1,0.0,1.09,0,none,0,none
U004,2024-09-04 03:45:00,75.7,1,0.0,0.99,0,none,0,none
U004,2024-09-04 03:50:00,75.3,1,0.0,0.91,0,none,0,none
U004,2024-09-04 03:55:00,75.0,1,0.0,0.88,30,lunch,2193,high
U004,2024-09-04 04:00:00,74.9,1,0.0,0.87,0,none,0,none
U004,2024-09-04 04:05:00,73.8,1,8.7,1.19,75,dinner,4917,low
U004,2024-09-04 04:30:00,73.5,1,0.0,0.95,0,none,0,none
U004,2024-09-04 04:35:00,73.6,1,0.0,1.2,0,none,0,none
U004,2024-09-04 04:40:00,73.9,1,0.0,0.89,0,none,0,none
U004,2024-09-04 04:50:00,74.4,1,0.0,0.93,0,none,0,none
U004,2024-09-04 04:55:00,73.4,1,0.0,1.18,0,none,0,none
U004,2024-09-04 05:05:00,74.1,1,0.0,0.9,0,none,0,none
U004,2024-09-04 05:10:00,72.6,1,0.0,1.05,0,none,0,none
U004,2024-09-04 05:20:00,73.0,1,0.0,0.86,0,none,0,none
U004,2024-09-04 05:25:00,73.1,1,0.0,1.16,0,none,0,none
U004,2024-09-04 05:30:00,73.4,1,0.0,0.86,0,none,0,none
U004,2024-09-04 05:40:00,73.4,1,0.0,0.93,0,none,0,none
U004,2024-09-04 05:50:00,73.7,1,0.0,1.12,0,none,0,none
U004,2024-09-04 05:55:00,74.6,1,0.0,1.02,0,none,0,none
U004,2024-09-04 06:10:00,74.3,1,0.0,0.91,0,none,0,none
U004,2024-09-04 06:15:00,74.6,1,0.0,1.07,0,none,0,none
U004,2024-09-04 06:25:00,75.1,1,0.0,1.04,0,none,0,none
U004,2024-09-04 06:45:00,75.5,1,0.0,0.96,0,none,0,none
U004,2024-09-04 06:50:00,76.0,1,0.0,0.88,0,none,0,none
U004,2024-09-04 07:00:00,76.4,1,0.0,1.01,0,none,0,none
U004,2024-09-04 07:05:00,76.2,1,0.0,1.02,0,none,0,none
U004,2024-09-04 07:15:00,75.9,1,0.0,0.97,0,none,0,none
U004,2024-09-04 07:25:00,74.0,1,0.0,0.97,0,none,0,none
U004,2024-09-04 07:30:00,73.9,1,4.1,1.03,45,dinner,0,none
U004,2024-09-04 07:35:00,72.4,1,0.0,1.08,0,none,4166,medium
U004,2024-09-04 07:40:00,72.7,1,0.0,1.1,0,none,0,none
U004,2024-09-04 07:45:00,72.4,1,0.0,0.99,0,none,0,none
U004,2024-09-04 07:55:00,72.8,1,0.0,0.98,0,none,0,none
U004,2024-09-04 08:00:00,73.4,1,0.0,1.07,0,none,0,none
U004,2024-09-04 08:25:00,73.9,1,0.0,0.89,0,none,0,none
U004,2024-09-04 08:30:00,73.8,1,0.0,1.13,0,none,0,none
U004,2024-09-04 08:35:00,72.5,1,0.0,0.81,0,none,4426,low
U004,2024-09-04 08:40:00,72.9,1,0.0,0.94,0,none,0,none
U004,2024-09-04 08:45:00,72.7,1,0.0,0.98,0,none,0,none
U004,2024-09-04 08:50:00,71.7,0,0.0,1.18,0,none,0,none
U004,2024-09-04 09:05:00,72.5,1,0.0,0.89,0,none,0,none
U004,2024-09-04 09:15:00,72.4,1,0.0,1.14,0,none,0,none
U004,2024-09-04 09:25:00,72.6,1,5.7,0.97,60,snack,0,none
U004,2024-09-04 09:35:00,73.3,1,0.0,1.08,0,none,0,none
U004,2024-09-04 09:40:00,73.1,1,0.0,1.2,0,none,0,none
U004,2024-09-04 09:45:00,72.5,1,0.0,1.01,0,none,0,none
U004,2024-09-04 09:50:00,71.8,1,0.0,1.1,0,none,0,none
U004,2024-09-04 10:00:00,72.8,1,0.0,1.1,0,none,0,none
U004,2024-09-04 10:05:00,73.0,1,0.0,0.83,0,none,0,none
U004,2024-09-04 10:25:00,71.9,1,0.0,1.13,0,none,0,none
U004,2024-09-04 10:30:00,72.1,1,0.0,1.16,0,none,0,none
U004,2024-09-04 10:35:00,72.1,1,0.0,1.11,0,none,0,none
U004,2024-09-04 10:50:00,72.3,1,0.0,1.08,0,none,0,none
U004,2024-09-04 10:55:00,72.7,1,0.0,0.83,0,none,0,none
U004,2024-09-04 11:00:00,73.0,1,0.0,1.02,0,none,0,none
U004,2024-09-04 11:30:00,72.5,1,0.0,0.99,0,none,0,none
U004,2024-09-04 11:35:00,72.6,1,0.0,0.88,0,none,0,none
U004,2024-09-04 11:40:00,73.2,1,0.0,1.17,0,none,0,none
U004,2024-09-04 11:45:00,73.9,1,5.9,0.91,45,breakfast,0,none
U004,2024-09-04 11:50:00,74.9,1,0.0,1.05,0,none,0,none
U004,2024-09-04 11:55:00,74.9,1,0.0,0.85,0,none,0,none
U004,2024-09-04 12:00:00,74.4,1,0.0,1.02,0,none,0,none
U004,2024-09-04 12:05:00,73.6,1,5.2,0.89,45,lunch,0,none
U004,2024-09-04 12:10:00,74.1,1,0.0,0.81,0,none,0,none
U004,2024-09-04 12:15:00,73.8,1,0.0,1.16,0,none,0,none
U004,2024-09-04 12:20:00,73.9,1,0.0,0.86,0,none,0,none
U004,2024-09-04 12:25:00,73.7,1,0.0,0.94,0,none,0,none
U004,2024-09-04 12:40:00,72.6,1,0.0,0.87,0,none,0,none
U004,2024-09-04 12:45:00,72.3,1,0.0,1.19,0,none,0,none
U004,2024-09-04 13:00:00,71.4,1,0.0,0.92,0,none,0,none
U004,2024-09-04 13:10:00,71.4,1,0.0,0.96,0,none,0,none
U004,2024-09-04 13:15:00,71.1,1,0.0,1.05,0,none,0,none
U004,2024-09-04 13:20:00,71.3,1,0.0,0.87,0,none,0,none
U004,2024-09-04 13:25:00,70.0,1,0.0,1.04,0,none,3126,high
U004,2024-09-04 13:35:00,70.0,1,0.0,0.84,0,none,0,none
U004,2024-09-04 13:45:00,70.0,1,4.2,1.1,45,breakfast,0,none
U004,2024-09-04 14:00:00,70.0,1,3.6,1.0,30,dinner,0,none
U004,2024-09-04 14:10:00,70.0,1,0.0,0.84,0,none,0,none
U004,2024-09-04 14:25:00,70.1,1,0.0,0.82,0,none,0,none
U004,2024-09-04 14:30:00,70.3,1,0.0,0.97,0,none,0,none
U004,2024-09-04 14:35:00,70.0,1,0.0,1.15,0,none,0,none
U004,2024-09-04 14:40:00,70.0,1,0.0,1.07,0,none,0,none
U004,2024-09-04 14:45:00,70.1,1,0.0,1.07,0,none,0,none
U004,2024-09-04 14:50:00,70.6,1,0.0,0.84,0,none,0,none
U004,2024-09-04 14:55:00,70.5,1,0.0,0.8,0,none,0,none
U004,2024-09-04 15:00:00,70.5,1,0.0,1.17,0,none,0,none
U004,2024-09-04 15:05:00,70.0,1,0.0,0.96,0,none,0,none
U004,2024-09-04 15:10:00,70.9,1,0.0,1.19,0,none,0,none
U004,2024-09-04 15:15:00,70.4,1,0.0,0.89,0,none,0,none
U004,2024-09-04 15:25:00,71.4,1,10.2,0.83,90,breakfast,0,none
U004,2024-09-04 15:30:00,71.2,1,0.0,0.99,0,none,0,none
U004,2024-09-04 15:40:00,71.3,1,10.9,0.81,90,snack,0,none
U004,2024-09-04 15:50:00,72.1,1,0.0,1.02,0,none,0,none
U004,2024-09-04 15:55:00,71.9,1,0.0,1.07,0,none,0,none
U004,2024-09-04 16:00:00,72.2,1,0.0,0.97,0,none,0,none
U004,2024-09-04 16:05:00,72.9,1,0.0,0.9,0,none,0,none
U004,2024-09-04 16:10:00,73.3,1,0.0,1.03,0,none,0,none
U004,2024-09-04 16:15:00,73.1,1,0.0,1.06,0,none,0,none
U004,2024-09-04 16:20:00,73.4,1,0.0,0.9,0,none,0,none
U004,2024-09-04 16:30:00,73.3,1,0.0,0.94,0,none,0,none
U004,2024-09-04 16:45:00,73.6,1,0.0,1.17,0,none,0,none
U004,2024-09-04 16:50:00,73.8,1,0.0,0.97,0,none,0,none
U004,2024-09-04 16:55:00,74.5,1,0.0,0.83,0,none,0,none
U004,2024-09-04 17:15:00,75.8,1,0.0,1.19,0,none,0,none
U004,2024-09-04 17:35:00,77.1,1,0.0,0.9,0,none,0,none
U004,2024-09-04 17:45:00,77.5,1,0.0,1.05,0,none,0,none
U004,2024-09-04 17:50:00,77.9,1,0.0,0.93,0,none,0,none
U004,2024-09-04 17:55:00,77.9,1,0.0,1.06,0,none,0,none
U004,2024-09-04 18:00:00,77.6,1,2.5,1.12,30,lunch,0,none
U004,2024-09-04 18:10:00,78.1,1,0.0,1.03,0,none,0,none
U004,2024-09-04 18:20:00,77.6,1,0.0,0.92,0,none,0,none
U004,2024-09-04 18:30:00,77.9,1,0.0,0.99,0,none,0,none
U004,2024-09-04 18:40:00,79.1,1,0.0,0.9,0,none,0,none
U004,2024-09-04 18:55:00,79.2,1,0.0,0.9,0,none,0,none
U004,2024-09-04 19:10:00,80.2,1,0.0,1.14,0,none,0,none
U004,2024-09-04 19:15:00,79.8,1,0.0,0.96,0,none,0,none
U004,2024-09-04 19:20:00,80.1,1,0.0,1.01,0,none,0,none
U004,2024-09-04 19:25:00,80.6,1,0.0,1.2,0,none,0,none
U004,2024-09-04 19:35:00,80.0,1,0.0,1.19,0,none,0,none
U004,2024-09-04 19:40:00,79.6,1,0.0,0.95,0,none,4381,high
U004,2024-09-04 19:50:00,79.9,1,0.0,1.19,0,none,0,none
U004,2024-09-04 19:55:00,79.9,1,0.0,0.91,0,none,0,none
U004,2024-09-04 20:00:00,79.3,1,0.0,1.13,0,none,0,none
U004,2024-09-04 20:05:00,78.3,1,0.0,0.92,0,none,0,none
U004,2024-09-04 20:10:00,77.7,1,0.0,0.92,0,none,0,none
U004,2024-09-04 20:15:00,77.9,1,0.0,1.09,0,none,0,none
U004,2024-09-04 20:20:00,77.6,1,0.0,0.92,0,none,0,none
U004,2024-09-04 20:25:00,78.5,1,0.0,0.97,0,none,0,none
U004,2024-09-04 20:30:00,78.9,1,0.0,0.93,0,none,0,none
U004,2024-09-04 20:35:00,78.4,1,0.0,0.88,0,none,0,none
U004,2024-09-04 20:40:00,78.3,1,0.0,1.17,0,none,0,none
U004,2024-09-04 20:45:00,78.8,1,0.0,1.02,0,none,0,none
U004,2024-09-04 20:50:00,77.8,1,0.0,0.8,0,none,0,none
U004,2024-09-04 20:55:00,78.1,1,4.4,1.05,45,lunch,0,none
U004,2024-09-04 21:00:00,78.2,1,0.0,1.2,0,none,0,none
U004,2024-09-04 21:05:00,78.0,1,0.0,0.95,0,none,0,none
U004,2024-09-04 21:20:00,77.7,1,0.0,1.08,0,none,0,none
U004,2024-09-04 21:25:00,77.8,1,0.0,0.83,0,none,0,none
U004,2024-09-04 21:35:00,77.9,1,0.0,0.95,0,none,0,none
U004,2024-09-04 21:40:00,78.4,1,0.0,1.07,0,none,0,none
U004,2024-09-04 21:50:00,78.7,1,0.0,0.95,0,none,0,none
U004,2024-09-04 21:55:00,77.6,1,0.0,1.09,0,none,0,none
U004,2024-09-04 22:10:00,77.7,1,0.0,0.86,0,none,0,none
U004,2024-09-04 22:15:00,78.8,1,0.0,1.01,0,none,0,none
U004,2024-09-04 22:20:00,78.6,1,0.0,0.93,0,none,0,none
U004,2024-09-04 22:25:00,78.5,1,0.0,0.86,0,none,0,none
U004,2024-09-04 22:35:00,79.6,1,0.0,1.19,0,none,0,none
U004,2024-09-04 22:45:00,80.7,1,0.0,1.14,0,none,0,none
U004,2024-09-04 22:50:00,80.2,1,0.0,1.1,0,none,0,none
U004,2024-09-04 22:55:00,80.7,1,0.0,0.83,0,none,0,none
U004,2024-09-04 23:05:00,81.0,1,0.0,0.99,0,none,0,none
U004,2024-09-04 23:10:00,81.4,1,0.0,1.05,0,none,0,none
U004,2024-09-04 23:15:00,81.2,1,0.0,1.15,0,none,0,none
U004,2024-09-04 23:20:00,81.3,1,0.0,1.12,0,none,0,none
U004,2024-09-04 23:30:00,81.1,1,0.0,1.02,0,none,0,none
U004,2024-09-04 23:35:00,81.1,1,0.0,1.03,0,none,0,none
U004,2024-09-04 23:40:00,81.6,1,0.0,1.04,0,none,0,none
U004,2024-09-04 23:45:00,81.7,1,0.0,0.84,0,none,0,none
U004,2024-09-04 23:55:00,83.0,1,5.7,1.06,60,breakfast,0,none
U004,2024-09-05 00:00:00,83.8,1,9.2,0.99,75,lunch,0,none
U004,2024-09-05 00:10:00,85.7,1,0.0,0.89,0,none,0,none
U004,2024-09-05 00:15:00,85.4,1,0.0,1.19,0,none,0,none
U004,2024-09-05 00:20:00,85.5,1,7.5,0.97,75,snack,0,none
U004,2024-09-05 00:30:00,85.6,1,0.0,0.92,0,none,0,none
U004,2024-09-05 00:35:00,85.4,1,0.0,0.82,0,none,0,none
U004,2024-09-05 00:40:00,85.2,1,0.0,1.01,0,none,0,none
U004,2024-09-05 00:45:00,86.2,1,0.0,1.06,0,none,0,none
U004,2024-09-05 00:55:00,84.6,1,0.0,0.91,0,none,0,none
U004,2024-09-05 01:00:00,84.5,1,0.0,1.02,0,none,0,none
U004,2024-09-05 01:10:00,84.9,1,0.0,0.98,0,none,0,none
U004,2024-09-05 01:15:00,84.8,1,0.0,1.14,0,none,0,none
U004,2024-09-05 01:20:00,85.5,1,0.0,1.12,0,none,0,none
U004,2024-09-05 01:25:00,84.8,1,0.0,1.11,0,none,0,none
U004,2024-09-05 01:30:00,84.4,1,0.0,1.06,0,none,0,none
U004,2024-09-05 01:35:00,84.8,1,0.0,0.9,0,none,0,none
U004,2024-09-05 01:40:00,85.6,1,0.0,0.98,0,none,0,none
U004,2024-09-05 01:45:00,86.3,1,0.0,1.06,0,none,0,none
U004,2024-09-05 02:00:00,87.2,1,0.0,0.81,0,none,0,none
U004,2024-09-05 02:05:00,87.9,1,0.0,1.03,0,none,0,none
U004,2024-09-05 02:10:00,87.2,1,0.0,1.19,0,none,0,none
U004,2024-09-05 02:15:00,86.9,1,0.0,1.19,0,none,0,none
U004,2024-09-05 02:25:00,84.8,1,0.0,1.17,0,none,0,none
U004,2024-09-05 02:35:00,84.6,1,0.0,0.98,0,none,0,none
U004,2024-09-05 02:40:00,84.7,1,0.0,0.89,0,none,0,none
U004,2024-09-05 02:45:00,84.4,1,0.0,0.85,0,none,0,none
U004,2024-09-05 03:00:00,84.8,1,0.0,1.11,0,none,0,none
U004,2024-09-05 03:05:00,84.5,1,0.0,0.86,0,none,0,none
U004,2024-09-05 03:10:00,85.2,1,7.5,0.88,75,dinner,0,none
U004,2024-09-05 03:15:00,85.4,1,0.0,1.09,0,none,0,none
U004,2024-09-05 03:30:00,85.9,1,0.0,0.83,0,none,0,none
U004,2024-09-05 03:35:00,86.3,1,0.0,0.98,0,none,0,none
U004,2024-09-05 03:40:00,87.4,1,0.0,0.96,0,none,0,none
U004,2024-09-05 03:45:00,87.5,1,0.0,0.98,0,none,0,none
U004,2024-09-05 03:50:00,87.5,1,0.0,1.04,0,none,0,none
U004,2024-09-05 03:55:00,88.0,1,0.0,1.01,0,none,0,none
U004,2024-09-05 04:00:00,88.8,1,0.0,0.85,0,none,0,none
U004,2024-09-05 04:15:00,87.1,1,3.0,1.05,30,snack,4630,medium
U004,2024-09-05 04:30:00,85.7,1,0.0,0.9,0,none,3826,medium
U004,2024-09-05 04:45:00,84.7,1,0.0,1.09,0,none,0,none
U004,2024-09-05 04:50:00,85.3,1,0.0,0.88,0,none,0,none
U004,2024-09-05 04:55:00,85.4,1,0.0,1.0,0,none,0,none
U004,2024-09-05 05:00:00,85.4,1,0.0,1.14,0,none,0,none
U004,2024-09-05 05:05:00,85.9,1,0.0,0.96,0,none,0,none
U004,2024-09-05 05:15:00,86.8,1,0.0,0.92,0,none,0,none
U004,2024-09-05 05:20:00,86.9,1,0.0,0.96,0,none,0,none
U004,2024-09-05 05:25:00,87.4,1,0.0,1.01,0,none,0,none
U004,2024-09-05 05:30:00,87.3,1,0.0,1.05,0,none,0,none
U004,2024-09-05 05:35:00,87.4,1,0.0,1.07,0,none,0,none
U004,2024-09-05 05:40:00,87.1,1,0.0,0.91,0,none,0,none
U004,2024-09-05 05:50:00,87.8,1,0.0,1.05,0,none,0,none
U004,2024-09-05 06:00:00,88.3,1,0.0,1.15,0,none,0,none
U004,2024-09-05 06:05:00,89.0,1,0.0,0.82,0,none,0,none
U004,2024-09-05 06:10:00,90.2,1,0.0,0.82,0,none,0,none
U004,2024-09-05 06:25:00,90.1,1,0.0,0.88,0,none,0,none
U004,2024-09-05 06:35:00,90.6,1,0.0,0.82,0,none,0,none
U004,2024-09-05 06:40:00,90.1,0,0.0,1.09,0,none,0,none
U004,2024-09-05 06:45:00,89.9,1,0.0,0.85,0,none,0,none
U004,2024-09-05 06:50:00,90.5,0,3.7,1.18,30,lunch,0,none
U004,2024-09-05 06:55:00,90.9,1,0.0,0.91,0,none,0,none
U004,2024-09-05 07:00:00,91.6,1,0.0,0.9,0,none,0,none
U004,2024-09-05 07:05:00,91.9,1,0.0,0.92,0,none,0,none
U004,2024-09-05 07:10:00,91.6,1,0.0,1.02,0,none,0,none
U004,2024-09-05 07:15:00,91.9,1,0.0,1.18,0,none,0,none
U004,2024-09-05 07:25:00,93.3,1,0.0,1.11,0,none,0,none
U004,2024-09-05 07:30:00,93.4,1,0.0,1.16,0,none,0,none
U004,2024-09-05 07:35:00,94.0,1,0.0,0.81,0,none,0,none
U004,2024-09-05 07:50:00,95.5,1,0.0,1.04,0,none,0,none
U004,2024-09-05 07:55:00,95.6,1,0.0,0.88,0,none,0,none
U004,2024-09-05 08:00:00,95.5,1,0.0,1.11,0,none,0,none
U004,2024-09-05 08:05:00,96.1,1,0.0,1.01,0,none,0,none
U004,2024-09-05 08:10:00,94.3,1,0.0,1.14,0,none,1848,low
U004,2024-09-05 08:15:00,93.3,1,0.0,0.93,0,none,0,none
U004,2024-09-05 08:20:00,94.2,1,0.0,0.84,0,none,0,none
U004,2024-09-05 08:25:00,93.8,1,0.0,1.11,0,none,0,none
U004,2024-09-05 08:30:00,93.8,1,0.0,0.99,0,none,0,none
U004,2024-09-05 08:35:00,93.2,1,0.0,1.1,0,none,0,none
U004,2024-09-05 08:45:00,93.3,1,0.0,0.86,0,none,0,none
U004,2024-09-05 08:50:00,92.2,1,0.0,1.08,0,none,1837,high
U004,2024-09-05 08:55:00,92.4,1,0.0,1.0,0,none,0,none
U004,2024-09-05 09:00:00,92.9,1,0.0,0.91,0,none,0,none
U004,2024-09-05 09:05:00,93.1,1,0.0,0.96,0,none,0,none
U004,2024-09-05 09:10:00,93.3,1,0.0,1.08,0,none,0,none
U004,2024-09-05 09:30:00,92.1,1,0.0,1.16,0,none,0,none
U004,2024-09-05 09:35:00,92.0,1,0.0,0.83,0,none,0,none
U004,2024-09-05 09:45:00,91.3,1,0.0,1.19,0,none,0,none
U004,2024-09-05 10:00:00,90.8,1,0.0,1.13,0,none,0,none
U004,2024-09-05 10:05:00,90.6,1,0.0,1.19,0,none,0,none
U004,2024-09-05 10:10:00,90.9,1,0.0,0.88,0,none,0,none
U004,2024-09-05 10:15:00,92.3,1,0.0,1.08,0,none,0,none
U004,2024-09-05 10:40:00,90.3,1,0.0,0.89,0,none,0,none
U004,2024-09-05 10:45:00,90.2,1,0.0,1.05,0,none,0,none
U004,2024-09-05 10:55:00,88.6,1,0.0,1.19,0,none,0,none
U004,2024-09-05 11:00:00,88.7,1,0.0,0.81,0,none,0,none
U004,2024-09-05 11:05:00,88.4,1,0.0,0.91,0,none,0,none
U004,2024-09-05 11:15:00,88.5,1,0.0,1.08,0,none,0,none
U004,2024-09-05 11:25:00,87.8,1,0.0,1.16,0,none,0,none
U004,2024-09-05 11:35:00,87.9,1,0.0,0.92,0,none,0,none
U004,2024-09-05 11:45:00,87.2,1,0.0,1.18,0,none,0,none
U004,2024-09-05 11:55:00,87.9,1,0.0,0.99,0,none,0,none
U004,2024-09-05 12:00:00,88.2,1,0.0,0.99,0,none,0,none
U004,2024-09-05 12:05:00,88.3,1,0.0,0.96,0,none,0,none
U004,2024-09-05 12:25:00,88.3,1,0.0,1.01,0,none,0,none
U004,2024-09-05 12:35:00,88.4,1,0.0,0.84,0,none,0,none
U004,2024-09-05 12:40:00,88.0,1,0.0,1.07,0,none,0,none
U004,2024-09-05 12:50:00,88.5,1,0.0,0.92,0,none,0,none
U004,2024-09-05 12:55:00,87.8,1,0.0,0.98,0,none,0,none
U004,2024-09-05 13:00:00,87.4,1,0.0,0.91,0,none,0,none
U004,2024-09-05 13:10:00,87.6,1,0.0,0.95,0,none,0,none
U004,2024-09-05 13:30:00,88.1,1,0.0,1.11,0,none,0,none
U004,2024-09-05 13:50:00,88.6,1,7.2,1.13,60,dinner,0,none
U004,2024-09-05 13:55:00,88.7,1,0.0,0.89,0,none,0,none
U004,2024-09-05 14:00:00,88.9,1,0.0,1.11,0,none,0,none
U004,2024-09-05 14:05:00,88.5,1,0.0,0.91,0,none,0,none
U004,2024-09-05 14:10:00,88.6,1,0.0,0.84,0,none,0,none
U004,2024-09-05 14:15:00,88.6,1,0.0,1.2,0,none,0,none
U004,2024-09-05 14:20:00,89.5,1,0.0,0.86,0,none,0,none
U004,2024-09-05 14:40:00,89.9,1,0.0,1.11,0,none,0,none
U004,2024-09-05 14:45:00,90.6,1,0.0,0.98,0,none,0,none
U004,2024-09-05 14:50:00,91.0,1,0.0,1.19,0,none,0,none
U004,2024-09-05 14:55:00,91.7,1,0.0,0.97,0,none,0,none
U004,2024-09-05 15:00:00,92.0,1,0.0,0.82,0,none,0,none
U004,2024-09-05 15:05:00,92.2,1,0.0,1.01,0,none,0,none
U004,2024-09-05 15:15:00,91.0,1,0.0,1.1,0,none,0,none
U004,2024-09-05 15:20:00,90.7,1,0.0,0.94,0,none,0,none
U004,2024-09-05 15:25:00,91.3,1,0.0,0.9,0,none,0,none
U004,2024-09-05 15:30:00,91.5,1,0.0,0.98,0,none,0,none
U004,2024-09-05 15:35:00,91.2,1,0.0,0.9,0,none,0,none
U004,2024-09-05 15:40:00,89.8,1,0.0,0.99,0,none,3003,low
U004,2024-09-05 15:45:00,90.0,1,0.0,1.02,0,none,0,none
U004,2024-09-05 15:50:00,90.5,1,0.0,1.09,0,none,0,none
U004,2024-09-05 16:15:00,90.1,1,0.0,0.99,0,none,0,none
U004,2024-09-05 16:25:00,89.7,1,10.3,0.92,90,snack,0,none
U004,2024-09-05 16:30:00,89.2,1,0.0,1.03,0,none,0,none
U004,2024-09-05 16:35:00,89.4,1,7.2,0.85,60,lunch,0,none
U004,2024-09-05 16:40:00,88.4,1,0.0,1.02,0,none,0,none
U004,2024-09-05 16:45:00,88.7,1,0.0,0.9,0,none,0,none
U004,2024-09-05 16:50:00,88.8,1,0.0,1.19,0,none,0,none
U004,2024-09-05 17:00:00,88.7,1,0.0,0.91,0,none,0,none
U004,2024-09-05 17:25:00,87.4,1,0.0,0.88,0,none,0,none
U004,2024-09-05 17:30:00,87.4,1,0.0,0.91,0,none,0,none
U004,2024-09-05 17:45:00,87.6,1,0.0,0.84,0,none,0,none
U004,2024-09-05 17:50:00,88.2,1,0.0,0.83,0,none,0,none
U004,2024-09-05 17:55:00,88.9,1,0.0,0.92,0,none,0,none
U004,2024-09-05 18:10:00,90.5,1,0.0,1.09,0,none,0,none
U004,2024-09-05 18:15:00,91.0,1,0.0,1.14,0,none,0,none
U004,2024-09-05 18:20:00,91.0,1,0.0,1.17,0,none,0,none
U004,2024-09-05 18:25:00,90.5,1,0.0,0.88,0,none,0,none
U004,2024-09-05 18:30:00,90.7,1,0.0,1.08,0,none,0,none
U004,2024-09-05 18:50:00,89.1,1,0.0,0.85,0,none,0,none
U004,2024-09-05 18:55:00,89.3,1,0.0,0.89,0,none,0,none
U004,2024-09-05 19:00:00,89.4,1,0.0,0.82,0,none,0,none
U004,2024-09-05 19:05:00,89.0,1,0.0,1.16,0,none,0,none
U004,2024-09-05 19:15:00,89.0,1,0.0,0.85,0,none,0,none
U004,2024-09-05 19:50:00,90.5,1,0.0,1.03,0,none,0,none
U004,2024-09-05 20:05:00,90.2,1,0.0,0.89,0,none,0,none
U004,2024-09-05 20:10:00,89.9,1,0.0,1.11,0,none,0,none
U004,2024-09-05 20:15:00,90.0,1,0.0,1.16,0,none,0,none
U004,2024-09-05 20:20:00,89.9,1,0.0,1.19,0,none,0,none
U004,2024-09-05 20:25:00,90.6,1,0.0,1.01,0,none,0,none
U004,2024-09-05 20:30:00,91.3,1,0.0,1.04,0,none,0,none
U004,2024-09-05 20:40:00,91.2,1,0.0,0.93,0,none,0,none
U004,2024-09-05 21:00:00,91.2,1,0.0,0.97,0,none,0,none
U004,2024-09-05 21:05:00,91.4,1,0.0,1.12,0,none,0,none
U004,2024-09-05 21:10:00,90.8,1,0.0,0.88,0,none,0,none
U004,2024-09-05 21:25:00,92.3,1,0.0,0.94,0,none,0,none
U004,2024-09-05 21:30:00,93.2,1,0.0,0.95,0,none,0,none
U004,2024-09-05 21:45:00,93.5,1,0.0,0.96,0,none,0,none
U004,2024-09-05 21:55:00,93.9,1,0.0,0.95,0,none,0,none
U004,2024-09-05 22:05:00,94.1,1,0.0,0.92,0,none,0,none
U004,2024-09-05 22:15:00,93.1,1,0.0,1.13,0,none,0,none
U004,2024-09-05 22:25:00,92.7,1,0.0,0.85,0,none,0,none
U004,2024-09-05 22:40:00,93.8,1,0.0,0.81,0,none,0,none
U004,2024-09-05 22:45:00,92.6,1,0.0,0.98,0,none,0,none
U004,2024-09-05 23:00:00,92.6,1,0.0,0.81,0,none,0,none
U004,2024-09-05 23:10:00,93.3,1,0.0,0.8,0,none,0,none
U004,2024-09-05 23:15:00,92.8,1,0.0,1.04,0,none,0,none
U004,2024-09-05 23:25:00,91.7,1,0.0,1.19,0,none,0,none
U004,2024-09-05 23:30:00,92.2,1,0.0,1.13,0,none,0,none
U004,2024-09-05 23:35:00,92.1,1,0.0,0.83,0,none,0,none
U004,2024-09-05 23:50:00,92.8,1,0.0,1.1,0,none,0,none
U004,2024-09-06 00:00:00,92.9,1,0.0,1.16,0,none,0,none
U004,2024-09-06 00:10:00,93.4,1,0.0,1.08,0,none,0,none
U004,2024-09-06 00:15:00,93.2,1,0.0,0.82,0,none,0,none
U004,2024-09-06 00:20:00,93.7,1,0.0,0.93,0,none,0,none
U004,2024-09-06 00:30:00,93.1,1,0.0,0.88,0,none,0,none
U004,2024-09-06 00:40:00,92.1,1,0.0,1.11,0,none,0,none
U004,2024-09-06 00:50:00,91.8,1,0.0,0.83,0,none,4126,medium
U004,2024-09-06 01:05:00,91.4,1,0.0,0.9,0,none,0,none
U004,2024-09-06 01:25:00,91.8,1,0.0,1.18,0,none,0,none
U004,2024-09-06 01:35:00,91.3,1,0.0,0.92,0,none,0,none
U004,2024-09-06 01:40:00,91.8,1,0.0,1.05,0,none,0,none
U004,2024-09-06 02:10:00,92.3,1,8.8,1.11,75,dinner,0,none
U004,2024-09-06 02:25:00,92.5,1,0.0,1.05,0,none,0,none
U004,2024-09-06 02:30:00,92.3,1,0.0,0.97,0,none,0,none
U004,2024-09-06 02:40:00,93.1,1,0.0,0.96,0,none,0,none
U004,2024-09-06 02:45:00,93.6,1,0.0,0.92,0,none,0,none
U004,2024-09-06 02:55:00,93.0,1,0.0,0.81,0,none,0,none
U004,2024-09-06 03:00:00,92.3,1,0.0,0.84,0,none,0,none
U004,2024-09-06 03:10:00,92.9,1,0.0,1.06,0,none,0,none
U004,2024-09-06 03:15:00,94.1,1,0.0,0.84,0,none,0,none
U004,2024-09-06 03:20:00,93.9,1,0.0,0.88,0,none,0,none
U004,2024-09-06 03:30:00,94.8,1,0.0,1.08,0,none,0,none
U004,2024-09-06 03:35:00,92.9,1,0.0,0.89,0,none,1836,low
U004,2024-09-06 04:10:00,92.7,1,0.0,0.96,0,none,2334,high
U004,2024-09-06 04:15:00,92.7,1,0.0,1.15,0,none,0,none
U004,2024-09-06 04:25:00,92.7,1,0.0,1.02,0,none,3491,low
U004,2024-09-06 04:30:00,93.1,1,0.0,0.87,0,none,0,none
U004,2024-09-06 04:35:00,93.8,1,0.0,1.01,0,none,0,none
U004,2024-09-06 04:50:00,93.5,1,0.0,1.08,0,none,0,none
U004,2024-09-06 05:15:00,92.0,1,0.0,0.93,0,none,0,none
U004,2024-09-06 05:25:00,92.3,1,0.0,0.92,0,none,0,none
U004,2024-09-06 05:35:00,93.0,1,0.0,1.03,0,none,0,none
U004,2024-09-06 05:50:00,94.2,1,0.0,1.06,0,none,0,none
U004,2024-09-06 06:00:00,93.6,1,0.0,1.01,0,none,1163,high
U004,2024-09-06 06:05:00,93.3,1,0.0,1.17,0,none,0,none
U004,2024-09-06 06:10:00,93.6,1,0.0,0.96,0,none,0,none
U004,2024-09-06 06:15:00,93.2,1,0.0,0.89,0,none,0,none
U004,2024-09-06 06:25:00,92.9,1,0.0,1.04,0,none,0,none
U004,2024-09-06 06:30:00,92.7,1,0.0,1.02,0,none,0,none
U004,2024-09-06 06:35:00,93.0,1,2.4,0.82,30,lunch,0,none
U004,2024-09-06 06:40:00,92.3,1,0.0,0.8,0,none,0,none
U004,2024-09-06 06:45:00,94.4,1,0.0,0.98,0,none,0,none
U004,2024-09-06 06:55:00,94.7,1,0.0,0.98,0,none,0,none
U004,2024-09-06 07:00:00,94.5,1,0.0,1.14,0,none,0,none
U004,2024-09-06 07:10:00,94.8,1,0.0,1.06,0,none,0,none
U004,2024-09-06 07:15:00,94.7,1,0.0,0.98,0,none,0,none
U004,2024-09-06 07:25:00,94.9,1,0.0,1.01,0,none,0,none
U004,2024-09-06 07:30:00,94.9,1,0.0,1.05,0,none,0,none
U004,2024-09-06 07:35:00,94.8,1,0.0,0.9,0,none,0,none
U004,2024-09-06 07:40:00,95.2,1,0.0,0.89,0,none,0,none
U004,2024-09-06 07:45:00,94.5,1,0.0,0.86,0,none,0,none
U004,2024-09-06 07:50:00,94.5,1,0.0,0.88,0,none,0,none
U004,2024-09-06 07:55:00,94.6,1,0.0,0.93,0,none,0,none
U004,2024-09-06 08:00:00,94.7,1,0.0,1.19,0,none,0,none
U004,2024-09-06 08:25:00,94.1,1,0.0,1.07,0,none,0,none
U004,2024-09-06 08:35:00,93.4,1,0.0,1.04,0,none,0,none
U004,2024-09-06 08:40:00,93.2,1,0.0,0.98,0,none,0,none
U004,2024-09-06 08:45:00,93.6,1,0.0,0.93,0,none,0,none
U004,2024-09-06 08:55:00,94.5,1,0.0,1.2,0,none,0,none
U004,2024-09-06 09:00:00,95.1,1,0.0,0.92,0,none,0,none
U004,2024-09-06 09:15:00,93.8,1,0.0,1.04,0,none,0,none
U004,2024-09-06 09:25:00,95.5,1,0.0,0.93,0,none,0,none
U004,2024-09-06 09:30:00,95.9,1,0.0,0.97,0,none,0,none
U004,2024-09-06 09:35:00,94.9,1,0.0,1.16,0,none,0,none
U004,2024-09-06 09:45:00,95.3,1,2.6,0.89,30,breakfast,0,none
U004,2024-09-06 09:55:00,95.1,1,0.0,1.08,0,none,0,none
U004,2024-09-06 10:00:00,95.2,1,0.0,0.88,0,none,0,none
U004,2024-09-06 10:15:00,94.8,1,0.0,0.85,0,none,0,none
U004,2024-09-06 10:25:00,94.7,1,0.0,1.13,0,none,0,none
U004,2024-09-06 10:30:00,95.0,1,0.0,1.04,0,none,0,none
U004,2024-09-06 10:35:00,95.9,1,0.0,0.96,0,none,0,none
U004,2024-09-06 10:50:00,95.7,1,0.0,1.18,0,none,0,none
U004,2024-09-06 11:00:00,95.6,1,0.0,1.03,0,none,0,none
U004,2024-09-06 11:05:00,96.9,1,0.0,0.97,0,none,0,none
U004,2024-09-06 11:10:00,97.6,1,0.0,1.03,0,none,0,none
U004,2024-09-06 11:15:00,97.3,1,0.0,1.0,0,none,0,none
U004,2024-09-06 11:20:00,95.9,1,0.0,0.96,0,none,0,none
U004,2024-09-06 11:25:00,95.3,1,0.0,0.94,0,none,0,none
U004,2024-09-06 11:35:00,93.7,1,0.0,0.92,0,none,0,none
U004,2024-09-06 11:40:00,93.8,1,0.0,1.06,0,none,0,none
U004,2024-09-06 11:45:00,93.8,1,0.0,1.13,0,none,0,none
U004,2024-09-06 11:50:00,93.1,1,0.0,0.82,0,none,0,none
U004,2024-09-06 12:00:00,91.2,1,0.0,0.85,0,none,0,none
U004,2024-09-06 12:25:00,91.3,1,0.0,0.86,0,none,0,none
U004,2024-09-06 12:30:00,91.3,1,0.0,1.07,0,none,0,none
U004,2024-09-06 12:50:00,90.6,1,0.0,0.85,45,breakfast,0,none
U004,2024-09-06 12:55:00,89.9,1,0.0,1.04,0,none,0,none
U004,2024-09-06 13:00:00,89.4,1,0.0,1.17,0,none,0,none
U004,2024-09-06 13:10:00,90.4,1,0.0,1.1,0,none,0,none
U004,2024-09-06 13:20:00,88.6,1,0.0,0.84,0,none,0,none
U004,2024-09-06 13:25:00,89.8,1,0.0,0.91,0,none,0,none
U004,2024-09-06 13:35:00,89.2,1,0.0,1.09,0,none,0,none
U004,2024-09-06 13:50:00,88.9,1,5.3,0.95,45,breakfast,0,none
U004,2024-09-06 13:55:00,89.6,1,0.0,0.81,0,none,0,none
U004,2024-09-06 14:05:00,89.0,1,0.0,1.09,0,none,0,none
U004,2024-09-06 14:10:00,89.1,1,0.0,0.81,0,none,0,none
U004,2024-09-06 14:20:00,89.7,1,0.0,0.94,0,none,0,none
U004,2024-09-06 14:25:00,90.0,1,0.0,1.13,0,none,0,none
U004,2024-09-06 14:35:00,89.8,1,0.0,1.05,0,none,0,none
U004,2024-09-06 14:40:00,90.4,1,0.0,1.06,0,none,0,none
U004,2024-09-06 14:55:00,89.6,1,0.0,0.8,0,none,0,none
U004,2024-09-06 15:05:00,89.7,1,0.0,0.82,0,none,0,none
U004,2024-09-06 15:30:00,89.5,1,0.0,0.9,0,none,0,none
U004,2024-09-06 15:40:00,89.0,1,0.0,1.14,0,none,0,none
U004,2024-09-06 15:50:00,88.9,1,0.0,1.14,0,none,0,none
U004,2024-09-06 15:55:00,87.2,1,0.0,1.02,0,none,1610,high
U004,2024-09-06 16:00:00,87.4,1,0.0,1.03,0,none,0,none
U004,2024-09-06 16:05:00,87.6,0,0.0,1.13,0,none,0,none
U004,2024-09-06 16:20:00,87.0,1,0.0,1.13,0,none,0,none
U004,2024-09-06 16:25:00,87.0,1,0.0,1.15,0,none,0,none
U004,2024-09-06 16:30:00,87.7,1,0.0,0.89,0,none,0,none
U004,2024-09-06 16:35:00,87.4,1,0.0,1.2,0,none,0,none
U004,2024-09-06 16:45:00,86.7,1,0.0,0.81,0,none,0,none
U004,2024-09-06 16:55:00,86.8,1,0.0,1.06,0,none,0,none
U004,2024-09-06 17:00:00,86.7,1,0.0,1.19,0,none,0,none
U004,2024-09-06 17:05:00,85.9,1,0.0,0.83,0,none,0,none
U004,2024-09-06 17:15:00,85.6,1,0.0,1.09,0,none,0,none
U004,2024-09-06 17:20:00,85.3,1,0.0,0.86,0,none,0,none
U004,2024-09-06 17:25:00,85.0,1,0.0,1.04,0,none,0,none
U004,2024-09-06 17:50:00,86.4,1,0.0,0.92,0,none,0,none
U004,2024-09-06 18:00:00,85.2,1,0.0,0.86,0,none,0,none
U004,2024-09-06 18:05:00,85.5,1,0.0,1.01,0,none,0,none
U004,2024-09-06 18:10:00,85.4,1,0.0,0.97,0,none,0,none
U004,2024-09-06 18:15:00,85.3,1,0.0,0.85,0,none,0,none
U004,2024-09-06 18:25:00,85.8,1,0.0,0.86,0,none,0,none
U004,2024-09-06 18:30:00,85.9,1,0.0,0.97,0,none,0,none
U004,2024-09-06 18:35:00,86.2,1,0.0,0.93,0,none,0,none
U004,2024-09-06 18:40:00,85.5,1,0.0,1.08,0,none,0,none
U004,2024-09-06 18:45:00,85.4,1,0.0,0.84,0,none,0,none
U004,2024-09-06 19:00:00,86.7,1,0.0,0.8,0,none,0,none
U004,2024-09-06 19:10:00,86.4,1,0.0,0.87,0,none,0,none
U004,2024-09-06 19:15:00,86.3,1,0.0,1.06,0,none,0,none
U004,2024-09-06 19:20:00,87.1,1,0.0,1.03,0,none,0,none
U004,2024-09-06 19:25:00,86.7,1,0.0,0.89,0,none,0,none
U004,2024-09-06 19:30:00,87.4,1,0.0,1.19,0,none,0,none
U004,2024-09-06 19:35:00,87.6,1,0.0,1.0,0,none,0,none
U004,2024-09-06 19:40:00,87.8,1,0.0,0.84,0,none,0,none
U004,2024-09-06 19:45:00,87.9,1,0.0,1.05,0,none,0,none
U004,2024-09-06 19:50:00,88.3,1,0.0,1.03,0,none,0,none
U004,2024-09-06 19:55:00,88.5,1,0.0,1.16,0,none,0,none
U004,2024-09-06 20:05:00,88.5,1,0.0,1.14,0,none,0,none
U004,2024-09-06 20:10:00,88.1,1,0.0,0.94,0,none,0,none
U004,2024-09-06 20:15:00,87.8,1,0.0,1.17,0,none,0,none
U004,2024-09-06 20:20:00,87.4,1,0.0,1.13,0,none,0,none
U004,2024-09-06 20:30:00,86.9,1,0.0,0.95,0,none,0,none
U004,2024-09-06 20:35:00,86.8,1,0.0,0.92,0,none,0,none
U004,2024-09-06 20:40:00,86.6,1,0.0,1.01,0,none,0,none
U004,2024-09-06 20:45:00,86.8,1,0.0,1.1,0,none,0,none
U004,2024-09-06 20:50:00,87.0,1,0.0,1.04,0,none,0,none
U004,2024-09-06 20:55:00,86.7,1,0.0,1.08,0,none,0,none
U004,2024-09-06 21:00:00,85.6,1,0.0,0.89,0,none,0,none
U004,2024-09-06 21:05:00,85.6,1,0.0,0.94,0,none,0,none
U004,2024-09-06 21:10:00,85.0,1,0.0,0.87,0,none,0,none
U004,2024-09-06 21:15:00,84.7,1,0.0,1.15,0,none,0,none
U004,2024-09-06 21:20:00,84.7,1,0.0,0.94,0,none,0,none
U004,2024-09-06 21:25:00,85.4,1,0.0,0.85,0,none,0,none
U004,2024-09-06 21:35:00,84.8,1,0.0,0.98,0,none,0,none
U004,2024-09-06 21:40:00,84.8,1,0.0,0.87,0,none,0,none
U004,2024-09-06 21:50:00,84.3,1,0.0,0.81,0,none,0,none
U004,2024-09-06 21:55:00,84.0,1,0.0,1.0,0,none,0,none
U004,2024-09-06 22:00:00,83.2,1,0.0,1.07,0,none,0,none
U004,2024-09-06 22:15:00,85.1,1,0.0,0.96,0,none,0,none
U004,2024-09-06 22:20:00,84.1,1,0.0,1.11,0,none,0,none
U004,2024-09-06 22:35:00,86.3,1,0.0,0.97,0,none,0,none
U004,2024-09-06 22:40:00,86.7,1,0.0,0.97,0,none,0,none
U004,2024-09-06 22:45:00,86.5,1,0.0,1.1,0,none,0,none
U004,2024-09-06 23:05:00,87.3,1,0.0,0.92,0,none,0,none
U004,2024-09-06 23:10:00,87.8,1,0.0,0.81,0,none,0,none
U004,2024-09-06 23:15:00,87.8,1,0.0,0.96,0,none,0,none
U004,2024-09-06 23:25:00,88.7,1,0.0,1.14,0,none,0,none
U004,2024-09-06 23:35:00,87.2,1,0.0,1.08,0,none,0,none
U004,2024-09-06 23:40:00,88.5,1,0.0,1.03,0,none,0,none
U004,2024-09-06 23:45:00,87.5,1,0.0,0.94,30,lunch,0,none
U004,2024-09-06 23:50:00,88.6,1,0.0,1.0,0,none,0,none
U004,2024-09-07 00:05:00,87.1,1,0.0,0.96,0,none,0,none
U004,2024-09-07 00:10:00,87.7,1,0.0,1.01,0,none,0,none
U004,2024-09-07 00:15:00,88.1,1,0.0,1.15,0,none,0,none
U004,2024-09-07 00:20:00,88.5,1,0.0,1.01,0,none,0,none
U004,2024-09-07 00:25:00,86.8,1,0.0,0.86,0,none,837,high
U004,2024-09-07 00:30:00,86.7,1,0.0,1.0,0,none,0,none
U004,2024-09-07 00:50:00,85.0,1,0.0,0.86,0,none,0,none
U004,2024-09-07 00:55:00,85.7,1,0.0,1.0,0,none,0,none
U004,2024-09-07 01:00:00,85.4,1,0.0,0.92,0,none,0,none
U004,2024-09-07 01:20:00,86.2,1,0.0,0.97,0,none,0,none
U004,2024-09-07 01:25:00,85.8,1,0.0,1.14,0,none,0,none
U004,2024-09-07 01:35:00,85.2,1,0.0,0.85,0,none,0,none
U004,2024-09-07 01:40:00,85.0,1,0.0,0.86,0,none,0,none
U004,2024-09-07 01:45:00,85.4,1,0.0,1.11,0,none,0,none
U004,2024-09-07 01:50:00,84.9,1,0.0,1.02,0,none,0,none
U004,2024-09-07 01:55:00,85.4,1,0.0,1.17,0,none,0,none
U004,2024-09-07 02:30:00,84.6,1,0.0,0.99,0,none,0,none
U004,2024-09-07 02:35:00,84.4,1,0.0,0.9,0,none,0,none
U004,2024-09-07 02:45:00,83.9,1,0.0,0.88,0,none,0,none
U004,2024-09-07 02:55:00,83.5,1,0.0,0.99,0,none,0,none
U004,2024-09-07 03:00:00,83.4,1,0.0,0.9,0,none,0,none
U004,2024-09-07 03:10:00,84.1,1,0.0,1.14,0,none,0,none
U004,2024-09-07 03:30:00,84.8,1,0.0,1.18,0,none,0,none
U004,2024-09-07 03:45:00,84.8,1,0.0,0.9,0,none,0,none
U004,2024-09-07 04:00:00,86.3,1,0.0,1.15,0,none,0,none
U004,2024-09-07 04:15:00,87.6,1,0.0,1.09,0,none,0,none
U004,2024-09-07 04:25:00,88.1,1,0.0,0.97,0,none,0,none
U004,2024-09-07 04:30:00,87.7,1,0.0,0.98,0,none,0,none
U004,2024-09-07 04:35:00,87.4,1,0.0,1.03,0,none,0,none
U004,2024-09-07 04:45:00,87.1,1,0.0,0.93,0,none,0,none
U004,2024-09-07 05:00:00,87.4,1,0.0,1.14,0,none,0,none
U004,2024-09-07 05:05:00,88.1,1,0.0,0.97,0,none,0,none
U004,2024-09-07 05:10:00,88.1,1,4.5,0.8,45,dinner,0,none
U004,2024-09-07 05:20:00,87.5,1,0.0,0.87,0,none,0,none
U004,2024-09-07 05:25:00,87.8,1,0.0,0.85,0,none,0,none
U004,2024-09-07 05:35:00,87.0,1,0.0,1.18,0,none,0,none
U004,2024-09-07 05:40:00,87.3,1,9.1,1.07,90,snack,0,none
U004,2024-09-07 05:50:00,86.7,1,0.0,1.01,0,none,0,none
U004,2024-09-07 06:05:00,87.1,1,0.0,1.18,0,none,0,none
U004,2024-09-07 06:30:00,87.1,1,9.5,1.11,90,dinner,0,none
U004,2024-09-07 06:35:00,87.6,1,0.0,1.19,0,none,0,none
U004,2024-09-07 06:40:00,88.0,1,5.5,0.82,45,snack,0,none
U004,2024-09-07 06:50:00,87.2,0,0.0,0.86,0,none,0,none
U004,2024-09-07 06:55:00,87.2,1,0.0,1.16,0,none,0,none
U004,2024-09-07 07:00:00,88.0,1,0.0,1.08,0,none,0,none
U004,2024-09-07 07:05:00,87.7,1,0.0,1.13,0,none,0,none
U004,2024-09-07 07:15:00,87.0,1,0.0,1.05,0,none,0,none
U004,2024-09-07 07:20:00,87.2,1,0.0,0.98,0,none,0,none
U004,2024-09-07 07:25:00,86.9,1,0.0,1.02,0,none,0,none
U004,2024-09-07 07:35:00,87.2,1,8.5,0.97,75,breakfast,0,none
U004,2024-09-07 07:40:00,87.3,1,0.0,0.96,0,none,0,none
U004,2024-09-07 07:50:00,86.7,1,0.0,1.06,0,none,0,none
U004,2024-09-07 07:55:00,87.4,1,0.0,1.19,0,none,0,none
U004,2024-09-07 08:00:00,86.7,1,0.0,1.12,0,none,0,none
U004,2024-09-07 08:05:00,86.3,1,0.0,0.9,0,none,0,none
U004,2024-09-07 08:10:00,85.6,1,0.0,1.15,0,none,0,none
U004,2024-09-07 08:20:00,86.9,1,0.0,1.16,0,none,0,none
U004,2024-09-07 08:40:00,88.5,1,0.0,1.01,0,none,0,none
U004,2024-09-07 08:55:00,91.0,1,0.0,1.02,0,none,0,none
U004,2024-09-07 09:00:00,90.7,1,0.0,1.14,0,none,0,none
U004,2024-09-07 09:15:00,90.7,1,0.0,0.87,0,none,0,none
U004,2024-09-07 09:20:00,89.4,1,0.0,0.86,0,none,3391,medium
U004,2024-09-07 09:25:00,90.6,1,0.0,1.08,0,none,0,none
U004,2024-09-07 09:30:00,90.0,1,0.0,1.19,0,none,0,none
U004,2024-09-07 09:40:00,89.6,1,0.0,0.82,0,none,0,none
U004,2024-09-07 09:45:00,89.6,1,0.0,0.99,0,none,0,none
U004,2024-09-07 09:50:00,89.6,1,0.0,1.09,0,none,0,none
U004,2024-09-07 09:55:00,89.5,1,0.0,1.03,0,none,0,none
U004,2024-09-07 10:00:00,89.6,1,0.0,1.05,0,none,0,none
U004,2024-09-07 10:05:00,89.8,1,0.0,0.81,0,none,0,none
U004,2024-09-07 10:15:00,89.5,1,3.6,0.87,30,lunch,0,none
U004,2024-09-07 10:20:00,89.5,1,0.0,1.12,0,none,0,none
U004,2024-09-07 10:25:00,88.3,1,0.0,1.04,0,none,0,none
U004,2024-09-07 10:30:00,88.3,1,0.0,0.97,0,none,0,none
U004,2024-09-07 10:35:00,88.5,1,0.0,0.84,0,none,0,none
U004,2024-09-07 10:40:00,88.2,1,0.0,1.08,0,none,0,none
U004,2024-09-07 10:50:00,88.1,1,0.0,0.83,0,none,0,none
U004,2024-09-07 10:55:00,87.9,1,0.0,1.12,0,none,0,none
U004,2024-09-07 11:00:00,88.3,1,0.0,0.93,0,none,0,none
U004,2024-09-07 11:25:00,90.1,1,0.0,1.05,0,none,0,none
U004,2024-09-07 11:30:00,90.7,1,0.0,0.86,0,none,0,none
U004,2024-09-07 11:35:00,90.5,1,0.0,0.82,0,none,0,none
U004,2024-09-07 12:05:00,89.9,1,0.0,0.9,0,none,0,none
U004,2024-09-07 12:10:00,89.5,1,0.0,1.17,0,none,2980,low
U004,2024-09-07 12:15:00,89.8,1,0.0,0.81,0,none,0,none
U004,2024-09-07 12:20:00,89.8,1,0.0,1.02,0,none,0,none
U004,2024-09-07 12:35:00,88.5,1,0.0,1.03,0,none,4284,low
U004,2024-09-07 12:50:00,90.1,1,0.0,0.87,0,none,0,none
U004,2024-09-07 12:55:00,90.5,1,0.0,1.0,0,none,0,none
U004,2024-09-07 13:10:00,90.1,1,0.0,1.11,0,none,0,none
U004,2024-09-07 13:15:00,90.2,1,0.0,0.93,0,none,0,none
U004,2024-09-07 13:20:00,90.8,1,0.0,1.19,0,none,0,none
U004,2024-09-07 13:25:00,90.5,1,9.6,1.02,90,snack,0,none
U004,2024-09-07 13:30:00,91.5,1,0.0,0.93,0,none,0,none
U004,2024-09-07 13:35:00,91.8,1,0.0,1.08,0,none,0,none
U004,2024-09-07 13:50:00,90.8,1,0.0,0.94,0,none,0,none
U004,2024-09-07 13:55:00,90.4,1,0.0,1.18,0,none,0,none
U004,2024-09-07 14:05:00,91.9,1,0.0,0.94,0,none,0,none
U004,2024-09-07 14:10:00,91.9,1,0.0,0.86,0,none,0,none
U004,2024-09-07 14:15:00,92.5,1,10.7,1.04,90,lunch,0,none
U004,2024-09-07 14:20:00,92.1,1,0.0,1.11,0,none,0,none
U004,2024-09-07 14:25:00,91.9,1,0.0,0.81,0,none,0,none
U004,2024-09-07 14:30:00,92.9,1,0.0,0.82,0,none,0,none
U004,2024-09-07 14:35:00,92.8,1,0.0,0.86,0,none,0,none
U004,2024-09-07 14:40:00,92.1,1,0.0,0.82,0,none,0,none
U004,2024-09-07 14:45:00,92.5,1,7.4,1.08,60,lunch,0,none
U004,2024-09-07 14:50:00,93.3,1,0.0,1.02,0,none,0,none
U004,2024-09-07 14:55:00,94.3,1,0.0,1.07,0,none,0,none
U004,2024-09-07 15:10:00,94.2,1,0.0,0.9,0,none,0,none
U004,2024-09-07 15:15:00,93.6,1,0.0,0.91,0,none,0,none
U004,2024-09-07 15:30:00,93.8,1,0.0,1.14,0,none,0,none
U004,2024-09-07 15:35:00,94.2,1,0.0,1.12,0,none,0,none
U004,2024-09-07 15:40:00,94.4,1,0.0,0.93,0,none,0,none
U004,2024-09-07 16:00:00,94.5,1,0.0,0.82,0,none,0,none
U004,2024-09-07 16:05:00,93.2,1,0.0,1.04,0,none,0,none
U004,2024-09-07 16:15:00,92.5,1,0.0,1.07,0,none,0,none
U004,2024-09-07 16:25:00,92.8,1,9.3,0.98,75,breakfast,0,none
U004,2024-09-07 16:30:00,92.9,1,0.0,0.84,0,none,0,none
U004,2024-09-07 16:35:00,92.3,1,0.0,0.95,0,none,0,none
U004,2024-09-07 16:40:00,92.2,1,0.0,0.98,0,none,0,none
U004,2024-09-07 16:45:00,92.2,1,0.0,0.8,0,none,0,none
U004,2024-09-07 17:00:00,94.5,1,0.0,0.92,0,none,0,none
U004,2024-09-07 17:05:00,94.8,1,0.0,1.17,0,none,0,none
U004,2024-09-07 17:10:00,94.5,1,0.0,0.93,0,none,0,none
U004,2024-09-07 17:20:00,94.0,1,0.0,1.0,0,none,0,none
U004,2024-09-07 17:25:00,93.5,1,0.0,0.99,0,none,0,none
U004,2024-09-07 17:30:00,93.4,1,0.0,0.87,0,none,0,none
U004,2024-09-07 17:35:00,92.6,1,0.0,1.13,0,none,0,none
U004,2024-09-07 17:40:00,92.9,1,0.0,1.02,0,none,0,none
U004,2024-09-07 17:45:00,92.5,1,0.0,1.12,0,none,0,none
U004,2024-09-07 18:05:00,92.5,1,0.0,1.01,0,none,0,none
U004,2024-09-07 18:10:00,92.7,1,0.0,1.16,0,none,0,none
U004,2024-09-07 18:15:00,92.9,1,0.0,0.89,0,none,0,none
U004,2024-09-07 18:25:00,92.4,1,0.0,0.97,0,none,0,none
U004,2024-09-07 18:30:00,92.5,1,0.0,0.99,0,none,0,none
U004,2024-09-07 18:40:00,92.9,1,0.0,0.81,0,none,0,none
U004,2024-09-07 18:45:00,92.5,1,0.0,1.07,0,none,0,none
U004,2024-09-07 18:55:00,92.8,1,0.0,0.89,0,none,0,none
U004,2024-09-07 19:00:00,93.2,1,0.0,0.98,0,none,0,none
U004,2024-09-07 19:05:00,92.9,1,0.0,0.8,0,none,0,none
U004,2024-09-07 19:20:00,91.6,1,0.0,1.16,0,none,811,low
U004,2024-09-07 19:25:00,91.5,1,0.0,0.97,0,none,0,none
U004,2024-09-07 19:30:00,91.8,1,0.0,0.95,0,none,0,none
U004,2024-09-07 19:35:00,91.9,1,0.0,0.85,0,none,0,none
U004,2024-09-07 19:40:00,91.2,1,0.0,0.84,0,none,0,none
U004,2024-09-07 19:45:00,91.4,0,0.0,1.14,0,none,0,none
U004,2024-09-07 19:50:00,91.1,1,0.0,0.95,0,none,0,none
U004,2024-09-07 20:00:00,92.0,1,0.0,1.16,0,none,0,none
U004,2024-09-07 20:05:00,92.4,1,4.7,1.06,45,lunch,0,none
U004,2024-09-07 20:15:00,92.4,1,0.0,0.91,0,none,0,none
U004,2024-09-07 20:20:00,92.7,1,0.0,0.88,0,none,0,none
U004,2024-09-07 20:30:00,93.9,1,0.0,0.88,0,none,0,none
U004,2024-09-07 20:40:00,93.9,1,0.0,1.14,0,none,0,none
U004,2024-09-07 20:45:00,94.2,1,0.0,0.99,0,none,0,none
U004,2024-09-07 20:55:00,94.1,1,0.0,1.03,0,none,0,none
U004,2024-09-07 21:10:00,92.6,1,0.0,0.95,0,none,0,none
U004,2024-09-07 21:20:00,93.0,1,0.0,0.8,0,none,0,none
U004,2024-09-07 21:25:00,93.1,1,0.0,1.15,0,none,0,none
U004,2024-09-07 21:30:00,94.0,1,0.0,0.99,0,none,0,none
U004,2024-09-07 21:40:00,94.9,1,0.0,0.89,0,none,0,none
U004,2024-09-07 21:45:00,95.2,1,0.0,1.08,0,none,0,none
U004,2024-09-07 21:50:00,95.5,0,0.0,1.02,0,none,0,none
U004,2024-09-07 21:55:00,96.1,1,0.0,0.85,0,none,0,none
U004,2024-09-07 22:00:00,97.3,1,0.0,1.01,0,none,0,none
U004,2024-09-07 22:05:00,97.0,1,0.0,1.14,0,none,0,none
U004,2024-09-07 22:30:00,95.7,1,0.0,0.99,0,none,0,none
U004,2024-09-07 22:45:00,95.3,1,0.0,0.91,0,none,0,none
U004,2024-09-07 22:55:00,94.7,0,0.0,0.83,0,none,0,none
U004,2024-09-07 23:00:00,94.9,1,0.0,1.06,0,none,0,none
U004,2024-09-07 23:05:00,93.5,1,0.0,0.94,0,none,1921,medium
U004,2024-09-07 23:10:00,92.9,1,0.0,0.95,0,none,0,none
U004,2024-09-07 23:25:00,92.7,1,6.0,1.17,60,snack,0,none
U004,2024-09-07 23:30:00,93.7,1,0.0,1.01,0,none,0,none
U004,2024-09-07 23:40:00,94.0,1,0.0,1.02,0,none,0,none
U004,2024-09-07 23:50:00,94.5,1,0.0,0.95,0,none,0,none
U004,2024-09-07 23:55:00,94.3,1,0.0,1.12,0,none,0,none
U004,2024-09-08 00:05:00,94.1,1,0.0,0.83,0,none,0,none
U004,2024-09-08 00:10:00,94.2,1,0.0,0.82,0,none,0,none
U004,2024-09-08 00:20:00,94.8,1,0.0,0.88,0,none,0,none
U004,2024-09-08 00:25:00,94.4,1,0.0,1.14,0,none,0,none
U004,2024-09-08 00:35:00,94.9,1,0.0,1.05,0,none,0,none
U004,2024-09-08 00:50:00,95.5,1,0.0,0.84,0,none,0,none
U004,2024-09-08 01:00:00,96.2,1,0.0,0.92,0,none,0,none
U004,2024-09-08 01:05:00,95.9,1,0.0,0.82,0,none,0,none
U004,2024-09-08 01:10:00,96.7,1,0.0,1.01,0,none,0,none
U004,2024-09-08 01:15:00,96.8,1,0.0,0.92,0,none,0,none
U004,2024-09-08 01:20:00,96.3,1,0.0,1.0,0,none,0,none
U004,2024-09-08 01:30:00,97.1,0,0.0,1.13,0,none,0,none
U004,2024-09-08 01:35:00,96.5,1,0.0,1.15,0,none,0,none
U004,2024-09-08 01:40:00,97.1,1,8.5,1.09,75,breakfast,0,none
U004,2024-09-08 01:45:00,97.0,1,0.0,1.1,0,none,0,none
U004,2024-09-08 01:50:00,96.9,1,0.0,1.16,0,none,0,none
U004,2024-09-08 01:55:00,96.1,1,0.0,1.16,0,none,0,none
U004,2024-09-08 02:00:00,96.3,1,0.0,0.98,0,none,0,none
U004,2024-09-08 02:05:00,96.2,1,0.0,1.01,0,none,0,none
U004,2024-09-08 02:10:00,96.3,1,0.0,0.92,0,none,0,none
U004,2024-09-08 02:40:00,96.2,1,0.0,0.98,0,none,0,none
U004,2024-09-08 02:55:00,95.4,1,0.0,0.9,0,none,0,none
U004,2024-09-08 03:00:00,95.3,1,0.0,0.96,0,none,0,none
U004,2024-09-08 03:10:00,96.0,1,0.0,1.0,0,none,0,none
U004,2024-09-08 03:15:00,96.2,1,0.0,1.19,0,none,0,none
U004,2024-09-08 03:35:00,96.6,1,3.3,1.12,30,snack,0,none
U004,2024-09-08 03:40:00,96.7,1,0.0,0.98,0,none,0,none
U004,2024-09-08 03:45:00,96.4,1,0.0,1.03,0,none,0,none
U004,2024-09-08 03:50:00,97.4,1,0.0,1.03,0,none,0,none
U004,2024-09-08 04:10:00,97.5,1,0.0,1.08,0,none,0,none
U004,2024-09-08 04:15:00,96.8,1,0.0,0.98,0,none,0,none
U004,2024-09-08 04:20:00,97.1,1,0.0,1.11,0,none,0,none
U004,2024-09-08 04:35:00,97.2,1,5.0,0.87,45,lunch,0,none
U004,2024-09-08 04:40:00,97.7,1,0.0,0.95,0,none,0,none
U004,2024-09-08 04:45:00,98.3,1,0.0,0.91,0,none,0,none
U004,2024-09-08 04:50:00,97.5,1,0.0,0.89,0,none,0,none
U004,2024-09-08 05:05:00,94.4,1,0.0,1.05,0,none,4520,low
U004,2024-09-08 05:15:00,93.0,1,0.0,1.18,0,none,0,none
U004,2024-09-08 05:25:00,93.4,1,0.0,1.13,0,none,0,none
U004,2024-09-08 05:30:00,93.8,1,0.0,1.0,0,none,0,none
U004,2024-09-08 05:45:00,93.2,1,0.0,1.0,0,none,0,none
U004,2024-09-08 05:50:00,92.6,1,0.0,1.19,0,none,0,none
U004,2024-09-08 05:55:00,91.9,1,0.0,1.04,0,none,4132,medium
U004,2024-09-08 06:00:00,92.3,1,0.0,1.17,0,none,0,none
U004,2024-09-08 06:05:00,92.0,1,0.0,1.16,0,none,0,none
U004,2024-09-08 06:10:00,91.4,1,0.0,0.92,0,none,0,none
U004,2024-09-08 06:20:00,91.7,1,0.0,0.86,0,none,0,none
U004,2024-09-08 06:25:00,91.7,1,0.0,1.07,0,none,0,none
U004,2024-09-08 06:35:00,91.5,1,0.0,0.81,0,none,0,none
U004,2024-09-08 06:40:00,91.0,1,0.0,1.13,0,none,0,none
U004,2024-09-08 06:45:00,91.1,1,0.0,0.98,0,none,0,none
U004,2024-09-08 06:55:00,90.5,1,0.0,0.99,0,none,0,none
U004,2024-09-08 07:00:00,90.0,1,0.0,1.02,0,none,0,none
U004,2024-09-08 07:05:00,89.8,0,0.0,1.13,0,none,0,none
U004,2024-09-08 07:15:00,88.9,1,0.0,1.14,0,none,0,none
U004,2024-09-08 07:35:00,89.0,1,0.0,0.95,0,none,0,none
U004,2024-09-08 07:40:00,89.1,1,0.0,1.04,60,snack,0,none
U004,2024-09-08 07:50:00,89.3,1,0.0,1.1,0,none,0,none
U004,2024-09-08 08:00:00,90.5,1,0.0,1.11,0,none,0,none
U004,2024-09-08 08:20:00,91.6,1,4.1,1.19,30,dinner,0,none
U004,2024-09-08 08:35:00,89.9,1,0.0,0.91,0,none,0,none
U004,2024-09-08 08:40:00,90.1,1,0.0,1.1,0,none,0,none
U004,2024-09-08 08:50:00,90.3,1,0.0,0.85,0,none,0,none
U004,2024-09-08 08:55:00,89.7,1,0.0,0.81,0,none,0,none
U004,2024-09-08 09:05:00,90.9,1,0.0,0.81,0,none,0,none
U004,2024-09-08 09:10:00,91.8,1,0.0,1.1,0,none,0,none
U004,2024-09-08 09:30:00,91.7,1,0.0,1.01,0,none,0,none
U004,2024-09-08 09:40:00,90.6,1,0.0,0.84,0,none,0,none
U004,2024-09-08 09:50:00,89.8,1,0.0,1.1,0,none,0,none
U004,2024-09-08 09:55:00,89.7,1,0.0,0.95,0,none,0,none
U004,2024-09-08 10:00:00,89.2,1,0.0,0.81,0,none,0,none
U004,2024-09-08 10:10:00,89.8,1,0.0,0.82,0,none,0,none
U004,2024-09-08 10:20:00,89.8,1,0.0,0.94,0,none,0,none
U004,2024-09-08 10:30:00,89.5,1,0.0,0.93,0,none,0,none
U004,2024-09-08 10:35:00,88.7,1,0.0,0.97,0,none,0,none
U004,2024-09-08 10:40:00,88.1,1,0.0,1.1,0,none,0,none
U004,2024-09-08 10:45:00,88.3,1,0.0,1.09,0,none,0,none
U004,2024-09-08 11:05:00,87.6,1,0.0,1.13,0,none,0,none
U004,2024-09-08 11:10:00,88.2,1,0.0,1.16,0,none,0,none
U004,2024-09-08 11:15:00,89.3,1,0.0,0.9,0,none,0,none
U004,2024-09-08 11:20:00,88.8,1,0.0,1.19,0,none,0,none
U004,2024-09-08 11:25:00,89.5,1,0.0,0.88,0,none,0,none
U004,2024-09-08 11:40:00,90.9,1,0.0,1.15,0,none,0,none
U004,2024-09-08 11:45:00,90.2,1,0.0,1.09,0,none,0,none
U004,2024-09-08 11:50:00,90.5,1,7.5,0.83,75,lunch,0,none
U004,2024-09-08 12:05:00,91.4,1,0.0,1.15,0,none,0,none
U004,2024-09-08 12:10:00,91.7,1,0.0,0.88,0,none,0,none
U004,2024-09-08 12:20:00,91.8,1,0.0,0.9,0,none,0,none
U004,2024-09-08 12:35:00,91.6,1,0.0,1.08,0,none,0,none
U004,2024-09-08 12:40:00,91.6,1,6.3,0.82,60,breakfast,0,none
U004,2024-09-08 12:45:00,91.6,1,0.0,1.0,0,none,0,none
U004,2024-09-08 12:50:00,92.2,1,0.0,1.02,0,none,0,none
U004,2024-09-08 13:00:00,92.7,1,0.0,1.13,0,none,0,none
U004,2024-09-08 13:05:00,92.5,1,0.0,1.05,0,none,0,none
U004,2024-09-08 13:10:00,91.8,1,0.0,1.06,0,none,0,none
U004,2024-09-08 13:20:00,90.2,1,0.0,1.03,0,none,2931,high
U004,2024-09-08 13:30:00,90.9,1,0.0,1.08,0,none,0,none
U004,2024-09-08 13:35:00,90.5,1,0.0,0.9,0,none,0,none
U004,2024-09-08 13:40:00,89.3,1,0.0,1.02,0,none,2846,high
U004,2024-09-08 13:50:00,90.0,1,0.0,0.9,0,none,0,none
U004,2024-09-08 13:55:00,90.2,1,0.0,1.05,0,none,0,none
U004,2024-09-08 14:05:00,90.2,1,0.0,1.18,0,none,0,none
U004,2024-09-08 14:10:00,90.0,1,0.0,1.14,0,none,0,none
U004,2024-09-08 14:30:00,89.8,1,0.0,1.01,0,none,0,none
U004,2024-09-08 14:45:00,88.8,1,0.0,1.12,0,none,0,none
U004,2024-09-08 14:50:00,88.3,1,0.0,1.01,0,none,0,none
U004,2024-09-08 15:15:00,87.5,1,0.0,0.95,0,none,0,none
U004,2024-09-08 15:20:00,87.4,1,0.0,0.93,30,lunch,0,none
U004,2024-09-08 15:25:00,88.2,1,0.0,0.83,0,none,0,none
U004,2024-09-08 15:35:00,87.8,1,0.0,0.92,0,none,0,none
U004,2024-09-08 15:40:00,87.5,1,0.0,1.03,0,none,0,none
U004,2024-09-08 15:45:00,87.9,1,0.0,1.07,0,none,0,none
U004,2024-09-08 15:50:00,89.0,1,0.0,0.87,0,none,0,none
U004,2024-09-08 15:55:00,89.5,1,0.0,1.14,0,none,0,none
U004,2024-09-08 16:05:00,89.4,1,0.0,1.12,0,none,0,none
U004,2024-09-08 16:10:00,89.4,1,0.0,1.02,0,none,0,none
U004,2024-09-08 16:20:00,88.8,1,0.0,1.05,0,none,0,none
U004,2024-09-08 16:25:00,88.3,1,0.0,1.14,0,none,0,none
U004,2024-09-08 16:35:00,88.0,1,0.0,0.85,0,none,0,none
U004,2024-09-08 16:40:00,88.2,1,0.0,0.91,0,none,0,none
U004,2024-09-08 16:45:00,87.7,1,0.0,0.83,0,none,0,none
U004,2024-09-08 16:55:00,87.7,1,0.0,0.92,0,none,0,none
U004,2024-09-08 17:00:00,87.3,1,0.0,1.18,0,none,0,none
U004,2024-09-08 17:15:00,87.3,1,0.0,0.94,0,none,0,none
U004,2024-09-08 17:30:00,85.4,1,0.0,0.87,0,none,3738,high
U004,2024-09-08 17:35:00,85.6,1,0.0,0.9,0,none,0,none
U004,2024-09-08 17:45:00,83.8,1,0.0,0.9,0,none,0,none
U004,2024-09-08 18:05:00,83.2,1,0.0,0.96,0,none,1200,medium
U004,2024-09-08 18:10:00,83.0,1,0.0,0.82,0,none,0,none
U004,2024-09-08 18:20:00,83.6,1,0.0,1.04,0,none,0,none
U004,2024-09-08 18:35:00,81.8,1,0.0,1.05,0,none,0,none
U004,2024-09-08 18:45:00,81.6,1,0.0,1.17,0,none,0,none
U004,2024-09-08 18:50:00,81.6,1,0.0,1.12,0,none,0,none
U004,2024-09-08 18:55:00,81.1,1,0.0,1.16,0,none,0,none
U004,2024-09-08 19:00:00,80.6,1,0.0,0.81,0,none,0,none
U004,2024-09-08 19:15:00,79.1,1,0.0,1.0,0,none,3773,low
U004,2024-09-08 19:35:00,78.9,1,0.0,1.19,45,snack,0,none
U004,2024-09-08 19:50:00,80.2,1,0.0,0.97,0,none,0,none
U004,2024-09-08 20:00:00,80.4,1,0.0,0.98,0,none,0,none
U004,2024-09-08 20:05:00,79.2,1,0.0,1.07,0,none,3654,high
U004,2024-09-08 20:10:00,79.7,1,0.0,1.04,0,none,0,none
U004,2024-09-08 20:15:00,79.8,1,0.0,0.84,0,none,0,none
U004,2024-09-08 20:30:00,79.0,1,0.0,0.95,0,none,0,none
U004,2024-09-08 20:35:00,78.5,1,0.0,0.85,0,none,0,none
U004,2024-09-08 20:40:00,79.0,1,0.0,1.02,0,none,0,none
U004,2024-09-08 20:50:00,80.4,1,0.0,0.93,0,none,0,none
U004,2024-09-08 20:55:00,80.2,1,0.0,1.12,0,none,0,none
U004,2024-09-08 21:00:00,81.0,1,0.0,1.0,0,none,0,none
U004,2024-09-08 21:10:00,81.3,1,0.0,0.83,0,none,0,none
U004,2024-09-08 21:15:00,81.2,1,0.0,1.17,0,none,0,none
U004,2024-09-08 21:25:00,80.9,1,0.0,1.08,0,none,0,none
U004,2024-09-08 21:35:00,80.3,1,0.0,0.82,0,none,0,none
U004,2024-09-08 21:40:00,79.7,1,0.0,0.97,0,none,0,none
U004,2024-09-08 21:50:00,80.5,1,0.0,0.83,0,none,0,none
U004,2024-09-08 21:55:00,80.5,1,0.0,1.2,0,none,0,none
U004,2024-09-08 22:00:00,80.5,1,0.0,0.91,0,none,0,none
U004,2024-09-08 22:10:00,80.1,1,0.0,1.14,0,none,0,none
U004,2024-09-08 22:25:00,80.1,1,0.0,0.98,0,none,0,none
U004,2024-09-08 22:30:00,80.5,1,0.0,1.04,0,none,0,none
U004,2024-09-08 22:40:00,79.8,1,0.0,0.85,0,none,0,none
U004,2024-09-08 22:45:00,79.4,1,0.0,1.12,0,none,0,none
U004,2024-09-08 22:50:00,79.5,1,0.0,0.87,0,none,0,none
U004,2024-09-08 22:55:00,80.1,1,0.0,1.11,0,none,0,none
U004,2024-09-08 23:00:00,80.5,1,0.0,1.18,0,none,0,none
U004,2024-09-08 23:05:00,80.6,1,0.0,1.0,0,none,0,none
U004,2024-09-08 23:10:00,80.8,1,0.0,0.88,0,none,0,none
U004,2024-09-08 23:25:00,81.7,1,0.0,0.83,0,none,0,none
U004,2024-09-08 23:30:00,81.8,1,0.0,1.0,0,none,0,none
U004,2024-09-08 23:35:00,81.6,0,0.0,1.01,0,none,0,none
U004,2024-09-08 23:40:00,81.4,1,0.0,1.07,0,none,0,none
U004,2024-09-08 23:50:00,81.1,1,0.0,0.85,0,none,0,none
U004,2024-09-08 23:55:00,81.8,1,0.0,0.86,0,none,0,none
U004,2024-09-09 00:00:00,81.9,1,0.0,1.19,0,none,0,none
U004,2024-09-09 00:10:00,81.9,1,0.0,0.9,0,none,0,none
U004,2024-09-09 00:15:00,81.6,1,0.0,0.89,0,none,0,none
U004,2024-09-09 00:20:00,81.9,1,0.0,1.07,0,none,0,none
U004,2024-09-09 00:30:00,82.9,1,0.0,0.98,0,none,0,none
U004,2024-09-09 00:35:00,82.2,1,0.0,1.18,0,none,0,none
U004,2024-09-09 00:40:00,81.7,1,0.0,0.84,0,none,0,none
U004,2024-09-09 00:45:00,81.8,1,0.0,1.08,0,none,0,none
U004,2024-09-09 00:50:00,81.9,1,0.0,0.88,0,none,0,none
U004,2024-09-09 00:55:00,82.3,1,0.0,1.07,0,none,0,none
U004,2024-09-09 01:00:00,82.4,1,0.0,0.83,0,none,0,none
U004,2024-09-09 01:05:00,82.7,1,0.0,1.19,0,none,0,none
U004,2024-09-09 01:10:00,83.1,1,7.8,0.99,75,dinner,0,none
U004,2024-09-09 01:15:00,82.9,1,0.0,1.19,0,none,0,none
U004,2024-09-09 01:20:00,82.5,1,0.0,1.18,0,none,0,none
U004,2024-09-09 01:30:00,82.7,1,0.0,0.85,0,none,0,none
U004,2024-09-09 01:35:00,83.2,1,0.0,0.96,0,none,0,none
U004,2024-09-09 01:40:00,83.2,1,0.0,1.19,0,none,0,none
U004,2024-09-09 01:45:00,82.5,1,0.0,1.17,0,none,0,none
U004,2024-09-09 01:50:00,81.6,1,0.0,1.14,0,none,0,none
U004,2024-09-09 02:05:00,79.6,1,0.0,1.19,0,none,0,none
U004,2024-09-09 02:10:00,79.9,1,0.0,0.99,0,none,0,none
U004,2024-09-09 02:20:00,79.9,1,0.0,1.04,0,none,0,none
U004,2024-09-09 02:25:00,79.8,1,0.0,0.91,0,none,0,none
U004,2024-09-09 02:35:00,79.6,1,0.0,0.86,0,none,0,none
U004,2024-09-09 02:45:00,79.8,1,0.0,0.95,0,none,0,none
U004,2024-09-09 02:50:00,79.0,1,0.0,1.09,0,none,0,none
U004,2024-09-09 03:00:00,79.1,1,0.0,1.2,0,none,0,none
U004,2024-09-09 03:10:00,79.2,1,0.0,0.89,0,none,0,none
U004,2024-09-09 03:15:00,79.2,1,0.0,0.89,0,none,0,none
U004,2024-09-09 03:20:00,78.9,1,0.0,1.05,0,none,0,none
U004,2024-09-09 03:50:00,78.7,1,0.0,1.16,0,none,0,none
U004,2024-09-09 04:00:00,77.8,1,9.2,1.04,90,lunch,0,none
U004,2024-09-09 04:05:00,77.8,1,0.0,0.81,0,none,0,none
U004,2024-09-09 04:15:00,78.1,1,0.0,0.94,0,none,0,none
U004,2024-09-09 04:20:00,78.6,1,0.0,1.02,0,none,0,none
U004,2024-09-09 04:25:00,78.7,1,0.0,1.18,0,none,0,none
U004,2024-09-09 04:35:00,79.6,1,8.3,0.98,75,breakfast,0,none
U004,2024-09-09 04:45:00,79.9,1,0.0,1.14,0,none,0,none
U004,2024-09-09 05:00:00,78.7,1,0.0,1.18,0,none,0,none
U004,2024-09-09 05:05:00,78.6,1,0.0,1.17,0,none,0,none
U004,2024-09-09 05:10:00,79.1,1,0.0,1.19,0,none,0,none
U004,2024-09-09 05:20:00,80.7,0,0.0,1.03,0,none,0,none
U004,2024-09-09 05:30:00,81.8,1,0.0,0.89,0,none,0,none
U004,2024-09-09 05:35:00,82.2,1,0.0,1.12,0,none,0,none
U004,2024-09-09 05:40:00,82.2,1,0.0,0.8,0,none,0,none
U004,2024-09-09 05:45:00,81.5,1,0.0,1.09,0,none,0,none
U004,2024-09-09 05:55:00,81.5,1,0.0,0.99,0,none,0,none
U004,2024-09-09 06:15:00,80.8,1,0.0,1.04,0,none,0,none
U004,2024-09-09 06:20:00,80.4,1,0.0,0.95,0,none,0,none
U004,2024-09-09 06:30:00,79.2,1,0.0,1.0,0,none,0,none
U004,2024-09-09 06:45:00,80.0,1,0.0,0.85,0,none,0,none
U004,2024-09-09 06:50:00,78.5,1,0.0,1.05,0,none,897,high
U004,2024-09-09 07:00:00,78.5,1,0.0,1.16,0,none,0,none
U004,2024-09-09 07:05:00,78.3,1,0.0,1.03,0,none,0,none
U004,2024-09-09 07:15:00,78.4,1,0.0,1.01,0,none,0,none
U004,2024-09-09 07:30:00,78.6,1,0.0,0.99,0,none,0,none
U004,2024-09-09 07:35:00,78.5,1,0.0,1.12,0,none,0,none
U004,2024-09-09 07:40:00,78.5,1,0.0,1.06,0,none,0,none
U004,2024-09-09 07:50:00,79.1,1,0.0,0.96,0,none,0,none
U004,2024-09-09 07:55:00,78.9,1,3.0,0.89,30,snack,0,none
U004,2024-09-09 08:00:00,77.8,1,0.0,0.97,0,none,0,none
U004,2024-09-09 08:05:00,78.3,1,0.0,0.99,0,none,0,none
U004,2024-09-09 08:10:00,78.4,0,0.0,1.07,0,none,0,none
U004,2024-09-09 08:15:00,78.4,1,0.0,0.93,0,none,0,none
U004,2024-09-09 08:30:00,77.9,1,0.0,1.12,0,none,0,none
U004,2024-09-09 08:35:00,78.3,1,0.0,1.03,0,none,0,none
U004,2024-09-09 08:40:00,78.1,1,0.0,0.86,0,none,0,none
U004,2024-09-09 08:45:00,77.4,1,0.0,0.94,0,none,0,none
U004,2024-09-09 08:50:00,77.2,1,0.0,0.89,0,none,0,none
U004,2024-09-09 08:55:00,77.2,1,0.0,1.07,0,none,0,none
U004,2024-09-09 09:05:00,77.4,1,0.0,1.19,0,none,0,none
U004,2024-09-09 09:10:00,77.2,1,9.0,1.07,90,dinner,0,none
U004,2024-09-09 09:15:00,76.0,1,0.0,1.02,0,none,0,none
U004,2024-09-09 09:30:00,76.7,1,0.0,1.17,0,none,0,none
U004,2024-09-09 09:35:00,76.4,1,0.0,0.94,0,none,0,none
U004,2024-09-09 09:45:00,75.5,1,0.0,0.88,0,none,0,none
U004,2024-09-09 10:05:00,75.2,1,0.0,1.1,0,none,0,none
U004,2024-09-09 10:15:00,76.5,1,0.0,0.94,0,none,0,none
U004,2024-09-09 10:25:00,77.0,1,0.0,0.88,0,none,0,none
U004,2024-09-09 10:30:00,77.3,1,0.0,1.14,0,none,0,none
U004,2024-09-09 10:45:00,75.5,1,0.0,1.0,0,none,0,none
U004,2024-09-09 10:50:00,75.8,1,0.0,0.81,0,none,0,none
U004,2024-09-09 10:55:00,76.0,1,0.0,1.07,0,none,0,none
U004,2024-09-09 11:00:00,75.5,1,0.0,1.13,0,none,0,none
U004,2024-09-09 11:05:00,75.0,1,0.0,1.07,60,lunch,0,none
U004,2024-09-09 11:10:00,75.5,1,0.0,0.81,0,none,0,none
U004,2024-09-09 11:15:00,75.5,1,0.0,0.99,0,none,0,none
U004,2024-09-09 11:20:00,75.7,1,0.0,1.11,0,none,0,none
U004,2024-09-09 11:35:00,75.5,1,0.0,0.88,0,none,0,none
U004,2024-09-09 11:40:00,76.3,1,0.0,1.04,0,none,0,none
U004,2024-09-09 11:55:00,77.2,1,0.0,0.96,0,none,0,none
U004,2024-09-09 12:05:00,77.3,1,0.0,0.89,0,none,0,none
U004,2024-09-09 12:10:00,76.4,1,0.0,1.08,0,none,0,none
U004,2024-09-09 12:15:00,75.8,1,0.0,0.85,0,none,0,none
U004,2024-09-09 12:25:00,75.1,1,0.0,1.03,0,none,0,none
U004,2024-09-09 12:40:00,75.0,1,0.0,0.87,0,none,0,none
U004,2024-09-09 13:05:00,74.6,1,0.0,0.86,0,none,0,none
U004,2024-09-09 13:15:00,74.7,1,0.0,1.16,0,none,0,none
U004,2024-09-09 13:25:00,73.9,1,0.0,0.91,0,none,2106,low
U004,2024-09-09 13:30:00,73.9,1,0.0,1.15,0,none,0,none
U004,2024-09-09 13:35:00,74.6,1,0.0,1.05,0,none,0,none
U004,2024-09-09 13:50:00,74.9,1,0.0,0.95,0,none,0,none
U004,2024-09-09 13:55:00,74.5,1,0.0,1.13,0,none,0,none
U004,2024-09-09 14:00:00,75.2,1,0.0,0.95,0,none,0,none
U004,2024-09-09 14:05:00,74.6,1,0.0,0.95,0,none,0,none
U004,2024-09-09 14:10:00,75.3,1,0.0,0.94,0,none,0,none
U004,2024-09-09 14:15:00,76.0,1,0.0,0.95,0,none,0,none
U004,2024-09-09 14:35:00,75.1,1,0.0,1.01,0,none,0,none
U004,2024-09-09 14:40:00,74.6,1,0.0,1.01,0,none,0,none
U004,2024-09-09 14:50:00,74.5,1,0.0,1.1,0,none,0,none
U004,2024-09-09 14:55:00,75.2,1,0.0,1.11,0,none,0,none
U004,2024-09-09 15:00:00,75.5,1,0.0,0.81,0,none,0,none
U004,2024-09-09 15:05:00,76.2,1,0.0,1.04,0,none,0,none
U004,2024-09-09 15:10:00,76.4,1,0.0,0.9,0,none,0,none
U004,2024-09-09 15:15:00,76.0,1,0.0,1.18,0,none,0,none
U004,2024-09-09 15:25:00,77.1,1,0.0,1.08,0,none,0,none
U004,2024-09-09 15:35:00,77.1,1,0.0,0.84,0,none,0,none
U004,2024-09-09 15:45:00,76.9,1,0.0,1.01,0,none,0,none
U004,2024-09-09 16:00:00,75.3,1,0.0,0.93,0,none,0,none
U004,2024-09-09 16:05:00,75.8,1,0.0,0.91,0,none,0,none
U004,2024-09-09 16:10:00,75.9,1,0.0,1.19,0,none,0,none
U004,2024-09-09 16:20:00,75.4,1,0.0,1.19,0,none,0,none
U004,2024-09-09 16:30:00,75.8,1,0.0,0.88,0,none,0,none
U004,2024-09-09 16:40:00,75.8,1,0.0,0.85,0,none,0,none
U004,2024-09-09 16:45:00,76.5,1,0.0,1.08,0,none,0,none
U004,2024-09-09 16:55:00,76.8,1,0.0,1.01,0,none,0,none
U004,2024-09-09 17:00:00,76.4,1,0.0,0.95,0,none,0,none
U004,2024-09-09 17:05:00,75.5,1,0.0,1.14,0,none,0,none
U004,2024-09-09 17:10:00,75.3,1,0.0,0.88,0,none,0,none
U004,2024-09-09 17:20:00,75.1,1,0.0,0.88,0,none,0,none
U004,2024-09-09 17:40:00,76.5,1,0.0,0.87,0,none,0,none
U004,2024-09-09 17:45:00,75.8,1,0.0,0.87,0,none,0,none
U004,2024-09-09 18:00:00,76.5,1,0.0,1.17,0,none,0,none
U004,2024-09-09 18:05:00,76.3,1,0.0,1.01,0,none,0,none
U004,2024-09-09 18:10:00,76.8,1,0.0,1.16,0,none,0,none
U004,2024-09-09 18:15:00,76.8,1,0.0,0.99,0,none,0,none
U004,2024-09-09 18:20:00,76.2,1,0.0,1.16,0,none,0,none
U004,2024-09-09 18:25:00,76.8,1,0.0,1.06,0,none,0,none
U004,2024-09-09 18:35:00,77.8,1,0.0,1.16,0,none,0,none
U004,2024-09-09 18:40:00,78.1,1,0.0,0.92,0,none,0,none
U004,2024-09-09 18:50:00,78.3,1,0.0,1.04,0,none,0,none
U004,2024-09-09 18:55:00,78.5,1,0.0,0.87,0,none,0,none
U004,2024-09-09 19:05:00,78.5,1,0.0,0.93,0,none,0,none
U004,2024-09-09 19:15:00,79.7,1,0.0,0.97,0,none,0,none
U004,2024-09-09 19:25:00,78.8,1,0.0,1.18,0,none,0,none
U004,2024-09-09 19:30:00,79.0,1,0.0,1.06,0,none,0,none
U004,2024-09-09 19:40:00,78.8,1,0.0,0.85,0,none,0,none
U004,2024-09-09 19:45:00,79.4,1,0.0,0.82,0,none,0,none
U004,2024-09-09 19:50:00,79.2,1,0.0,0.87,0,none,0,none
U004,2024-09-09 19:55:00,78.9,1,0.0,0.96,0,none,0,none
U004,2024-09-09 20:00:00,78.2,1,0.0,0.91,0,none,0,none
U004,2024-09-09 20:10:00,77.2,1,0.0,0.87,0,none,0,none
U004,2024-09-09 20:15:00,76.8,1,0.0,0.84,0,none,0,none
U004,2024-09-09 20:25:00,76.6,0,0.0,1.13,0,none,0,none
U004,2024-09-09 20:30:00,76.1,1,0.0,0.94,0,none,0,none
U004,2024-09-09 20:45:00,76.7,1,0.0,1.19,0,none,0,none
U004,2024-09-09 20:55:00,76.0,1,0.0,0.88,0,none,0,none
U004,2024-09-09 21:00:00,76.2,1,0.0,0.91,0,none,0,none
U004,2024-09-09 21:05:00,76.1,1,0.0,0.96,0,none,0,none
U004,2024-09-09 21:10:00,75.9,1,0.0,0.86,0,none,0,none
U004,2024-09-09 21:20:00,75.5,1,0.0,0.99,0,none,0,none
U004,2024-09-09 21:25:00,75.2,1,0.0,1.05,0,none,0,none
U004,2024-09-09 21:30:00,75.5,1,0.0,0.86,0,none,0,none
U004,2024-09-09 21:35:00,74.9,1,0.0,1.11,0,none,0,none
U004,2024-09-09 21:50:00,74.0,1,0.0,1.1,0,none,0,none
U004,2024-09-09 21:55:00,73.7,1,0.0,0.94,0,none,0,none
U004,2024-09-09 22:00:00,73.9,1,0.0,0.87,0,none,0,none
U004,2024-09-09 22:10:00,73.2,1,0.0,0.82,0,none,0,none
U004,2024-09-09 22:15:00,73.6,1,0.0,0.96,0,none,0,none
U005,2024-09-01 00:10:00,100.5,1,0.0,0.98,0,none,0,none
U005,2024-09-01 00:20:00,101.2,1,0.0,0.96,0,none,0,none
U005,2024-09-01 00:25:00,100.0,1,0.0,0.84,0,none,3067,medium
U005,2024-09-01 00:35:00,99.6,1,0.0,1.17,0,none,0,none
U005,2024-09-01 00:40:00,100.1,1,4.9,0.89,45,breakfast,0,none
U005,2024-09-01 00:45:00,99.3,1,0.0,1.17,0,none,0,none
U005,2024-09-01 00:50:00,100.1,1,0.0,1.17,0,none,0,none
U005,2024-09-01 01:05:00,99.5,1,0.0,1.09,0,none,0,none
U005,2024-09-01 01:15:00,97.2,1,0.0,1.06,0,none,0,none
U005,2024-09-01 01:25:00,95.7,1,0.0,1.17,0,none,0,none
U005,2024-09-01 01:35:00,93.1,1,0.0,1.11,0,none,0,none
U005,2024-09-01 01:40:00,91.4,1,0.0,1.16,0,none,0,none
U005,2024-09-01 01:55:00,89.5,1,0.0,1.15,0,none,0,none
U005,2024-09-01 02:00:00,88.9,1,0.0,0.86,0,none,0,none
U005,2024-09-01 02:05:00,88.1,1,0.0,0.82,0,none,0,none
U005,2024-09-01 02:10:00,86.0,1,7.7,0.95,75,lunch,0,none
U005,2024-09-01 02:15:00,85.2,1,0.0,0.87,0,none,0,none
U005,2024-09-01 02:25:00,83.5,1,0.0,1.12,0,none,0,none
U005,2024-09-01 02:30:00,83.5,1,0.0,1.05,0,none,0,none
U005,2024-09-01 02:35:00,83.0,1,0.0,0.82,0,none,0,none
U005,2024-09-01 02:40:00,82.7,1,0.0,1.09,0,none,0,none
U005,2024-09-01 02:45:00,81.5,1,0.0,1.05,0,none,0,none
U005,2024-09-01 02:55:00,81.1,1,0.0,0.81,0,none,0,none
U005,2024-09-01 03:00:00,80.7,1,0.0,1.02,0,none,0,none
U005,2024-09-01 03:05:00,81.6,1,0.0,1.14,0,none,0,none
U005,2024-09-01 03:10:00,81.1,1,0.0,1.12,0,none,0,none
U005,2024-09-01 03:15:00,80.6,1,0.0,1.12,0,none,0,none
U005,2024-09-01 03:25:00,80.3,1,0.0,0.85,0,none,0,none
U005,2024-09-01 03:30:00,80.2,1,0.0,1.19,0,none,0,none
U005,2024-09-01 03:40:00,80.3,1,9.5,1.11,90,snack,0,none
U005,2024-09-01 03:45:00,80.5,1,0.0,1.2,0,none,0,none
U005,2024-09-01 03:55:00,80.5,1,0.0,0.83,0,none,0,none
U005,2024-09-01 04:05:00,80.2,1,0.0,0.86,0,none,0,none
U005,2024-09-01 04:10:00,80.1,1,0.0,1.01,0,none,0,none
U005,2024-09-01 04:30:00,81.7,1,0.0,1.05,0,none,0,none
U005,2024-09-01 04:35:00,81.4,1,0.0,0.83,0,none,0,none
U005,2024-09-01 04:45:00,82.7,1,0.0,1.02,0,none,0,none
U005,2024-09-01 04:55:00,82.1,1,0.0,1.08,0,none,0,none
U005,2024-09-01 05:00:00,83.0,1,0.0,0.84,0,none,0,none
U005,2024-09-01 05:05:00,83.0,1,0.0,1.1,0,none,0,none
U005,2024-09-01 05:10:00,83.3,1,0.0,1.03,0,none,0,none
U005,2024-09-01 05:20:00,82.8,1,0.0,1.13,0,none,0,none
U005,2024-09-01 05:35:00,81.8,1,0.0,1.19,0,none,0,none
U005,2024-09-01 05:40:00,82.2,1,0.0,0.88,0,none,0,none
U005,2024-09-01 05:50:00,82.1,1,0.0,1.1,0,none,0,none
U005,2024-09-01 05:55:00,81.9,1,0.0,1.19,0,none,0,none
U005,2024-09-01 06:05:00,82.7,1,10.8,1.1,90,dinner,0,none
U005,2024-09-01 06:10:00,83.5,1,0.0,1.16,0,none,0,none
U005,2024-09-01 06:20:00,82.6,1,0.0,0.92,0,none,0,none
U005,2024-09-01 06:25:00,83.3,1,0.0,0.81,0,none,0,none
U005,2024-09-01 06:30:00,83.5,1,0.0,0.99,0,none,0,none
U005,2024-09-01 06:35:00,83.1,1,3.1,1.03,30,snack,0,none
U005,2024-09-01 06:40:00,83.7,1,0.0,1.07,0,none,0,none
U005,2024-09-01 06:45:00,83.9,1,0.0,0.99,0,none,0,none
U005,2024-09-01 06:55:00,83.0,1,0.0,0.86,0,none,0,none
U005,2024-09-01 07:00:00,83.1,1,0.0,1.14,0,none,0,none
U005,2024-09-01 07:10:00,82.4,1,0.0,0.88,0,none,0,none
U005,2024-09-01 07:15:00,83.3,1,0.0,1.07,0,none,0,none
U005,2024-09-01 07:25:00,83.7,1,0.0,1.11,0,none,0,none
U005,2024-09-01 07:40:00,83.4,1,0.0,1.13,0,none,0,none
U005,2024-09-01 07:45:00,83.3,1,0.0,0.94,0,none,0,none
U005,2024-09-01 07:55:00,83.6,1,0.0,0.88,0,none,0,none
U005,2024-09-01 08:00:00,83.4,1,0.0,0.8,0,none,0,none
U005,2024-09-01 08:05:00,83.6,1,0.0,0.94,0,none,0,none
U005,2024-09-01 08:20:00,83.2,1,0.0,1.16,0,none,0,none
U005,2024-09-01 08:25:00,83.5,1,0.0,0.83,0,none,0,none
U005,2024-09-01 08:45:00,83.2,1,0.0,0.83,0,none,0,none
U005,2024-09-01 08:50:00,82.2,1,0.0,0.88,0,none,0,none
U005,2024-09-01 08:55:00,82.2,1,0.0,1.01,0,none,0,none
U005,2024-09-01 09:10:00,82.6,1,0.0,0.86,0,none,0,none
U005,2024-09-01 09:20:00,83.3,1,0.0,1.06,0,none,0,none
U005,2024-09-01 09:25:00,83.6,1,0.0,1.13,0,none,0,none
U005,2024-09-01 09:30:00,83.3,1,0.0,0.98,0,none,0,none
U005,2024-09-01 09:35:00,83.4,1,0.0,1.13,0,none,0,none
U005,2024-09-01 09:40:00,82.6,1,0.0,0.94,0,none,0,none
U005,2024-09-01 09:55:00,82.4,1,0.0,0.85,0,none,0,none
U005,2024-09-01 10:05:00,82.2,1,0.0,0.86,0,none,0,none
U005,2024-09-01 10:10:00,82.5,1,0.0,0.88,0,none,0,none
U005,2024-09-01 10:30:00,82.9,1,0.0,1.11,0,none,0,none
U005,2024-09-01 10:35:00,83.1,1,0.0,0.92,0,none,0,none
U005,2024-09-01 10:45:00,82.5,1,0.0,0.95,0,none,0,none
U005,2024-09-01 10:50:00,82.2,1,0.0,1.12,0,none,0,none
U005,2024-09-01 10:55:00,81.8,1,0.0,1.02,0,none,0,none
U005,2024-09-01 11:00:00,81.9,1,2.4,0.98,30,snack,0,none
U005,2024-09-01 11:05:00,82.2,1,9.8,0.99,90,breakfast,0,none
U005,2024-09-01 11:15:00,82.0,1,0.0,1.01,0,none,0,none
U005,2024-09-01 11:20:00,82.0,1,0.0,0.9,0,none,0,none
U005,2024-09-01 11:25:00,82.7,1,0.0,1.0,0,none,0,none
U005,2024-09-01 11:30:00,82.4,1,0.0,0.98,0,none,0,none
U005,2024-09-01 11:35:00,83.8,1,0.0,0.97,0,none,0,none
U005,2024-09-01 11:40:00,84.1,1,0.0,1.0,0,none,0,none
U005,2024-09-01 11:50:00,84.9,1,0.0,1.05,0,none,0,none
U005,2024-09-01 12:00:00,84.7,1,0.0,1.08,0,none,0,none
U005,2024-09-01 12:10:00,84.8,1,0.0,1.03,0,none,0,none
U005,2024-09-01 12:15:00,84.5,1,0.0,0.82,0,none,0,none
U005,2024-09-01 12:20:00,84.5,1,0.0,0.88,0,none,0,none
U005,2024-09-01 12:35:00,83.6,1,0.0,1.08,0,none,0,none
U005,2024-09-01 12:40:00,83.1,1,0.0,1.14,0,none,0,none
U005,2024-09-01 12:45:00,83.8,1,0.0,0.86,0,none,0,none
U005,2024-09-01 12:50:00,82.4,1,0.0,0.88,0,none,0,none
U005,2024-09-01 13:00:00,83.4,1,0.0,0.95,0,none,0,none
U005,2024-09-01 13:30:00,84.3,1,0.0,1.13,0,none,0,none
U005,2024-09-01 13:35:00,84.7,1,0.0,1.18,0,none,0,none
U005,2024-09-01 13:40:00,84.5,1,0.0,1.18,0,none,0,none
U005,2024-09-01 13:55:00,84.7,1,0.0,1.06,0,none,0,none
U005,2024-09-01 14:00:00,84.8,1,0.0,0.98,0,none,0,none
U005,2024-09-01 14:05:00,85.6,1,0.0,1.09,0,none,0,none
U005,2024-09-01 14:10:00,85.4,1,0.0,0.91,0,none,0,none
U005,2024-09-01 14:15:00,86.4,1,0.0,1.06,0,none,0,none
U005,2024-09-01 14:25:00,85.5,1,0.0,1.13,0,none,0,none
U005,2024-09-01 14:30:00,85.4,1,0.0,1.12,0,none,0,none
U005,2024-09-01 14:35:00,84.4,1,0.0,0.84,0,none,0,none
U005,2024-09-01 14:40:00,84.6,1,0.0,0.93,0,none,0,none
U005,2024-09-01 14:45:00,83.7,1,0.0,0.81,0,none,0,none
U005,2024-09-01 14:50:00,84.4,1,0.0,0.93,0,none,0,none
U005,2024-09-01 15:15:00,83.3,1,0.0,0.89,0,none,0,none
U005,2024-09-01 15:20:00,83.5,1,0.0,1.13,0,none,0,none
U005,2024-09-01 15:25:00,83.4,1,0.0,1.08,0,none,0,none
U005,2024-09-01 15:35:00,83.6,1,0.0,1.04,0,none,0,none
U005,2024-09-01 15:40:00,83.3,1,0.0,0.95,0,none,0,none
U005,2024-09-01 15:50:00,82.6,1,0.0,1.13,0,none,0,none
U005,2024-09-01 15:55:00,82.6,1,7.4,0.82,75,dinner,0,none
U005,2024-09-01 16:00:00,82.9,1,0.0,1.16,0,none,0,none
U005,2024-09-01 16:25:00,83.4,1,0.0,1.17,0,none,0,none
U005,2024-09-01 16:35:00,83.7,1,0.0,0.98,0,none,0,none
U005,2024-09-01 16:45:00,83.9,1,0.0,1.09,0,none,0,none
U005,2024-09-01 16:50:00,84.8,1,0.0,1.13,0,none,0,none
U005,2024-09-01 16:55:00,85.5,1,0.0,0.86,0,none,0,none
U005,2024-09-01 17:05:00,85.6,1,0.0,1.01,0,none,0,none
U005,2024-09-01 17:10:00,85.9,1,3.3,0.87,30,snack,0,none
U005,2024-09-01 17:15:00,85.2,1,0.0,0.96,0,none,0,none
U005,2024-09-01 17:20:00,85.9,1,5.8,1.09,45,breakfast,0,none
U005,2024-09-01 17:25:00,85.4,1,7.1,0.94,60,dinner,0,none
U005,2024-09-01 17:30:00,85.4,1,0.0,1.08,0,none,0,none
U005,2024-09-01 17:40:00,85.7,1,0.0,1.12,0,none,0,none
U005,2024-09-01 17:45:00,85.8,1,0.0,0.91,0,none,0,none
U005,2024-09-01 17:50:00,86.1,0,0.0,0.9,0,none,0,none
U005,2024-09-01 17:55:00,86.4,1,0.0,1.11,0,none,0,none
U005,2024-09-01 18:00:00,86.7,1,0.0,0.84,0,none,0,none
U005,2024-09-01 18:05:00,86.4,1,0.0,0.87,0,none,0,none
U005,2024-09-01 18:10:00,86.4,1,0.0,0.99,0,none,0,none
U005,2024-09-01 18:15:00,85.9,1,0.0,1.03,0,none,0,none
U005,2024-09-01 18:20:00,85.8,1,0.0,1.2,0,none,0,none
U005,2024-09-01 18:25:00,85.6,1,0.0,1.08,0,none,0,none
U005,2024-09-01 18:35:00,86.6,1,0.0,1.05,0,none,0,none
U005,2024-09-01 18:55:00,87.8,1,0.0,0.83,0,none,0,none
U005,2024-09-01 19:00:00,88.1,1,0.0,0.85,0,none,0,none
U005,2024-09-01 19:10:00,89.1,1,0.0,0.85,0,none,0,none
U005,2024-09-01 19:15:00,88.2,1,0.0,1.05,0,none,0,none
U005,2024-09-01 19:25:00,88.7,1,0.0,0.85,0,none,0,none
U005,2024-09-01 19:35:00,88.8,1,0.0,0.98,0,none,0,none
U005,2024-09-01 19:40:00,89.0,1,0.0,1.08,0,none,0,none
U005,2024-09-01 19:45:00,88.6,1,0.0,1.14,0,none,0,none
U005,2024-09-01 20:00:00,87.4,1,0.0,1.01,0,none,0,none
U005,2024-09-01 20:05:00,87.2,1,0.0,0.95,0,none,0,none
U005,2024-09-01 20:10:00,87.6,1,0.0,1.11,0,none,0,none
U005,2024-09-01 20:20:00,87.7,1,0.0,1.14,0,none,0,none
U005,2024-09-01 20:25:00,87.4,1,0.0,0.84,0,none,0,none
U005,2024-09-01 20:40:00,85.9,1,0.0,0.93,0,none,839,low
U005,2024-09-01 20:55:00,86.3,1,0.0,0.87,0,none,0,none
U005,2024-09-01 21:00:00,86.5,1,0.0,1.2,0,none,0,none
U005,2024-09-01 21:05:00,85.6,1,0.0,0.89,0,none,0,none
U005,2024-09-01 21:15:00,85.5,1,0.0,0.97,0,none,0,none
U005,2024-09-01 21:20:00,85.9,1,0.0,0.99,0,none,0,none
U005,2024-09-01 21:25:00,85.3,1,0.0,1.05,0,none,0,none
U005,2024-09-01 21:35:00,85.6,1,0.0,1.16,0,none,0,none
U005,2024-09-01 22:00:00,84.4,1,0.0,0.93,0,none,0,none
U005,2024-09-01 22:05:00,84.6,1,0.0,0.91,0,none,0,none
U005,2024-09-01 22:20:00,81.9,1,0.0,0.88,0,none,0,none
U005,2024-09-01 22:30:00,82.2,1,0.0,0.97,0,none,0,none
U005,2024-09-01 22:35:00,81.6,1,0.0,1.04,0,none,0,none
U005,2024-09-01 22:40:00,81.7,1,0.0,0.81,0,none,0,none
U005,2024-09-01 22:55:00,81.6,1,0.0,0.88,0,none,0,none
U005,2024-09-01 23:05:00,82.5,1,7.3,1.12,60,breakfast,0,none
U005,2024-09-01 23:15:00,83.1,1,0.0,0.88,0,none,0,none
U005,2024-09-01 23:20:00,83.7,1,0.0,1.03,0,none,0,none
U005,2024-09-01 23:30:00,84.0,1,0.0,0.92,0,none,0,none
U005,2024-09-01 23:35:00,83.8,1,0.0,0.85,0,none,0,none
U005,2024-09-01 23:45:00,82.5,1,0.0,0.94,0,none,0,none
U005,2024-09-01 23:55:00,82.5,1,0.0,0.87,0,none,0,none
U005,2024-09-02 00:00:00,82.7,1,0.0,0.96,0,none,0,none
U005,2024-09-02 00:05:00,82.4,1,0.0,0.81,0,none,0,none
U005,2024-09-02 00:20:00,82.1,1,0.0,1.2,0,none,0,none
U005,2024-09-02 00:30:00,82.8,1,0.0,1.07,0,none,0,none
U005,2024-09-02 00:50:00,83.7,1,0.0,0.99,0,none,0,none
U005,2024-09-02 01:10:00,83.7,1,0.0,0.92,0,none,0,none
U005,2024-09-02 01:20:00,82.4,1,0.0,1.01,0,none,0,none
U005,2024-09-02 01:25:00,82.6,1,0.0,0.87,0,none,0,none
U005,2024-09-02 01:30:00,82.6,1,0.0,0.93,0,none,0,none
U005,2024-09-02 01:35:00,82.8,1,0.0,1.18,0,none,0,none
U005,2024-09-02 01:40:00,83.4,1,0.0,1.04,0,none,0,none
U005,2024-09-02 02:00:00,81.9,1,0.0,1.08,0,none,0,none
U005,2024-09-02 02:05:00,81.9,1,0.0,0.94,0,none,0,none
U005,2024-09-02 02:10:00,82.1,1,0.0,0.86,0,none,0,none
U005,2024-09-02 02:15:00,82.5,1,0.0,0.87,0,none,0,none
U005,2024-09-02 02:20:00,82.3,1,0.0,1.14,0,none,0,none
U005,2024-09-02 02:25:00,83.3,1,0.0,1.17,0,none,0,none
U005,2024-09-02 02:30:00,84.0,1,9.2,1.02,75,snack,0,none
U005,2024-09-02 02:35:00,84.9,1,0.0,1.05,0,none,0,none
U005,2024-09-02 02:40:00,84.1,1,0.0,0.97,0,none,0,none
U005,2024-09-02 02:45:00,84.1,1,0.0,0.86,0,none,0,none
U005,2024-09-02 02:50:00,84.7,1,0.0,0.96,0,none,0,none
U005,2024-09-02 02:55:00,84.8,1,0.0,1.12,0,none,0,none
U005,2024-09-02 03:20:00,85.5,1,0.0,1.05,0,none,0,none
U005,2024-09-02 03:25:00,85.5,1,0.0,1.18,0,none,0,none
U005,2024-09-02 03:40:00,85.0,1,0.0,1.2,0,none,0,none
U005,2024-09-02 04:00:00,85.2,1,0.0,1.05,0,none,0,none
U005,2024-09-02 04:15:00,82.8,1,0.0,1.12,0,none,0,none
U005,2024-09-02 04:25:00,83.4,1,0.0,0.85,0,none,0,none
U005,2024-09-02 04:50:00,80.9,1,0.0,0.99,0,none,0,none
U005,2024-09-02 04:55:00,81.2,1,0.0,0.85,0,none,0,none
U005,2024-09-02 05:05:00,81.0,1,0.0,1.05,0,none,0,none
U005,2024-09-02 05:15:00,82.5,1,0.0,0.83,0,none,0,none
U005,2024-09-02 05:20:00,82.5,1,0.0,0.95,0,none,0,none
U005,2024-09-02 05:25:00,82.2,1,0.0,0.9,0,none,0,none
U005,2024-09-02 05:30:00,83.2,1,0.0,1.06,0,none,0,none
U005,2024-09-02 05:40:00,83.9,1,0.0,1.02,0,none,0,none
U005,2024-09-02 05:45:00,84.4,1,0.0,1.16,0,none,0,none
U005,2024-09-02 05:50:00,85.3,1,0.0,1.11,0,none,0,none
U005,2024-09-02 06:05:00,85.2,1,0.0,0.87,0,none,0,none
U005,2024-09-02 06:10:00,85.5,1,0.0,1.02,0,none,0,none
U005,2024-09-02 06:20:00,84.3,1,0.0,1.05,0,none,0,none
U005,2024-09-02 06:25:00,85.5,1,0.0,1.08,0,none,0,none
U005,2024-09-02 06:30:00,85.0,1,0.0,1.05,0,none,0,none
U005,2024-09-02 06:50:00,85.3,1,0.0,1.1,0,none,0,none
U005,2024-09-02 06:55:00,84.4,1,0.0,0.89,0,none,0,none
U005,2024-09-02 07:00:00,84.7,1,0.0,1.06,0,none,0,none
U005,2024-09-02 07:05:00,85.1,1,0.0,1.05,0,none,0,none
U005,2024-09-02 07:15:00,85.6,1,0.0,0.83,0,none,0,none
U005,2024-09-02 07:20:00,85.6,1,0.0,0.86,0,none,0,none
U005,2024-09-02 07:25:00,85.6,1,0.0,1.02,0,none,0,none
U005,2024-09-02 07:30:00,85.7,1,0.0,1.07,0,none,0,none
U005,2024-09-02 07:35:00,84.4,1,0.0,1.05,0,none,2245,low
U005,2024-09-02 07:45:00,84.7,1,0.0,1.08,0,none,0,none
U005,2024-09-02 07:55:00,85.8,1,0.0,0.82,0,none,0,none
U005,2024-09-02 08:00:00,85.9,1,0.0,1.03,0,none,0,none
U005,2024-09-02 08:10:00,85.4,1,0.0,1.19,0,none,0,none
U005,2024-09-02 08:15:00,85.6,1,0.0,0.85,0,none,0,none
U005,2024-09-02 08:40:00,84.9,1,0.0,1.12,0,none,0,none
U005,2024-09-02 08:55:00,84.5,1,0.0,0.99,0,none,0,none
U005,2024-09-02 09:00:00,84.9,1,0.0,0.87,0,none,0,none
U005,2024-09-02 09:05:00,85.9,1,0.0,0.81,0,none,0,none
U005,2024-09-02 09:10:00,86.3,1,0.0,0.95,0,none,0,none
U005,2024-09-02 09:40:00,88.4,1,0.0,1.11,0,none,0,none
U005,2024-09-02 09:45:00,89.1,1,0.0,0.85,0,none,0,none
U005,2024-09-02 10:00:00,89.5,1,0.0,1.06,0,none,0,none
U005,2024-09-02 10:25:00,89.8,1,0.0,0.91,0,none,0,none
U005,2024-09-02 10:40:00,91.0,1,0.0,0.98,0,none,0,none
U005,2024-09-02 10:45:00,90.6,1,0.0,1.13,0,none,0,none
U005,2024-09-02 10:50:00,90.3,1,0.0,1.1,0,none,0,none
U005,2024-09-02 10:55:00,89.6,1,0.0,0.89,0,none,0,none
U005,2024-09-02 11:00:00,90.4,1,0.0,1.1,0,none,0,none
U005,2024-09-02 11:10:00,92.2,1,0.0,0.88,0,none,0,none
U005,2024-09-02 11:15:00,92.5,1,0.0,0.97,0,none,0,none
U005,2024-09-02 11:30:00,92.1,1,0.0,1.17,0,none,0,none
U005,2024-09-02 11:35:00,91.6,1,0.0,0.87,0,none,0,none
U005,2024-09-02 11:45:00,92.5,1,0.0,1.12,0,none,0,none
U005,2024-09-02 11:50:00,92.1,1,0.0,0.93,0,none,0,none
U005,2024-09-02 11:55:00,92.9,1,0.0,1.15,0,none,0,none
U005,2024-09-02 12:10:00,92.2,1,0.0,1.15,0,none,0,none
U005,2024-09-02 12:15:00,92.2,1,0.0,1.02,0,none,0,none
U005,2024-09-02 12:30:00,93.5,1,0.0,0.93,0,none,0,none
U005,2024-09-02 12:45:00,91.9,1,0.0,0.85,0,none,0,none
U005,2024-09-02 12:50:00,91.8,1,0.0,0.92,0,none,0,none
U005,2024-09-02 12:55:00,92.0,1,0.0,0.93,0,none,0,none
U005,2024-09-02 13:15:00,90.3,1,0.0,0.89,0,none,0,none
U005,2024-09-02 13:25:00,90.9,1,0.0,1.08,0,none,0,none
U005,2024-09-02 13:30:00,91.7,1,0.0,0.83,0,none,0,none
U005,2024-09-02 13:35:00,92.2,1,0.0,0.97,0,none,0,none
U005,2024-09-02 13:50:00,92.0,1,0.0,0.81,0,none,0,none
U005,2024-09-02 13:55:00,90.9,1,0.0,1.2,0,none,0,none
U005,2024-09-02 14:20:00,89.7,1,0.0,0.81,0,none,0,none
U005,2024-09-02 14:25:00,90.0,1,0.0,0.81,0,none,0,none
U005,2024-09-02 14:35:00,90.4,1,0.0,1.13,0,none,0,none
U005,2024-09-02 15:00:00,92.6,1,0.0,0.89,0,none,0,none
U005,2024-09-02 15:05:00,91.9,1,0.0,1.16,0,none,0,none
U005,2024-09-02 15:20:00,92.1,1,0.0,0.9,0,none,0,none
U005,2024-09-02 15:25:00,91.5,1,0.0,1.01,0,none,0,none
U005,2024-09-02 15:35:00,92.8,1,0.0,0.89,0,none,0,none
U005,2024-09-02 15:40:00,93.3,1,0.0,1.13,0,none,0,none
U005,2024-09-02 15:45:00,92.4,1,0.0,1.0,0,none,0,none
U005,2024-09-02 16:00:00,93.5,1,10.0,1.08,90,snack,0,none
U005,2024-09-02 16:10:00,92.0,1,0.0,1.03,0,none,0,none
U005,2024-09-02 16:25:00,91.5,1,0.0,1.18,0,none,0,none
U005,2024-09-02 16:35:00,89.8,1,0.0,1.04,0,none,0,none
U005,2024-09-02 16:40:00,89.8,1,0.0,0.98,0,none,0,none
U005,2024-09-02 16:45:00,90.1,1,0.0,1.13,0,none,0,none
U005,2024-09-02 16:50:00,90.0,1,3.6,0.95,30,snack,0,none
U005,2024-09-02 16:55:00,90.4,1,0.0,0.99,0,none,0,none
U005,2024-09-02 17:00:00,90.1,1,0.0,0.92,0,none,0,none
U005,2024-09-02 17:10:00,89.0,1,0.0,1.18,0,none,0,none
U005,2024-09-02 17:20:00,89.0,1,0.0,1.07,0,none,0,none
U005,2024-09-02 17:30:00,88.2,1,0.0,1.12,0,none,0,none
U005,2024-09-02 17:35:00,88.8,1,0.0,1.07,0,none,0,none
U005,2024-09-02 17:40:00,89.1,1,0.0,1.2,0,none,0,none
U005,2024-09-02 17:55:00,87.5,1,0.0,0.84,0,none,0,none
U005,2024-09-02 18:00:00,88.4,1,0.0,1.08,0,none,0,none
U005,2024-09-02 18:10:00,88.8,1,0.0,0.9,0,none,0,none
U005,2024-09-02 18:25:00,88.4,1,0.0,0.89,0,none,0,none
U005,2024-09-02 18:30:00,88.9,1,0.0,1.16,0,none,0,none
U005,2024-09-02 18:35:00,88.9,1,0.0,0.92,0,none,0,none
U005,2024-09-02 18:40:00,88.8,1,0.0,0.84,0,none,0,none
U005,2024-09-02 18:50:00,88.3,1,0.0,1.2,0,none,0,none
U005,2024-09-02 18:55:00,88.7,1,0.0,1.0,0,none,0,none
U005,2024-09-02 19:05:00,88.3,1,0.0,1.06,0,none,0,none
U005,2024-09-02 19:10:00,88.6,1,0.0,0.86,0,none,0,none
U005,2024-09-02 19:15:00,88.8,1,0.0,1.07,0,none,0,none
U005,2024-09-02 19:20:00,89.1,1,0.0,1.05,0,none,0,none
U005,2024-09-02 19:30:00,91.3,1,0.0,0.89,0,none,0,none
U005,2024-09-02 19:35:00,90.7,1,0.0,1.1,0,none,0,none
U005,2024-09-02 19:50:00,91.5,1,0.0,1.02,0,none,0,none
U005,2024-09-02 19:55:00,92.6,1,0.0,1.1,0,none,0,none
U005,2024-09-02 20:00:00,93.6,1,0.0,0.98,0,none,0,none
U005,2024-09-02 20:05:00,94.8,1,0.0,0.94,0,none,0,none
U005,2024-09-02 20:15:00,94.7,1,0.0,0.9,0,none,0,none
U005,2024-09-02 20:20:00,94.5,1,0.0,1.0,0,none,0,none
U005,2024-09-02 20:30:00,94.6,1,0.0,0.94,0,none,0,none
U005,2024-09-02 20:45:00,92.5,1,0.0,1.08,0,none,0,none
U005,2024-09-02 20:50:00,93.2,1,0.0,1.05,0,none,0,none
U005,2024-09-02 21:10:00,91.4,1,0.0,0.9,0,none,0,none
U005,2024-09-02 21:15:00,91.5,1,0.0,1.19,0,none,0,none
U005,2024-09-02 21:20:00,91.7,1,0.0,0.95,0,none,0,none
U005,2024-09-02 21:30:00,93.3,1,0.0,1.0,0,none,0,none
U005,2024-09-02 21:40:00,92.2,1,0.0,1.0,0,none,0,none
U005,2024-09-02 21:45:00,92.5,1,0.0,0.95,0,none,0,none
U005,2024-09-02 21:50:00,92.8,0,0.0,1.11,0,none,0,none
U005,2024-09-02 21:55:00,93.1,1,0.0,1.07,0,none,0,none
U005,2024-09-02 22:00:00,93.0,1,0.0,0.85,0,none,0,none
U005,2024-09-02 22:05:00,92.9,1,0.0,1.16,0,none,0,none
U005,2024-09-02 22:40:00,91.6,1,0.0,0.9,0,none,0,none
U005,2024-09-02 22:45:00,92.1,1,0.0,0.86,0,none,0,none
U005,2024-09-02 22:50:00,90.4,1,0.0,1.11,0,none,3467,medium
U005,2024-09-02 22:55:00,91.1,1,0.0,1.03,0,none,0,none
U005,2024-09-02 23:00:00,90.5,1,0.0,1.01,0,none,0,none
U005,2024-09-02 23:05:00,91.0,1,0.0,0.93,0,none,0,none
U005,2024-09-02 23:15:00,92.1,1,9.2,0.88,75,snack,0,none
U005,2024-09-02 23:25:00,91.9,1,0.0,0.84,0,none,0,none
U005,2024-09-02 23:30:00,91.8,1,0.0,0.86,0,none,0,none
U005,2024-09-02 23:35:00,91.9,0,0.0,1.19,0,none,0,none
U005,2024-09-02 23:40:00,92.1,1,0.0,0.81,0,none,0,none
U005,2024-09-02 23:45:00,92.0,1,0.0,0.94,0,none,0,none
U005,2024-09-02 23:50:00,92.1,1,0.0,1.0,0,none,0,none
U005,2024-09-02 23:55:00,92.0,1,0.0,1.18,0,none,0,none
U005,2024-09-03 00:00:00,91.4,1,0.0,0.87,0,none,0,none
U005,2024-09-03 00:05:00,91.4,1,0.0,1.1,0,none,0,none
U005,2024-09-03 00:10:00,90.3,1,0.0,1.13,0,none,0,none
U005,2024-09-03 00:20:00,89.8,1,0.0,1.19,0,none,0,none
U005,2024-09-03 00:25:00,90.6,1,0.0,0.83,0,none,0,none
U005,2024-09-03 00:40:00,91.7,1,0.0,1.0,0,none,0,none
U005,2024-09-03 00:45:00,91.5,1,0.0,0.86,0,none,0,none
U005,2024-09-03 00:55:00,91.9,1,0.0,1.1,0,none,0,none
U005,2024-09-03 01:00:00,91.6,1,0.0,1.15,0,none,0,none
U005,2024-09-03 01:05:00,91.5,1,0.0,1.07,0,none,3049,medium
U005,2024-09-03 01:10:00,91.9,1,0.0,0.86,0,none,0,none
U005,2024-09-03 01:15:00,92.2,1,0.0,1.18,0,none,0,none
U005,2024-09-03 01:20:00,91.9,1,6.4,0.88,60,snack,0,none
U005,2024-09-03 01:25:00,92.9,1,0.0,1.0,0,none,0,none
U005,2024-09-03 01:35:00,94.0,1,0.0,0.9,0,none,0,none
U005,2024-09-03 01:40:00,93.9,1,0.0,0.89,0,none,0,none
U005,2024-09-03 01:50:00,93.0,1,0.0,1.05,0,none,0,none
U005,2024-09-03 02:15:00,92.2,1,0.0,0.85,0,none,0,none
U005,2024-09-03 02:25:00,92.5,1,0.0,1.09,0,none,0,none
U005,2024-09-03 02:30:00,92.3,1,0.0,1.0,0,none,0,none
U005,2024-09-03 02:35:00,92.5,1,0.0,1.07,0,none,0,none
U005,2024-09-03 02:45:00,91.2,1,0.0,1.07,0,none,0,none
U005,2024-09-03 02:50:00,90.3,1,0.0,0.85,0,none,0,none
U005,2024-09-03 02:55:00,89.8,1,0.0,1.13,0,none,0,none
U005,2024-09-03 03:00:00,89.5,1,0.0,0.84,0,none,0,none
U005,2024-09-03 03:10:00,89.8,1,0.0,1.04,0,none,0,none
U005,2024-09-03 03:15:00,90.1,1,0.0,0.9,0,none,0,none
U005,2024-09-03 03:20:00,90.3,1,0.0,0.81,0,none,0,none
U005,2024-09-03 03:25:00,90.6,1,0.0,1.03,0,none,0,none
U005,2024-09-03 03:35:00,90.1,1,0.0,1.0,0,none,0,none
U005,2024-09-03 03:50:00,88.3,1,0.0,1.05,0,none,3749,high
U005,2024-09-03 03:55:00,88.2,1,0.0,0.99,0,none,0,none
U005,2024-09-03 04:05:00,87.3,1,0.0,0.89,0,none,0,none
U005,2024-09-03 04:10:00,87.7,1,0.0,0.87,0,none,0,none
U005,2024-09-03 04:15:00,88.0,1,0.0,1.16,0,none,0,none
U005,2024-09-03 04:20:00,88.9,1,0.0,0.86,0,none,0,none
U005,2024-09-03 04:35:00,90.1,1,0.0,0.95,0,none,0,none
U005,2024-09-03 04:40:00,89.4,1,0.0,0.86,0,none,0,none
U005,2024-09-03 04:45:00,88.9,1,0.0,0.8,0,none,0,none
U005,2024-09-03 04:50:00,89.9,1,0.0,1.08,0,none,0,none
U005,2024-09-03 04:55:00,90.3,1,0.0,1.0,0,none,0,none
U005,2024-09-03 05:00:00,90.2,1,0.0,0.8,0,none,0,none
U005,2024-09-03 05:10:00,89.7,1,0.0,0.9,0,none,0,none
U005,2024-09-03 05:25:00,89.2,1,5.7,0.94,60,breakfast,0,none
U005,2024-09-03 05:30:00,89.3,1,0.0,1.07,0,none,0,none
U005,2024-09-03 05:35:00,89.5,1,0.0,0.89,0,none,0,none
U005,2024-09-03 05:40:00,89.0,1,0.0,1.12,0,none,0,none
U005,2024-09-03 06:05:00,89.4,1,0.0,0.84,0,none,0,none
U005,2024-09-03 06:15:00,89.9,1,0.0,0.83,0,none,0,none
U005,2024-09-03 06:20:00,91.2,1,0.0,0.81,0,none,0,none
U005,2024-09-03 06:25:00,92.1,1,0.0,0.91,0,none,0,none
U005,2024-09-03 06:30:00,91.5,1,0.0,0.98,0,none,0,none
U005,2024-09-03 06:35:00,91.3,1,0.0,0.99,0,none,0,none
U005,2024-09-03 06:40:00,92.0,1,0.0,0.94,0,none,0,none
U005,2024-09-03 06:45:00,92.7,1,0.0,1.07,0,none,0,none
U005,2024-09-03 06:50:00,92.1,1,0.0,1.14,0,none,0,none
U005,2024-09-03 06:55:00,92.6,1,0.0,1.01,0,none,0,none
U005,2024-09-03 07:00:00,93.4,1,0.0,0.87,0,none,0,none
U005,2024-09-03 07:05:00,94.0,1,0.0,1.09,0,none,0,none
U005,2024-09-03 07:25:00,94.2,1,0.0,1.17,0,none,0,none
U005,2024-09-03 07:30:00,94.7,1,0.0,1.07,0,none,0,none
U005,2024-09-03 07:35:00,94.2,1,0.0,1.14,0,none,0,none
U005,2024-09-03 07:45:00,94.4,1,0.0,0.93,0,none,0,none
U005,2024-09-03 07:55:00,93.6,1,0.0,0.95,0,none,0,none
U005,2024-09-03 08:15:00,92.6,1,0.0,1.2,0,none,0,none
U005,2024-09-03 08:20:00,91.9,1,0.0,0.82,0,none,0,none
U005,2024-09-03 08:25:00,91.8,1,0.0,1.03,0,none,0,none
U005,2024-09-03 08:35:00,92.0,1,0.0,0.88,0,none,0,none
U005,2024-09-03 09:05:00,92.5,1,0.0,0.87,0,none,0,none
U005,2024-09-03 09:10:00,92.9,1,0.0,0.99,0,none,0,none
U005,2024-09-03 09:15:00,92.5,1,0.0,0.93,0,none,0,none
U005,2024-09-03 09:20:00,92.1,1,0.0,1.09,0,none,0,none
U005,2024-09-03 09:25:00,92.0,1,0.0,0.94,0,none,0,none
U005,2024-09-03 09:30:00,92.4,1,0.0,1.17,0,none,0,none
U005,2024-09-03 09:40:00,92.0,1,0.0,0.94,0,none,0,none
U005,2024-09-03 09:50:00,92.3,1,0.0,0.99,0,none,0,none
U005,2024-09-03 09:55:00,92.3,1,0.0,1.0,0,none,0,none
U005,2024-09-03 10:05:00,91.3,1,0.0,1.06,0,none,0,none
U005,2024-09-03 10:10:00,91.1,1,0.0,0.88,0,none,0,none
U005,2024-09-03 10:15:00,91.3,1,0.0,0.99,0,none,0,none
U005,2024-09-03 10:20:00,91.2,1,0.0,1.08,0,none,0,none
U005,2024-09-03 10:25:00,91.8,1,0.0,1.03,0,none,0,none
U005,2024-09-03 10:30:00,91.7,1,0.0,1.01,0,none,0,none
U005,2024-09-03 10:35:00,92.6,1,0.0,0.98,0,none,0,none
U005,2024-09-03 10:55:00,93.3,1,0.0,1.11,0,none,0,none
U005,2024-09-03 11:00:00,93.0,1,0.0,0.85,0,none,0,none
U005,2024-09-03 11:20:00,94.6,1,0.0,0.87,0,none,0,none
U005,2024-09-03 11:30:00,94.8,1,0.0,1.16,0,none,0,none
U005,2024-09-03 11:35:00,94.9,1,9.9,0.89,90,breakfast,0,none
U005,2024-09-03 11:40:00,95.5,1,0.0,1.2,0,none,0,none
U005,2024-09-03 11:50:00,95.9,1,0.0,1.12,0,none,0,none
U005,2024-09-03 11:55:00,95.7,1,0.0,1.15,0,none,0,none
U005,2024-09-03 12:00:00,96.1,1,0.0,0.94,0,none,0,none
U005,2024-09-03 12:05:00,96.1,1,0.0,1.15,0,none,0,none
U005,2024-09-03 12:10:00,96.8,1,0.0,0.89,0,none,0,none
U005,2024-09-03 12:15:00,96.8,1,0.0,1.05,0,none,0,none
U005,2024-09-03 12:30:00,95.6,1,0.0,0.98,0,none,0,none
U005,2024-09-03 12:35:00,95.4,1,0.0,1.08,0,none,0,none
U005,2024-09-03 12:40:00,95.0,1,0.0,1.19,0,none,0,none
U005,2024-09-03 12:45:00,95.5,1,0.0,0.9,0,none,0,none
U005,2024-09-03 13:00:00,94.2,1,5.3,0.95,45,lunch,0,none
U005,2024-09-03 13:05:00,94.1,1,0.0,1.17,0,none,0,none
U005,2024-09-03 13:10:00,94.4,1,0.0,0.87,0,none,0,none
U005,2024-09-03 13:20:00,93.2,1,0.0,0.87,0,none,0,none
U005,2024-09-03 13:25:00,93.5,1,6.8,1.19,60,lunch,0,none
U005,2024-09-03 13:35:00,93.3,1,0.0,0.93,0,none,0,none
U005,2024-09-03 13:40:00,94.2,1,0.0,1.1,0,none,0,none
U005,2024-09-03 13:50:00,93.7,1,0.0,0.86,0,none,0,none
U005,2024-09-03 14:05:00,94.4,1,4.0,1.08,30,lunch,0,none
U005,2024-09-03 14:10:00,93.6,1,0.0,1.17,0,none,0,none
U005,2024-09-03 14:20:00,94.6,1,0.0,0.82,0,none,0,none
U005,2024-09-03 14:25:00,94.4,1,0.0,1.17,0,none,0,none
U005,2024-09-03 14:35:00,94.1,1,0.0,1.17,0,none,0,none
U005,2024-09-03 14:40:00,93.9,1,0.0,1.04,0,none,0,none
U005,2024-09-03 14:55:00,93.3,1,0.0,0.86,0,none,0,none
U005,2024-09-03 15:00:00,93.1,1,0.0,0.92,0,none,0,none
U005,2024-09-03 15:10:00,91.7,1,0.0,0.83,0,none,0,none
U005,2024-09-03 15:15:00,91.2,1,0.0,0.85,0,none,0,none
U005,2024-09-03 15:20:00,90.7,1,0.0,1.16,0,none,0,none
U005,2024-09-03 15:35:00,90.7,1,0.0,1.18,0,none,0,none
U005,2024-09-03 15:40:00,91.2,1,0.0,0.81,0,none,0,none
U005,2024-09-03 15:45:00,89.9,1,0.0,1.15,0,none,0,none
U005,2024-09-03 15:50:00,89.8,1,0.0,1.08,0,none,0,none
U005,2024-09-03 16:00:00,88.3,0,0.0,0.98,0,none,0,none
U005,2024-09-03 16:05:00,88.5,1,0.0,1.07,0,none,0,none
U005,2024-09-03 16:10:00,89.1,1,0.0,1.14,0,none,0,none
U005,2024-09-03 16:15:00,89.2,1,0.0,0.83,0,none,0,none
U005,2024-09-03 16:30:00,89.0,1,0.0,0.87,0,none,0,none
U005,2024-09-03 16:35:00,88.4,1,0.0,1.06,0,none,3061,low
U005,2024-09-03 16:40:00,87.2,1,0.0,1.17,0,none,0,none
U005,2024-09-03 16:50:00,87.5,1,0.0,0.85,0,none,0,none
U005,2024-09-03 16:55:00,88.6,1,0.0,1.1,0,none,0,none
U005,2024-09-03 17:00:00,87.7,1,0.0,0.98,0,none,0,none
U005,2024-09-03 17:05:00,88.2,1,0.0,0.98,0,none,0,none
U005,2024-09-03 17:10:00,87.2,1,0.0,1.06,0,none,0,none
U005,2024-09-03 17:15:00,88.4,1,0.0,1.15,0,none,0,none
U005,2024-09-03 17:20:00,88.4,1,0.0,1.19,0,none,0,none
U005,2024-09-03 17:30:00,89.3,1,0.0,1.11,0,none,0,none
U005,2024-09-03 17:35:00,89.4,1,0.0,1.0,0,none,0,none
U005,2024-09-03 17:40:00,89.2,1,0.0,0.97,0,none,0,none
U005,2024-09-03 17:45:00,89.8,1,0.0,1.06,0,none,0,none
U005,2024-09-03 17:50:00,89.7,1,0.0,1.19,0,none,0,none
U005,2024-09-03 18:10:00,89.2,1,5.5,0.82,45,breakfast,0,none
U005,2024-09-03 18:25:00,89.0,0,0.0,1.15,0,none,0,none
U005,2024-09-03 18:30:00,89.2,1,0.0,0.97,0,none,0,none
U005,2024-09-03 18:35:00,89.2,1,0.0,0.91,0,none,0,none
U005,2024-09-03 18:40:00,88.6,1,0.0,1.06,0,none,0,none
U005,2024-09-03 19:00:00,88.4,1,0.0,0.9,0,none,0,none
U005,2024-09-03 19:05:00,89.1,1,0.0,1.13,0,none,0,none
U005,2024-09-03 19:10:00,89.3,1,0.0,1.12,0,none,0,none
U005,2024-09-03 19:15:00,89.4,1,0.0,0.94,0,none,0,none
U005,2024-09-03 19:20:00,89.6,1,0.0,0.81,0,none,0,none
U005,2024-09-03 19:30:00,89.0,1,0.0,0.89,0,none,0,none
U005,2024-09-03 19:35:00,88.9,1,0.0,0.84,0,none,0,none
U005,2024-09-03 19:45:00,89.5,1,0.0,1.11,0,none,0,none
U005,2024-09-03 19:50:00,90.8,1,0.0,1.04,0,none,0,none
U005,2024-09-03 19:55:00,92.0,1,0.0,1.0,0,none,0,none
U005,2024-09-03 20:30:00,91.3,1,0.0,1.05,0,none,0,none
U005,2024-09-03 20:45:00,90.2,1,0.0,0.93,0,none,0,none
U005,2024-09-03 20:50:00,89.7,1,0.0,0.94,0,none,0,none
U005,2024-09-03 20:55:00,90.3,1,0.0,0.91,0,none,0,none
U005,2024-09-03 21:05:00,90.7,1,0.0,1.09,0,none,0,none
U005,2024-09-03 21:15:00,91.0,1,0.0,0.99,0,none,0,none
U005,2024-09-03 21:20:00,90.9,1,0.0,0.81,0,none,0,none
U005,2024-09-03 21:25:00,91.5,1,0.0,0.93,0,none,0,none
U005,2024-09-03 21:35:00,91.2,1,0.0,1.03,0,none,0,none
U005,2024-09-03 21:45:00,92.2,1,0.0,0.97,0,none,0,none
U005,2024-09-03 21:55:00,90.9,1,0.0,1.15,0,none,0,none
U005,2024-09-03 22:00:00,90.9,1,0.0,0.94,0,none,0,none
U005,2024-09-03 22:10:00,91.8,1,0.0,1.15,0,none,0,none
U005,2024-09-03 22:15:00,91.3,1,0.0,0.87,0,none,0,none
U005,2024-09-03 22:25:00,91.3,1,0.0,0.97,0,none,0,none
U005,2024-09-03 22:40:00,92.5,1,0.0,1.17,0,none,0,none
U005,2024-09-03 22:45:00,93.8,1,0.0,0.9,0,none,0,none
U005,2024-09-03 22:50:00,94.2,1,0.0,1.0,0,none,0,none
U005,2024-09-03 22:55:00,94.0,1,0.0,0.83,0,none,0,none
U005,2024-09-03 23:00:00,94.6,1,0.0,0.91,0,none,0,none
U005,2024-09-03 23:05:00,94.5,1,0.0,1.19,0,none,0,none
U005,2024-09-03 23:10:00,95.4,1,0.0,1.0,0,none,0,none
U005,2024-09-03 23:15:00,95.6,1,0.0,0.99,0,none,0,none
U005,2024-09-03 23:20:00,95.9,1,0.0,1.06,0,none,0,none
U005,2024-09-03 23:25:00,96.5,1,0.0,1.17,0,none,0,none
U005,2024-09-03 23:30:00,96.4,1,0.0,1.19,0,none,0,none
U005,2024-09-03 23:40:00,97.3,1,0.0,0.86,0,none,0,none
U005,2024-09-03 23:45:00,97.6,1,0.0,1.11,0,none,0,none
U005,2024-09-03 23:55:00,96.9,1,0.0,1.02,0,none,0,none
U005,2024-09-04 00:10:00,98.0,1,0.0,0.9,0,none,0,none
U005,2024-09-04 00:15:00,98.4,1,0.0,1.05,0,none,0,none
U005,2024-09-04 00:20:00,97.5,1,0.0,0.99,0,none,0,none
U005,2024-09-04 00:35:00,97.5,1,0.0,1.18,0,none,0,none
U005,2024-09-04 00:45:00,97.0,1,0.0,0.93,0,none,0,none
U005,2024-09-04 00:55:00,96.8,1,0.0,0.81,0,none,0,none
U005,2024-09-04 01:10:00,97.2,1,0.0,1.02,0,none,0,none
U005,2024-09-04 01:35:00,97.5,1,0.0,1.11,0,none,0,none
U005,2024-09-04 01:40:00,97.4,1,0.0,0.94,0,none,0,none
U005,2024-09-04 01:45:00,97.2,1,0.0,0.95,0,none,0,none
U005,2024-09-04 01:50:00,97.7,1,0.0,1.01,0,none,0,none
U005,2024-09-04 02:00:00,96.7,1,0.0,0.95,0,none,0,none
U005,2024-09-04 02:15:00,97.4,1,0.0,0.83,0,none,0,none
U005,2024-09-04 02:20:00,97.5,1,4.1,1.07,30,snack,0,none
U005,2024-09-04 02:35:00,97.8,1,0.0,1.17,0,none,0,none
U005,2024-09-04 02:40:00,98.1,1,0.0,0.96,0,none,0,none
U005,2024-09-04 02:45:00,97.3,1,0.0,1.08,0,none,0,none
U005,2024-09-04 02:55:00,97.6,1,0.0,1.03,0,none,0,none
U005,2024-09-04 03:00:00,98.4,1,0.0,1.09,0,none,0,none
U005,2024-09-04 03:05:00,98.2,1,0.0,1.14,0,none,0,none
U005,2024-09-04 03:10:00,99.1,1,0.0,1.19,0,none,0,none
U005,2024-09-04 03:15:00,98.7,1,0.0,1.14,0,none,0,none
U005,2024-09-04 03:30:00,98.5,1,0.0,1.08,0,none,0,none
U005,2024-09-04 03:35:00,98.8,1,0.0,1.18,0,none,0,none
U005,2024-09-04 03:40:00,98.6,1,0.0,1.03,0,none,0,none
U005,2024-09-04 03:45:00,98.8,1,0.0,0.93,0,none,0,none
U005,2024-09-04 03:50:00,98.7,1,0.0,0.96,0,none,0,none
U005,2024-09-04 03:55:00,98.7,1,0.0,1.17,0,none,0,none
U005,2024-09-04 04:10:00,99.9,1,0.0,1.18,0,none,0,none
U005,2024-09-04 04:20:00,99.2,1,0.0,0.82,0,none,0,none
U005,2024-09-04 04:25:00,99.4,1,0.0,1.19,0,none,0,none
U005,2024-09-04 04:30:00,100.6,1,0.0,0.97,0,none,0,none
U005,2024-09-04 04:40:00,100.3,1,0.0,1.18,0,none,0,none
U005,2024-09-04 04:45:00,100.1,1,0.0,1.0,0,none,0,none
U005,2024-09-04 04:50:00,99.6,1,0.0,0.91,0,none,2710,low
U005,2024-09-04 04:55:00,98.4,1,0.0,1.15,0,none,514,high
U005,2024-09-04 05:00:00,98.4,1,0.0,1.04,0,none,0,none
U005,2024-09-04 05:05:00,99.3,1,0.0,1.2,0,none,0,none
U005,2024-09-04 05:10:00,100.0,1,0.0,0.92,0,none,0,none
U005,2024-09-04 05:30:00,100.6,1,0.0,1.17,0,none,0,none
U005,2024-09-04 05:35:00,101.4,0,0.0,0.92,0,none,0,none
U005,2024-09-04 05:40:00,102.0,1,0.0,0.96,0,none,0,none
U005,2024-09-04 05:45:00,102.1,1,0.0,1.13,0,none,0,none
U005,2024-09-04 05:55:00,102.2,1,0.0,0.85,0,none,0,none
U005,2024-09-04 06:00:00,103.1,1,0.0,0.84,0,none,0,none
U005,2024-09-04 06:05:00,103.3,1,0.0,1.03,0,none,0,none
U005,2024-09-04 06:10:00,102.5,1,0.0,1.2,0,none,0,none
U005,2024-09-04 06:15:00,102.0,1,0.0,1.04,0,none,0,none
U005,2024-09-04 06:25:00,102.9,1,0.0,0.99,0,none,0,none
U005,2024-09-04 06:35:00,103.4,1,0.0,0.8,0,none,0,none
U005,2024-09-04 06:45:00,103.2,1,0.0,0.89,0,none,0,none
U005,2024-09-04 06:50:00,103.4,1,10.2,0.85,90,dinner,0,none
U005,2024-09-04 07:10:00,104.6,1,0.0,1.11,0,none,0,none
U005,2024-09-04 07:15:00,105.2,1,0.0,1.02,0,none,0,none
U005,2024-09-04 07:20:00,104.6,1,0.0,1.15,0,none,0,none
U005,2024-09-04 07:35:00,104.1,1,0.0,0.92,0,none,0,none
U005,2024-09-04 07:40:00,104.7,1,0.0,1.02,0,none,0,none
U005,2024-09-04 07:50:00,102.7,1,0.0,0.94,0,none,0,none
U005,2024-09-04 07:55:00,102.6,1,0.0,0.93,0,none,0,none
U005,2024-09-04 08:05:00,102.4,1,0.0,0.92,0,none,0,none
U005,2024-09-04 08:15:00,102.3,1,0.0,1.15,0,none,0,none
U005,2024-09-04 08:20:00,102.5,1,0.0,1.13,0,none,0,none
U005,2024-09-04 08:25:00,101.9,1,0.0,1.0,0,none,0,none
U005,2024-09-04 08:35:00,101.7,1,0.0,0.92,0,none,0,none
U005,2024-09-04 08:50:00,102.9,1,0.0,1.08,0,none,0,none
U005,2024-09-04 08:55:00,102.9,1,0.0,1.07,0,none,0,none
U005,2024-09-04 09:00:00,102.5,0,0.0,1.06,0,none,0,none
U005,2024-09-04 09:05:00,103.1,1,0.0,0.98,0,none,0,none
U005,2024-09-04 09:10:00,103.2,1,0.0,0.9,0,none,0,none
U005,2024-09-04 09:25:00,102.8,1,0.0,1.08,0,none,0,none
U005,2024-09-04 09:30:00,103.0,1,0.0,0.94,0,none,0,none
U005,2024-09-04 09:40:00,102.8,1,0.0,1.01,0,none,1740,medium
U005,2024-09-04 09:50:00,103.2,1,0.0,1.16,0,none,0,none
U005,2024-09-04 09:55:00,103.1,1,0.0,0.86,0,none,0,none
U005,2024-09-04 10:00:00,104.2,1,0.0,0.93,0,none,0,none
U005,2024-09-04 10:05:00,104.3,1,0.0,0.87,0,none,0,none
U005,2024-09-04 10:10:00,104.3,1,0.0,1.11,0,none,0,none
U005,2024-09-04 10:30:00,104.4,1,0.0,0.99,0,none,0,none
U005,2024-09-04 10:45:00,104.9,1,0.0,0.81,0,none,0,none
U005,2024-09-04 10:50:00,104.2,1,8.7,1.09,75,dinner,0,none
U005,2024-09-04 10:55:00,104.3,1,0.0,1.03,0,none,0,none
U005,2024-09-04 11:00:00,105.4,1,0.0,1.2,0,none,0,none
U005,2024-09-04 11:05:00,104.9,1,0.0,0.83,0,none,0,none
U005,2024-09-04 11:10:00,104.9,1,4.0,0.81,30,snack,0,none
U005,2024-09-04 11:15:00,105.0,1,0.0,0.99,0,none,0,none
U005,2024-09-04 11:25:00,104.3,1,0.0,1.1,0,none,0,none
U005,2024-09-04 11:35:00,103.8,1,0.0,0.98,0,none,0,none
U005,2024-09-04 11:45:00,103.6,1,0.0,0.97,0,none,0,none
U005,2024-09-04 11:55:00,103.8,1,0.0,1.13,0,none,0,none
U005,2024-09-04 12:00:00,103.7,1,0.0,0.82,0,none,0,none
U005,2024-09-04 12:05:00,103.9,1,0.0,0.95,0,none,0,none
U005,2024-09-04 12:20:00,105.2,1,0.0,1.14,0,none,0,none
U005,2024-09-04 12:25:00,105.0,1,0.0,0.87,0,none,0,none
U005,2024-09-04 12:30:00,105.2,1,0.0,0.91,0,none,0,none
U005,2024-09-04 12:35:00,107.3,1,0.0,0.93,0,none,0,none
U005,2024-09-04 12:45:00,108.1,1,0.0,1.17,0,none,0,none
U005,2024-09-04 12:55:00,108.3,1,0.0,0.86,0,none,0,none
U005,2024-09-04 13:05:00,108.6,1,0.0,0.95,0,none,0,none
U005,2024-09-04 13:15:00,109.7,1,0.0,0.88,0,none,0,none
U005,2024-09-04 13:20:00,109.3,1,0.0,1.07,0,none,0,none
U005,2024-09-04 13:30:00,108.8,1,0.0,0.8,0,none,0,none
U005,2024-09-04 13:40:00,108.1,1,9.3,1.13,75,dinner,0,none
U005,2024-09-04 13:45:00,108.4,1,0.0,1.01,0,none,0,none
U005,2024-09-04 13:50:00,108.0,1,0.0,1.05,0,none,0,none
U005,2024-09-04 13:55:00,108.3,1,0.0,1.01,0,none,0,none
U005,2024-09-04 14:05:00,108.0,1,0.0,0.9,0,none,0,none
U005,2024-09-04 14:10:00,108.5,1,0.0,1.03,0,none,0,none
U005,2024-09-04 14:15:00,107.9,1,0.0,1.18,0,none,0,none
U005,2024-09-04 14:35:00,106.5,1,0.0,0.96,0,none,0,none
U005,2024-09-04 14:45:00,106.4,1,0.0,1.05,0,none,0,none
U005,2024-09-04 14:55:00,106.7,1,0.0,1.03,0,none,0,none
U005,2024-09-04 15:05:00,106.9,1,0.0,0.8,0,none,0,none
U005,2024-09-04 15:15:00,106.5,1,0.0,0.87,0,none,0,none
U005,2024-09-04 15:25:00,106.8,1,0.0,0.83,0,none,0,none
U005,2024-09-04 15:30:00,107.1,1,0.0,1.16,0,none,0,none
U005,2024-09-04 15:50:00,109.3,1,0.0,1.02,0,none,0,none
U005,2024-09-04 16:20:00,107.1,1,0.0,0.9,45,lunch,0,none
U005,2024-09-04 16:30:00,106.9,1,0.0,0.98,0,none,0,none
U005,2024-09-04 16:35:00,106.8,1,0.0,1.04,0,none,0,none
U005,2024-09-04 16:40:00,107.8,1,0.0,0.83,0,none,0,none
U005,2024-09-04 16:50:00,106.9,1,0.0,1.06,0,none,0,none
U005,2024-09-04 16:55:00,106.6,1,0.0,1.12,0,none,0,none
U005,2024-09-04 17:05:00,106.2,1,0.0,1.2,0,none,0,none
U005,2024-09-04 17:20:00,106.6,1,2.7,1.04,30,snack,0,none
U005,2024-09-04 17:25:00,106.7,1,0.0,0.97,0,none,0,none
U005,2024-09-04 17:30:00,106.8,1,0.0,0.94,0,none,0,none
U005,2024-09-04 17:40:00,105.8,1,0.0,0.95,0,none,0,none
U005,2024-09-04 17:45:00,105.8,1,8.0,0.83,75,dinner,0,none
U005,2024-09-04 17:50:00,106.5,1,0.0,0.86,0,none,0,none
U005,2024-09-04 18:10:00,107.0,1,0.0,0.94,0,none,0,none
U005,2024-09-04 18:20:00,107.0,1,0.0,1.13,0,none,0,none
U005,2024-09-04 18:25:00,107.3,1,0.0,1.13,0,none,0,none
U005,2024-09-04 18:30:00,106.2,1,0.0,1.04,0,none,0,none
U005,2024-09-04 18:35:00,105.4,1,0.0,1.13,0,none,0,none
U005,2024-09-04 19:05:00,103.5,1,0.0,1.05,0,none,0,none
U005,2024-09-04 19:10:00,101.0,1,0.0,1.01,0,none,1729,low
U005,2024-09-04 19:15:00,102.1,1,0.0,0.9,0,none,0,none
U005,2024-09-04 19:20:00,101.4,1,0.0,1.02,0,none,0,none
U005,2024-09-04 19:25:00,101.6,1,0.0,0.83,0,none,0,none
U005,2024-09-04 19:35:00,100.6,1,0.0,0.89,0,none,0,none
U005,2024-09-04 19:45:00,101.7,1,0.0,0.98,0,none,0,none
U005,2024-09-04 19:55:00,102.2,1,0.0,0.8,0,none,0,none
U005,2024-09-04 20:00:00,103.0,1,0.0,1.11,0,none,0,none
U005,2024-09-04 20:10:00,102.5,1,0.0,1.13,0,none,0,none
U005,2024-09-04 20:15:00,102.7,1,0.0,1.18,0,none,0,none
U005,2024-09-04 20:20:00,102.3,1,7.8,0.81,75,snack,0,none
U005,2024-09-04 20:25:00,102.2,1,0.0,1.12,0,none,0,none
U005,2024-09-04 20:30:00,102.3,1,0.0,1.1,90,breakfast,0,none
U005,2024-09-04 20:35:00,102.1,1,0.0,0.91,0,none,0,none
U005,2024-09-04 20:45:00,101.5,1,0.0,1.11,0,none,0,none
U005,2024-09-04 20:50:00,100.6,1,0.0,1.13,0,none,4333,high
U005,2024-09-04 21:00:00,99.6,1,0.0,0.83,0,none,0,none
U005,2024-09-04 21:05:00,99.0,1,0.0,1.0,0,none,0,none
U005,2024-09-04 21:20:00,99.5,1,0.0,1.12,0,none,0,none
U005,2024-09-04 21:30:00,98.3,1,0.0,1.01,0,none,0,none
U005,2024-09-04 21:40:00,97.0,1,0.0,1.14,0,none,3593,medium
U005,2024-09-04 21:45:00,97.4,1,0.0,1.06,0,none,0,none
U005,2024-09-04 21:50:00,97.5,1,0.0,0.88,0,none,0,none
U005,2024-09-04 21:55:00,98.7,1,0.0,1.05,0,none,0,none
U005,2024-09-04 22:00:00,98.6,1,0.0,1.03,0,none,0,none
U005,2024-09-04 22:15:00,100.0,1,0.0,1.13,0,none,0,none
U005,2024-09-04 22:20:00,99.8,1,0.0,1.0,0,none,0,none
U005,2024-09-04 22:35:00,100.6,1,0.0,0.9,0,none,0,none
U005,2024-09-04 22:40:00,101.0,1,0.0,0.98,0,none,0,none
U005,2024-09-04 22:45:00,101.0,1,0.0,0.87,0,none,0,none
U005,2024-09-04 22:50:00,100.8,1,0.0,1.14,0,none,0,none
U005,2024-09-04 23:00:00,100.8,1,0.0,0.94,0,none,0,none
U005,2024-09-04 23:05:00,101.6,1,0.0,1.09,0,none,0,none
U005,2024-09-04 23:20:00,101.3,1,6.1,1.19,60,lunch,0,none
U005,2024-09-04 23:30:00,101.1,1,0.0,0.9,0,none,0,none
U005,2024-09-04 23:45:00,101.0,1,0.0,0.83,0,none,0,none
U005,2024-09-04 23:55:00,101.2,1,0.0,1.06,0,none,0,none
U005,2024-09-05 00:00:00,100.9,1,0.0,1.17,0,none,0,none
U005,2024-09-05 00:20:00,101.2,1,5.4,1.03,45,lunch,0,none
U005,2024-09-05 00:25:00,101.2,1,0.0,0.92,0,none,0,none
U005,2024-09-05 00:30:00,100.7,1,0.0,1.08,0,none,0,none
U005,2024-09-05 00:35:00,100.9,1,4.2,1.04,45,breakfast,0,none
U005,2024-09-05 00:45:00,100.7,1,0.0,0.97,0,none,0,none
U005,2024-09-05 01:00:00,100.7,1,0.0,0.81,0,none,0,none
U005,2024-09-05 01:10:00,101.3,1,0.0,1.08,0,none,0,none
U005,2024-09-05 01:15:00,101.3,1,0.0,1.12,0,none,0,none
U005,2024-09-05 01:30:00,101.9,1,0.0,1.11,0,none,0,none
U005,2024-09-05 01:40:00,102.4,1,0.0,0.97,0,none,0,none
U005,2024-09-05 01:45:00,102.3,1,7.2,1.06,60,breakfast,0,none
U005,2024-09-05 01:50:00,102.9,1,0.0,1.19,0,none,0,none
U005,2024-09-05 01:55:00,102.7,1,0.0,0.96,0,none,0,none
U005,2024-09-05 02:15:00,101.8,1,0.0,1.02,0,none,0,none
U005,2024-09-05 02:20:00,101.7,1,0.0,0.87,0,none,0,none
U005,2024-09-05 02:30:00,101.5,1,4.7,1.12,45,lunch,0,none
U005,2024-09-05 02:40:00,101.4,1,0.0,0.83,0,none,0,none
U005,2024-09-05 02:50:00,100.3,1,0.0,1.17,0,none,0,none
U005,2024-09-05 03:00:00,100.2,1,0.0,1.14,0,none,0,none
U005,2024-09-05 03:05:00,99.7,1,0.0,1.04,0,none,0,none
U005,2024-09-05 03:10:00,99.4,1,0.0,1.18,0,none,0,none
U005,2024-09-05 03:35:00,99.4,1,0.0,0.93,0,none,0,none
U005,2024-09-05 03:40:00,100.1,1,0.0,1.0,0,none,0,none
U005,2024-09-05 03:45:00,99.8,1,0.0,1.2,0,none,0,none
U005,2024-09-05 03:50:00,99.9,1,0.0,0.92,0,none,0,none
U005,2024-09-05 03:55:00,99.4,1,0.0,1.01,0,none,0,none
U005,2024-09-05 04:15:00,97.0,1,0.0,0.9,0,none,1887,medium
U005,2024-09-05 04:25:00,96.2,1,0.0,1.01,0,none,3553,low
U005,2024-09-05 04:30:00,96.5,1,0.0,0.8,0,none,0,none
U005,2024-09-05 04:35:00,96.9,1,0.0,1.19,0,none,0,none
U005,2024-09-05 04:40:00,96.3,1,0.0,0.93,0,none,0,none
U005,2024-09-05 04:45:00,96.1,1,0.0,0.85,0,none,0,none
U005,2024-09-05 04:50:00,96.9,1,0.0,0.98,0,none,0,none
U005,2024-09-05 04:55:00,97.2,1,0.0,1.17,0,none,0,none
U005,2024-09-05 05:00:00,97.3,1,0.0,1.06,0,none,0,none
U005,2024-09-05 05:05:00,97.8,1,0.0,0.98,0,none,0,none
U005,2024-09-05 05:10:00,97.2,1,0.0,0.91,0,none,0,none
U005,2024-09-05 05:15:00,97.9,1,0.0,0.91,0,none,0,none
U005,2024-09-05 05:20:00,97.1,1,0.0,1.06,0,none,0,none
U005,2024-09-05 05:25:00,97.5,1,0.0,1.06,0,none,0,none
U005,2024-09-05 05:35:00,97.8,1,0.0,0.95,0,none,0,none
U005,2024-09-05 05:40:00,98.4,1,0.0,0.96,0,none,0,none
U005,2024-09-05 05:45:00,98.6,1,0.0,1.01,0,none,0,none
U005,2024-09-05 05:50:00,98.8,1,0.0,0.98,0,none,0,none
U005,2024-09-05 06:05:00,99.2,1,0.0,1.07,0,none,0,none
U005,2024-09-05 06:10:00,99.4,1,0.0,1.16,0,none,0,none
U005,2024-09-05 06:15:00,100.2,1,0.0,0.8,0,none,0,none
U005,2024-09-05 06:20:00,101.6,1,0.0,0.86,0,none,0,none
U005,2024-09-05 06:25:00,102.6,1,0.0,1.1,0,none,0,none
U005,2024-09-05 06:30:00,103.1,1,0.0,1.09,0,none,0,none
U005,2024-09-05 06:40:00,102.5,1,0.0,0.81,0,none,0,none
U005,2024-09-05 06:45:00,102.0,1,0.0,1.11,0,none,0,none
U005,2024-09-05 06:50:00,102.8,1,0.0,0.96,0,none,0,none
U005,2024-09-05 06:55:00,103.2,1,0.0,1.15,0,none,0,none
U005,2024-09-05 07:35:00,102.4,1,0.0,1.19,0,none,0,none
U005,2024-09-05 07:45:00,102.7,1,0.0,0.99,0,none,0,none
U005,2024-09-05 08:00:00,102.0,1,0.0,1.04,0,none,0,none
U005,2024-09-05 08:05:00,101.7,1,7.6,0.8,75,dinner,0,none
U005,2024-09-05 08:10:00,101.6,1,0.0,1.04,0,none,0,none
U005,2024-09-05 08:20:00,102.1,1,0.0,0.89,0,none,0,none
U005,2024-09-05 08:35:00,102.4,1,0.0,1.01,0,none,0,none
U005,2024-09-05 08:40:00,102.1,1,0.0,1.04,0,none,0,none
U005,2024-09-05 08:50:00,99.1,1,0.0,1.04,0,none,0,none
U005,2024-09-05 08:55:00,97.8,1,0.0,1.18,0,none,4676,low
U005,2024-09-05 09:00:00,97.8,1,0.0,1.08,0,none,0,none
U005,2024-09-05 09:05:00,97.3,1,0.0,0.83,0,none,0,none
U005,2024-09-05 09:10:00,97.6,1,0.0,1.19,0,none,0,none
U005,2024-09-05 09:25:00,96.4,1,0.0,0.83,0,none,0,none
U005,2024-09-05 09:30:00,95.4,1,0.0,0.98,0,none,0,none
U005,2024-09-05 09:50:00,93.0,1,0.0,0.83,0,none,0,none
U005,2024-09-05 10:00:00,92.6,1,0.0,0.9,0,none,0,none
U005,2024-09-05 10:10:00,91.8,1,0.0,0.99,0,none,0,none
U005,2024-09-05 10:15:00,91.1,1,0.0,1.16,0,none,0,none
U005,2024-09-05 10:20:00,91.9,1,0.0,0.94,0,none,0,none
U005,2024-09-05 10:30:00,92.0,1,0.0,0.95,0,none,0,none
U005,2024-09-05 10:35:00,92.5,1,0.0,0.82,0,none,0,none
U005,2024-09-05 10:45:00,92.0,1,0.0,0.96,0,none,0,none
U005,2024-09-05 10:50:00,92.6,1,0.0,0.97,0,none,0,none
U005,2024-09-05 10:55:00,91.8,1,0.0,1.16,0,none,0,none
U005,2024-09-05 11:00:00,91.1,1,0.0,1.08,0,none,0,none
U005,2024-09-05 11:10:00,91.1,1,0.0,0.84,0,none,0,none
U005,2024-09-05 11:15:00,90.3,1,0.0,0.81,0,none,0,none
U005,2024-09-05 11:25:00,88.2,1,0.0,0.82,0,none,0,none
U005,2024-09-05 11:30:00,89.3,1,0.0,0.98,0,none,0,none
U005,2024-09-05 11:35:00,89.0,1,0.0,1.09,0,none,0,none
U005,2024-09-05 11:40:00,89.5,1,0.0,1.16,0,none,0,none
U005,2024-09-05 11:45:00,89.4,1,0.0,0.98,0,none,0,none
U005,2024-09-05 11:55:00,89.1,1,0.0,0.96,0,none,0,none
U005,2024-09-05 12:00:00,89.5,1,0.0,1.04,0,none,0,none
U005,2024-09-05 12:15:00,89.8,1,0.0,1.17,0,none,0,none
U005,2024-09-05 12:20:00,90.0,1,0.0,0.84,0,none,0,none
U005,2024-09-05 12:40:00,90.1,1,0.0,0.87,0,none,0,none
U005,2024-09-05 12:45:00,89.6,1,0.0,1.0,0,none,0,none
U005,2024-09-05 12:50:00,88.8,1,0.0,0.81,0,none,0,none
U005,2024-09-05 13:15:00,90.1,1,0.0,1.09,0,none,0,none
U005,2024-09-05 13:20:00,89.8,0,0.0,1.09,0,none,0,none
U005,2024-09-05 13:25:00,90.0,1,0.0,0.91,0,none,0,none
U005,2024-09-05 13:30:00,89.6,1,4.0,1.09,30,dinner,4015,low
U005,2024-09-05 13:35:00,87.0,1,0.0,0.85,30,lunch,3715,low
U005,2024-09-05 13:40:00,87.1,1,0.0,0.98,0,none,0,none
U005,2024-09-05 13:50:00,87.7,1,0.0,1.2,0,none,0,none
U005,2024-09-05 13:55:00,87.8,1,0.0,1.04,0,none,0,none
U005,2024-09-05 14:10:00,86.5,1,0.0,1.11,0,none,0,none
U005,2024-09-05 14:15:00,85.9,1,0.0,0.92,0,none,0,none
U005,2024-09-05 14:20:00,86.4,1,5.8,1.07,60,lunch,0,none
U005,2024-09-05 14:25:00,86.9,1,0.0,1.01,0,none,0,none
U005,2024-09-05 14:45:00,85.8,1,0.0,1.09,0,none,0,none
U005,2024-09-05 14:50:00,85.8,1,3.0,1.02,30,lunch,0,none
U005,2024-09-05 14:55:00,85.1,1,0.0,1.06,0,none,0,none
U005,2024-09-05 15:00:00,84.6,1,0.0,0.95,0,none,0,none
U005,2024-09-05 15:05:00,85.1,1,0.0,0.85,0,none,0,none
U005,2024-09-05 15:10:00,84.1,1,0.0,1.09,0,none,0,none
U005,2024-09-05 15:15:00,83.9,1,0.0,1.09,0,none,0,none
U005,2024-09-05 15:20:00,84.2,1,0.0,1.03,0,none,0,none
U005,2024-09-05 15:25:00,84.2,1,0.0,0.85,0,none,0,none
U005,2024-09-05 15:40:00,84.0,1,0.0,0.88,0,none,0,none
U005,2024-09-05 15:45:00,84.6,1,0.0,0.86,0,none,0,none
U005,2024-09-05 15:55:00,84.0,1,0.0,0.97,0,none,0,none
U005,2024-09-05 16:00:00,83.9,1,0.0,1.1,0,none,0,none
U005,2024-09-05 16:10:00,83.7,1,0.0,0.81,0,none,0,none
U005,2024-09-05 16:20:00,83.2,1,0.0,0.81,0,none,0,none
U005,2024-09-05 16:30:00,83.9,1,0.0,0.87,0,none,0,none
U005,2024-09-05 16:35:00,84.1,1,0.0,1.04,0,none,0,none
U005,2024-09-05 16:40:00,83.6,1,0.0,0.97,0,none,0,none
U005,2024-09-05 16:55:00,85.7,1,0.0,0.97,0,none,0,none
U005,2024-09-05 17:00:00,85.3,1,0.0,0.81,0,none,0,none
U005,2024-09-05 17:15:00,85.7,1,0.0,0.89,0,none,0,none
U005,2024-09-05 17:20:00,86.1,1,0.0,0.88,0,none,0,none
U005,2024-09-05 17:30:00,86.0,1,0.0,1.01,0,none,0,none
U005,2024-09-05 17:35:00,85.5,1,0.0,0.88,0,none,0,none
U005,2024-09-05 17:50:00,85.9,1,0.0,1.06,0,none,0,none
U005,2024-09-05 17:55:00,85.9,1,0.0,0.98,0,none,0,none
U005,2024-09-05 18:00:00,86.5,1,0.0,0.9,0,none,0,none
U005,2024-09-05 18:05:00,85.9,1,0.0,1.05,0,none,0,none
U005,2024-09-05 18:30:00,87.0,1,0.0,0.92,0,none,0,none
U005,2024-09-05 18:40:00,86.3,1,0.0,1.03,0,none,0,none
U005,2024-09-05 18:50:00,86.3,1,0.0,0.98,0,none,0,none
U005,2024-09-05 19:10:00,86.6,1,0.0,0.93,0,none,0,none
U005,2024-09-05 19:25:00,87.1,1,0.0,0.9,0,none,0,none
U005,2024-09-05 19:35:00,86.0,1,0.0,0.89,0,none,0,none
U005,2024-09-05 19:40:00,85.6,1,0.0,1.06,0,none,0,none
U005,2024-09-05 19:45:00,85.5,1,0.0,0.99,0,none,0,none
U005,2024-09-05 19:50:00,85.3,1,0.0,1.02,0,none,0,none
U005,2024-09-05 20:05:00,86.4,1,0.0,1.19,0,none,0,none
U005,2024-09-05 20:10:00,85.9,1,0.0,1.02,0,none,0,none
U005,2024-09-05 20:15:00,85.0,1,0.0,1.0,0,none,0,none
U005,2024-09-05 20:45:00,83.0,1,0.0,1.18,0,none,0,none
U005,2024-09-05 21:05:00,84.8,1,0.0,0.83,0,none,0,none
U005,2024-09-05 21:10:00,85.0,1,0.0,0.92,0,none,0,none
U005,2024-09-05 21:25:00,85.3,1,0.0,0.99,0,none,0,none
U005,2024-09-05 21:30:00,85.4,1,0.0,0.86,0,none,0,none
U005,2024-09-05 22:05:00,87.3,1,0.0,1.09,0,none,0,none
U005,2024-09-05 22:10:00,87.3,1,0.0,0.93,0,none,0,none
U005,2024-09-05 22:15:00,87.5,1,0.0,1.05,0,none,0,none
U005,2024-09-05 22:20:00,87.4,1,0.0,0.88,0,none,0,none
U005,2024-09-05 22:35:00,87.5,1,0.0,0.88,0,none,0,none
U005,2024-09-05 22:45:00,85.7,1,0.0,1.02,0,none,0,none
U005,2024-09-05 22:55:00,86.4,1,0.0,1.07,0,none,0,none
U005,2024-09-05 23:05:00,86.0,1,0.0,0.91,0,none,0,none
U005,2024-09-05 23:20:00,85.3,1,0.0,1.0,0,none,0,none
U005,2024-09-05 23:30:00,83.3,1,0.0,0.94,0,none,0,none
U005,2024-09-05 23:35:00,83.8,1,0.0,1.08,0,none,0,none
U005,2024-09-05 23:40:00,83.6,1,0.0,1.04,0,none,0,none
U005,2024-09-05 23:45:00,84.0,1,0.0,0.84,0,none,0,none
U005,2024-09-05 23:50:00,84.1,1,0.0,1.18,0,none,0,none
U005,2024-09-05 23:55:00,84.3,1,0.0,1.09,0,none,0,none
U005,2024-09-06 00:00:00,84.7,1,0.0,0.99,0,none,0,none
U005,2024-09-06 00:05:00,84.7,1,0.0,0.9,0,none,0,none
U005,2024-09-06 00:10:00,84.6,1,7.0,0.82,60,dinner,0,none
U005,2024-09-06 00:40:00,86.5,1,0.0,1.08,0,none,0,none
U005,2024-09-06 00:45:00,86.6,1,0.0,0.94,0,none,0,none
U005,2024-09-06 00:50:00,86.4,1,0.0,0.84,0,none,0,none
U005,2024-09-06 00:55:00,86.4,1,0.0,1.19,0,none,0,none
U005,2024-09-06 01:00:00,86.1,1,0.0,0.96,0,none,0,none
U005,2024-09-06 01:10:00,84.8,1,0.0,0.83,0,none,2814,low
U005,2024-09-06 01:15:00,84.6,1,0.0,0.83,0,none,0,none
U005,2024-09-06 01:30:00,85.6,1,0.0,0.97,0,none,0,none
U005,2024-09-06 01:35:00,86.2,1,0.0,1.12,0,none,0,none
U005,2024-09-06 01:40:00,86.8,1,0.0,0.87,0,none,0,none
U005,2024-09-06 01:45:00,86.5,1,0.0,0.96,0,none,0,none
U005,2024-09-06 02:00:00,86.4,1,0.0,1.14,0,none,0,none
U005,2024-09-06 02:10:00,88.3,1,0.0,1.13,0,none,0,none
U005,2024-09-06 02:25:00,87.2,1,0.0,1.08,0,none,0,none
U005,2024-09-06 02:30:00,87.5,1,0.0,0.88,0,none,0,none
U005,2024-09-06 02:40:00,88.2,1,0.0,1.03,0,none,0,none
U005,2024-09-06 02:50:00,89.5,1,0.0,1.04,0,none,0,none
U005,2024-09-06 03:00:00,90.2,1,0.0,0.99,0,none,0,none
U005,2024-09-06 03:05:00,91.0,1,0.0,1.04,0,none,0,none
U005,2024-09-06 03:10:00,90.7,1,5.9,0.91,60,dinner,0,none
U005,2024-09-06 03:15:00,90.9,1,0.0,0.85,0,none,0,none
U005,2024-09-06 03:25:00,90.4,1,0.0,1.02,0,none,0,none
U005,2024-09-06 03:35:00,90.7,1,0.0,1.12,0,none,0,none
U005,2024-09-06 03:40:00,90.8,1,0.0,1.16,0,none,0,none
U005,2024-09-06 03:50:00,92.4,1,0.0,0.95,0,none,0,none
U005,2024-09-06 04:10:00,92.2,1,0.0,0.85,0,none,0,none
U005,2024-09-06 04:15:00,91.9,1,0.0,0.85,0,none,0,none
U005,2024-09-06 04:20:00,91.4,1,0.0,1.09,0,none,0,none
U005,2024-09-06 04:30:00,90.6,1,0.0,1.18,0,none,0,none
U005,2024-09-06 04:40:00,90.8,1,0.0,1.13,0,none,0,none
U005,2024-09-06 04:50:00,91.9,1,0.0,0.83,0,none,0,none
U005,2024-09-06 04:55:00,91.5,1,0.0,0.83,0,none,0,none
U005,2024-09-06 05:00:00,91.6,1,0.0,0.93,0,none,0,none
U005,2024-09-06 05:05:00,91.9,1,0.0,1.02,0,none,0,none
U005,2024-09-06 05:10:00,92.0,1,10.7,0.8,90,snack,0,none
U005,2024-09-06 05:30:00,93.4,1,0.0,0.87,0,none,0,none
U005,2024-09-06 05:35:00,93.1,1,0.0,1.18,0,none,0,none
U005,2024-09-06 05:40:00,92.7,1,0.0,0.96,0,none,0,none
U005,2024-09-06 05:50:00,92.1,1,6.2,0.91,60,lunch,0,none
U005,2024-09-06 06:00:00,92.5,1,0.0,1.03,0,none,0,none
U005,2024-09-06 06:05:00,92.6,1,0.0,1.0,0,none,0,none
U005,2024-09-06 06:10:00,92.6,1,0.0,1.2,0,none,0,none
U005,2024-09-06 06:15:00,92.0,1,0.0,1.05,0,none,0,none
U005,2024-09-06 06:20:00,92.2,1,0.0,1.16,0,none,0,none
U005,2024-09-06 06:25:00,91.7,1,0.0,0.8,0,none,0,none
U005,2024-09-06 06:35:00,92.9,1,0.0,1.17,0,none,0,none
U005,2024-09-06 06:40:00,93.3,1,0.0,0.95,0,none,0,none
U005,2024-09-06 06:45:00,94.0,1,0.0,0.99,0,none,0,none
U005,2024-09-06 06:55:00,94.8,1,0.0,1.0,0,none,0,none
U005,2024-09-06 07:00:00,94.6,1,0.0,1.15,0,none,0,none
U005,2024-09-06 07:05:00,95.3,1,8.8,1.12,75,breakfast,0,none
U005,2024-09-06 07:10:00,95.0,1,0.0,0.91,0,none,0,none
U005,2024-09-06 07:20:00,93.6,1,0.0,0.87,0,none,4753,low
U005,2024-09-06 07:30:00,94.5,1,3.3,1.19,30,lunch,0,none
U005,2024-09-06 07:35:00,95.3,1,0.0,0.94,0,none,0,none
U005,2024-09-06 07:45:00,95.9,1,0.0,1.11,0,none,575,medium
U005,2024-09-06 07:55:00,95.4,1,0.0,1.02,0,none,0,none
U005,2024-09-06 08:00:00,95.3,1,0.0,1.0,0,none,0,none
U005,2024-09-06 08:10:00,94.5,1,0.0,0.95,0,none,0,none
U005,2024-09-06 08:20:00,93.7,0,0.0,1.0,0,none,0,none
U005,2024-09-06 08:25:00,94.7,1,0.0,1.15,0,none,0,none
U005,2024-09-06 08:40:00,95.4,1,0.0,1.16,0,none,0,none
U005,2024-09-06 08:50:00,96.1,1,6.4,1.02,60,snack,0,none
U005,2024-09-06 08:55:00,96.2,1,0.0,1.19,0,none,0,none
U005,2024-09-06 09:00:00,95.8,1,0.0,0.96,0,none,0,none
U005,2024-09-06 09:05:00,95.8,1,0.0,1.2,0,none,0,none
U005,2024-09-06 09:10:00,95.0,1,0.0,0.92,0,none,0,none
U005,2024-09-06 09:15:00,95.5,1,0.0,1.15,0,none,0,none
U005,2024-09-06 09:20:00,95.3,1,0.0,0.96,0,none,0,none
U005,2024-09-06 09:25:00,95.5,1,0.0,0.85,0,none,0,none
U005,2024-09-06 09:30:00,95.1,1,0.0,1.05,0,none,0,none
U005,2024-09-06 09:35:00,95.9,1,0.0,0.92,0,none,0,none
U005,2024-09-06 09:40:00,96.6,0,0.0,1.1,0,none,0,none
U005,2024-09-06 09:50:00,97.7,1,0.0,1.01,0,none,0,none
U005,2024-09-06 10:00:00,99.0,1,0.0,1.15,0,none,0,none
U005,2024-09-06 10:05:00,98.5,1,2.6,0.92,30,snack,0,none
U005,2024-09-06 10:10:00,96.3,1,0.0,1.15,0,none,904,low
U005,2024-09-06 10:25:00,96.1,1,0.0,0.91,0,none,0,none
U005,2024-09-06 10:30:00,95.8,0,0.0,1.09,0,none,0,none
U005,2024-09-06 10:40:00,96.7,1,0.0,0.95,0,none,0,none
U005,2024-09-06 10:50:00,95.7,1,0.0,0.91,0,none,0,none
U005,2024-09-06 10:55:00,95.8,1,0.0,0.81,0,none,0,none
U005,2024-09-06 11:10:00,94.7,1,0.0,0.97,0,none,1579,high
U005,2024-09-06 11:20:00,94.9,1,0.0,0.93,0,none,0,none
U005,2024-09-06 11:25:00,95.3,1,0.0,1.05,0,none,0,none
U005,2024-09-06 11:40:00,94.3,1,0.0,1.2,0,none,0,none
U005,2024-09-06 12:00:00,93.7,1,0.0,0.82,0,none,0,none
U005,2024-09-06 12:15:00,94.1,1,0.0,1.18,0,none,0,none
U005,2024-09-06 12:25:00,94.6,1,0.0,1.01,0,none,0,none
U005,2024-09-06 12:35:00,94.6,1,0.0,0.87,0,none,0,none
U005,2024-09-06 12:40:00,94.0,1,0.0,1.02,0,none,0,none
U005,2024-09-06 12:50:00,94.6,1,2.7,1.16,30,lunch,0,none
U005,2024-09-06 12:55:00,96.0,1,0.0,0.94,0,none,0,none
U005,2024-09-06 13:00:00,94.2,1,11.0,1.01,90,lunch,1221,low
U005,2024-09-06 13:10:00,94.4,1,0.0,0.89,0,none,0,none
U005,2024-09-06 13:20:00,94.8,1,0.0,0.86,0,none,0,none
U005,2024-09-06 13:25:00,95.6,1,0.0,0.95,0,none,0,none
U005,2024-09-06 13:35:00,96.0,1,0.0,1.0,0,none,0,none
U005,2024-09-06 13:40:00,97.2,1,0.0,0.84,0,none,0,none
U005,2024-09-06 13:45:00,97.4,1,0.0,0.89,0,none,0,none
U005,2024-09-06 13:50:00,97.9,1,0.0,0.92,0,none,0,none
U005,2024-09-06 13:55:00,97.7,1,0.0,1.13,0,none,0,none
U005,2024-09-06 14:00:00,98.0,1,0.0,0.93,0,none,0,none
U005,2024-09-06 14:05:00,96.6,1,0.0,1.17,0,none,0,none
U005,2024-09-06 14:10:00,96.4,1,0.0,0.99,0,none,0,none
U005,2024-09-06 14:15:00,96.1,1,0.0,1.1,0,none,0,none
U005,2024-09-06 14:20:00,96.3,1,0.0,0.83,0,none,0,none
U005,2024-09-06 14:45:00,96.7,1,0.0,0.92,0,none,0,none
U005,2024-09-06 14:55:00,97.6,1,0.0,1.03,0,none,0,none
U005,2024-09-06 15:00:00,98.2,1,0.0,0.99,0,none,0,none
U005,2024-09-06 15:05:00,97.7,1,7.4,0.9,60,dinner,0,none
U005,2024-09-06 15:15:00,98.0,1,0.0,1.06,0,none,0,none
U005,2024-09-06 15:25:00,95.6,1,0.0,0.87,0,none,0,none
U005,2024-09-06 15:35:00,97.0,1,0.0,1.18,0,none,0,none
U005,2024-09-06 15:40:00,97.8,1,0.0,0.84,0,none,0,none
U005,2024-09-06 15:45:00,96.8,1,0.0,1.02,0,none,0,none
U005,2024-09-06 15:55:00,98.1,1,0.0,1.1,0,none,0,none
U005,2024-09-06 16:00:00,98.3,1,0.0,0.88,0,none,0,none
U005,2024-09-06 16:05:00,98.7,1,0.0,0.85,0,none,0,none
U005,2024-09-06 16:20:00,95.2,1,0.0,0.91,0,none,1436,medium
U005,2024-09-06 16:30:00,94.0,1,0.0,0.99,0,none,0,none
U005,2024-09-06 16:35:00,93.4,1,0.0,0.92,0,none,0,none
U005,2024-09-06 16:40:00,93.5,1,0.0,0.95,0,none,0,none
U005,2024-09-06 16:45:00,92.7,1,0.0,0.98,0,none,0,none
U005,2024-09-06 16:55:00,93.3,1,0.0,0.96,0,none,0,none
U005,2024-09-06 17:05:00,93.1,1,0.0,0.92,0,none,0,none
U005,2024-09-06 17:20:00,94.0,1,0.0,1.18,0,none,0,none
U005,2024-09-06 17:25:00,93.9,1,0.0,0.91,0,none,0,none
U005,2024-09-06 17:30:00,93.5,1,0.0,1.17,0,none,0,none
U005,2024-09-06 17:35:00,93.3,1,0.0,0.84,0,none,0,none
U005,2024-09-06 17:45:00,94.2,1,0.0,0.83,0,none,0,none
U005,2024-09-06 17:50:00,94.3,1,0.0,0.97,0,none,0,none
U005,2024-09-06 17:55:00,94.9,1,0.0,1.05,0,none,0,none
U005,2024-09-06 18:20:00,93.8,1,0.0,1.13,0,none,0,none
U005,2024-09-06 18:35:00,95.5,1,4.2,1.15,30,breakfast,0,none
U005,2024-09-06 18:50:00,94.5,1,0.0,1.15,0,none,0,none
U005,2024-09-06 18:55:00,94.8,1,0.0,1.14,0,none,0,none
U005,2024-09-06 19:00:00,95.0,1,0.0,1.08,0,none,0,none
U005,2024-09-06 19:05:00,95.3,1,0.0,1.07,0,none,0,none
U005,2024-09-06 19:15:00,94.1,1,0.0,0.96,0,none,1998,high
U005,2024-09-06 19:25:00,94.2,1,0.0,1.11,0,none,0,none
U005,2024-09-06 19:30:00,94.1,1,0.0,1.05,0,none,0,none
U005,2024-09-06 19:35:00,94.3,1,0.0,1.01,0,none,0,none
U005,2024-09-06 19:40:00,95.1,1,0.0,0.82,0,none,0,none
U005,2024-09-06 20:00:00,94.8,1,0.0,0.87,0,none,0,none
U005,2024-09-06 20:05:00,94.3,1,0.0,1.12,0,none,0,none
U005,2024-09-06 20:10:00,94.1,1,0.0,0.98,0,none,0,none
U005,2024-09-06 20:20:00,93.9,1,0.0,1.04,0,none,0,none
U005,2024-09-06 20:25:00,94.3,1,0.0,0.96,0,none,0,none
U005,2024-09-06 20:35:00,94.0,1,0.0,1.2,0,none,0,none
U005,2024-09-06 20:45:00,93.2,1,0.0,0.96,0,none,0,none
U005,2024-09-06 20:50:00,93.3,1,0.0,1.06,0,none,0,none
U005,2024-09-06 20:55:00,92.9,1,0.0,0.9,0,none,0,none
U005,2024-09-06 21:05:00,93.7,1,0.0,1.16,0,none,0,none
U005,2024-09-06 21:10:00,92.3,1,0.0,0.88,0,none,4831,medium
U005,2024-09-06 21:20:00,93.0,1,0.0,0.9,0,none,0,none
U005,2024-09-06 21:45:00,93.5,1,0.0,0.81,0,none,0,none
U005,2024-09-06 21:50:00,93.7,1,0.0,0.95,0,none,0,none
U005,2024-09-06 21:55:00,92.9,1,0.0,0.84,0,none,0,none
U005,2024-09-06 22:05:00,91.2,1,0.0,0.85,0,none,2324,low
U005,2024-09-06 22:45:00,88.9,1,0.0,0.93,0,none,0,none
U005,2024-09-06 22:55:00,88.7,1,0.0,0.92,0,none,0,none
U005,2024-09-06 23:00:00,88.9,1,0.0,1.11,0,none,0,none
U005,2024-09-06 23:05:00,89.1,1,0.0,1.12,0,none,0,none
U005,2024-09-06 23:10:00,87.6,1,0.0,0.87,0,none,3092,medium
U005,2024-09-06 23:15:00,88.4,1,0.0,0.99,0,none,0,none
U005,2024-09-06 23:20:00,88.7,1,0.0,0.85,0,none,0,none
U005,2024-09-06 23:30:00,87.2,1,0.0,0.84,45,breakfast,604,low
U005,2024-09-06 23:40:00,87.1,1,0.0,1.02,0,none,2342,high
U005,2024-09-06 23:55:00,87.8,1,0.0,0.82,0,none,0,none
U005,2024-09-07 00:00:00,88.7,1,9.2,1.14,90,dinner,0,none
U005,2024-09-07 00:10:00,88.4,1,0.0,1.03,0,none,0,none
U005,2024-09-07 00:15:00,88.2,1,0.0,0.84,0,none,0,none
U005,2024-09-07 00:20:00,87.9,1,0.0,0.86,0,none,0,none
U005,2024-09-07 00:25:00,88.1,1,0.0,0.9,0,none,0,none
U005,2024-09-07 00:30:00,88.7,1,0.0,1.12,0,none,0,none
U005,2024-09-07 00:35:00,89.0,1,0.0,1.02,0,none,0,none
U005,2024-09-07 00:40:00,89.2,1,0.0,1.01,0,none,0,none
U005,2024-09-07 00:45:00,88.9,1,0.0,1.09,0,none,0,none
U005,2024-09-07 00:50:00,88.4,1,0.0,0.92,0,none,0,none
U005,2024-09-07 01:00:00,88.8,1,0.0,0.87,0,none,0,none
U005,2024-09-07 01:05:00,88.4,1,0.0,1.08,0,none,0,none
U005,2024-09-07 01:10:00,88.7,0,0.0,1.06,0,none,0,none
U005,2024-09-07 01:15:00,89.6,1,0.0,1.14,0,none,0,none
U005,2024-09-07 01:20:00,89.9,1,0.0,0.82,0,none,0,none
U005,2024-09-07 01:25:00,90.6,1,0.0,0.89,0,none,0,none
U005,2024-09-07 01:30:00,89.3,1,0.0,0.92,0,none,4322,medium
U005,2024-09-07 01:50:00,89.7,1,0.0,1.06,0,none,0,none
U005,2024-09-07 02:00:00,89.1,1,0.0,0.81,0,none,0,none
U005,2024-09-07 02:25:00,88.1,1,9.3,1.11,75,lunch,0,none
U005,2024-09-07 02:30:00,88.3,1,0.0,1.07,0,none,0,none
U005,2024-09-07 02:35:00,88.6,1,0.0,0.97,0,none,0,none
U005,2024-09-07 02:40:00,87.9,1,0.0,1.15,0,none,0,none
U005,2024-09-07 02:45:00,88.5,1,0.0,1.14,0,none,0,none
U005,2024-09-07 02:50:00,88.0,1,0.0,0.97,0,none,0,none
U005,2024-09-07 03:00:00,88.2,1,0.0,0.98,0,none,0,none
U005,2024-09-07 03:10:00,88.7,1,0.0,0.84,0,none,0,none
U005,2024-09-07 03:20:00,88.9,1,0.0,0.85,0,none,0,none
U005,2024-09-07 03:35:00,89.7,1,0.0,0.97,0,none,0,none
U005,2024-09-07 03:40:00,89.9,1,0.0,1.02,0,none,0,none
U005,2024-09-07 03:45:00,89.5,1,0.0,1.18,0,none,0,none
U005,2024-09-07 03:50:00,89.4,1,0.0,1.01,0,none,0,none
U005,2024-09-07 04:00:00,88.7,1,0.0,0.89,0,none,0,none
U005,2024-09-07 04:05:00,88.6,1,0.0,0.84,0,none,0,none
U005,2024-09-07 04:15:00,87.5,1,0.0,1.18,0,none,0,none
U005,2024-09-07 04:20:00,87.9,1,0.0,1.08,0,none,0,none
U005,2024-09-07 04:25:00,88.2,1,0.0,0.99,0,none,0,none
U005,2024-09-07 04:30:00,88.2,1,0.0,0.9,0,none,0,none
U005,2024-09-07 04:45:00,88.4,1,0.0,0.83,0,none,0,none
U005,2024-09-07 04:50:00,89.9,1,0.0,0.98,0,none,0,none
U005,2024-09-07 04:55:00,89.2,1,0.0,1.14,0,none,0,none
U005,2024-09-07 05:05:00,89.4,1,0.0,0.97,0,none,0,none
U005,2024-09-07 05:15:00,90.2,1,0.0,0.91,0,none,0,none
U005,2024-09-07 05:20:00,89.8,1,0.0,0.88,0,none,0,none
U005,2024-09-07 05:25:00,91.0,1,0.0,0.85,0,none,0,none
U005,2024-09-07 05:30:00,91.1,1,0.0,1.03,0,none,0,none
U005,2024-09-07 05:40:00,91.4,1,0.0,0.88,0,none,0,none
U005,2024-09-07 05:50:00,92.0,1,0.0,1.05,0,none,0,none
U005,2024-09-07 06:00:00,91.5,1,0.0,1.05,0,none,0,none
U005,2024-09-07 06:05:00,90.7,1,0.0,0.96,0,none,0,none
U005,2024-09-07 06:10:00,91.4,1,0.0,1.17,0,none,0,none
U005,2024-09-07 06:15:00,91.6,1,0.0,0.88,0,none,0,none
U005,2024-09-07 06:25:00,92.0,1,0.0,1.0,0,none,0,none
U005,2024-09-07 06:35:00,92.1,1,0.0,0.83,0,none,0,none
U005,2024-09-07 06:45:00,90.9,1,0.0,0.82,0,none,0,none
U005,2024-09-07 06:50:00,90.9,1,0.0,1.13,0,none,0,none
U005,2024-09-07 07:00:00,91.6,1,0.0,0.89,0,none,0,none
U005,2024-09-07 07:05:00,91.3,1,0.0,0.94,0,none,0,none
U005,2024-09-07 07:15:00,90.5,1,0.0,0.9,0,none,0,none
U005,2024-09-07 07:20:00,90.3,1,0.0,1.05,0,none,0,none
U005,2024-09-07 07:30:00,90.7,1,0.0,0.88,0,none,0,none
U005,2024-09-07 07:35:00,90.3,1,0.0,1.02,0,none,0,none
U005,2024-09-07 07:45:00,90.1,1,0.0,0.86,0,none,0,none
U005,2024-09-07 07:50:00,89.3,1,0.0,1.01,0,none,1506,medium
U005,2024-09-07 08:00:00,89.6,1,0.0,1.12,0,none,0,none
U005,2024-09-07 08:05:00,88.9,1,0.0,0.8,0,none,0,none
U005,2024-09-07 08:15:00,88.9,1,0.0,1.11,0,none,0,none
U005,2024-09-07 08:25:00,90.1,1,0.0,1.12,0,none,0,none
U005,2024-09-07 08:40:00,89.8,1,0.0,0.91,0,none,0,none
U005,2024-09-07 08:45:00,89.5,1,0.0,0.88,0,none,0,none
U005,2024-09-07 09:05:00,91.1,1,0.0,1.07,0,none,0,none
U005,2024-09-07 09:15:00,91.8,1,0.0,0.8,0,none,0,none
U005,2024-09-07 09:25:00,92.8,1,0.0,0.8,0,none,0,none
U005,2024-09-07 09:30:00,92.7,1,0.0,1.0,0,none,0,none
U005,2024-09-07 09:35:00,92.2,1,0.0,0.93,0,none,0,none
U005,2024-09-07 09:40:00,92.6,1,0.0,0.93,0,none,0,none
U005,2024-09-07 09:45:00,92.1,1,0.0,0.89,0,none,0,none
U005,2024-09-07 09:50:00,92.6,1,0.0,1.09,0,none,0,none
U005,2024-09-07 09:55:00,93.2,1,0.0,1.09,0,none,0,none
U005,2024-09-07 10:00:00,94.1,1,0.0,0.86,0,none,0,none
U005,2024-09-07 10:05:00,94.6,1,0.0,0.97,0,none,0,none
U005,2024-09-07 10:15:00,94.3,1,0.0,1.03,0,none,0,none
U005,2024-09-07 10:30:00,95.2,1,0.0,0.8,0,none,0,none
U005,2024-09-07 10:35:00,94.3,1,0.0,1.08,0,none,0,none
U005,2024-09-07 10:40:00,94.4,1,0.0,1.07,0,none,0,none
U005,2024-09-07 10:55:00,95.4,1,0.0,0.93,0,none,0,none
U005,2024-09-07 11:00:00,95.7,1,0.0,0.95,0,none,0,none
U005,2024-09-07 11:10:00,95.9,1,0.0,0.92,0,none,0,none
U005,2024-09-07 11:25:00,97.5,1,0.0,0.88,0,none,0,none
U005,2024-09-07 11:40:00,97.2,1,0.0,1.12,0,none,0,none
U005,2024-09-07 11:50:00,96.8,1,0.0,1.16,0,none,0,none
U005,2024-09-07 11:55:00,96.4,1,0.0,0.82,0,none,0,none
U005,2024-09-07 12:05:00,97.8,1,0.0,0.9,0,none,0,none
U005,2024-09-07 12:10:00,97.9,1,0.0,0.88,0,none,0,none
U005,2024-09-07 12:15:00,98.7,1,0.0,0.93,0,none,0,none
U005,2024-09-07 12:25:00,98.9,1,0.0,1.18,0,none,0,none
U005,2024-09-07 12:30:00,99.1,1,0.0,1.17,0,none,0,none
U005,2024-09-07 13:00:00,101.3,1,0.0,1.06,0,none,0,none
U005,2024-09-07 13:15:00,100.4,1,0.0,0.91,0,none,0,none
U005,2024-09-07 13:25:00,101.2,1,0.0,1.19,0,none,0,none
U005,2024-09-07 13:40:00,102.0,1,0.0,1.07,0,none,0,none
U005,2024-09-07 13:50:00,102.8,1,0.0,1.15,0,none,0,none
U005,2024-09-07 13:55:00,103.1,1,0.0,0.85,0,none,0,none
U005,2024-09-07 14:00:00,102.8,1,0.0,0.97,0,none,0,none
U005,2024-09-07 14:05:00,103.2,1,0.0,1.01,0,none,0,none
U005,2024-09-07 14:25:00,104.6,1,0.0,0.83,0,none,0,none
U005,2024-09-07 14:30:00,103.4,1,0.0,0.98,0,none,0,none
U005,2024-09-07 14:35:00,103.2,1,0.0,0.98,0,none,0,none
U005,2024-09-07 14:40:00,103.9,1,0.0,1.01,0,none,0,none
U005,2024-09-07 15:00:00,103.4,1,0.0,0.89,0,none,0,none
U005,2024-09-07 15:10:00,103.9,1,0.0,0.84,0,none,0,none
U005,2024-09-07 15:15:00,103.7,1,0.0,1.07,0,none,0,none
U005,2024-09-07 15:20:00,104.2,1,0.0,1.06,0,none,0,none
U005,2024-09-07 15:45:00,105.7,1,0.0,0.99,0,none,0,none
U005,2024-09-07 15:50:00,105.7,1,0.0,0.94,0,none,0,none
U005,2024-09-07 15:55:00,106.2,1,0.0,0.8,0,none,0,none
U005,2024-09-07 16:10:00,106.3,1,0.0,1.2,0,none,0,none
U005,2024-09-07 16:15:00,107.1,1,0.0,0.88,0,none,0,none
U005,2024-09-07 16:20:00,107.0,1,0.0,0.95,0,none,0,none
U005,2024-09-07 16:25:00,107.9,1,0.0,1.16,0,none,0,none
U005,2024-09-07 16:30:00,107.7,1,0.0,0.94,0,none,0,none
U005,2024-09-07 16:40:00,107.0,1,0.0,1.05,0,none,0,none
U005,2024-09-07 16:45:00,107.1,1,0.0,1.01,0,none,0,none
U005,2024-09-07 16:55:00,106.2,1,0.0,0.99,0,none,0,none
U005,2024-09-07 17:15:00,106.2,1,7.8,0.85,75,snack,0,none
U005,2024-09-07 17:20:00,106.2,1,0.0,0.84,0,none,0,none
U005,2024-09-07 17:30:00,105.8,1,0.0,0.99,0,none,0,none
U005,2024-09-07 17:45:00,106.8,1,0.0,1.1,0,none,0,none
U005,2024-09-07 17:55:00,108.0,1,0.0,0.83,0,none,0,none
U005,2024-09-07 18:10:00,109.9,1,0.0,0.95,0,none,0,none
U005,2024-09-07 18:15:00,110.2,1,0.0,0.89,0,none,0,none
U005,2024-09-07 18:20:00,108.3,1,0.0,0.97,0,none,4846,high
U005,2024-09-07 18:40:00,107.8,1,0.0,1.19,0,none,0,none
U005,2024-09-07 18:45:00,108.6,1,0.0,0.91,0,none,0,none
U005,2024-09-07 18:50:00,108.5,1,0.0,0.94,0,none,0,none
U005,2024-09-07 18:55:00,108.8,1,7.5,1.08,75,snack,0,none
U005,2024-09-07 19:00:00,108.4,1,0.0,1.03,0,none,0,none
U005,2024-09-07 19:10:00,108.2,1,0.0,0.88,0,none,0,none
U005,2024-09-07 19:20:00,108.1,1,0.0,1.01,0,none,0,none
U005,2024-09-07 19:40:00,107.2,1,0.0,1.03,0,none,0,none
U005,2024-09-07 19:45:00,106.5,1,0.0,1.07,0,none,0,none
U005,2024-09-07 19:55:00,107.3,1,0.0,1.04,0,none,0,none
U005,2024-09-07 20:05:00,107.1,1,0.0,0.81,0,none,0,none
U005,2024-09-07 20:10:00,107.3,1,0.0,1.02,0,none,0,none
U005,2024-09-07 20:15:00,108.2,1,0.0,1.02,0,none,0,none
U005,2024-09-07 20:20:00,107.4,1,0.0,0.81,0,none,0,none
U005,2024-09-07 20:30:00,107.5,1,0.0,1.17,0,none,0,none
U005,2024-09-07 20:35:00,107.8,1,0.0,0.82,0,none,0,none
U005,2024-09-07 20:40:00,107.3,1,0.0,1.11,0,none,0,none
U005,2024-09-07 20:45:00,108.3,1,0.0,1.08,0,none,0,none
U005,2024-09-07 21:00:00,107.3,1,0.0,0.9,0,none,0,none
U005,2024-09-07 21:05:00,107.9,1,0.0,0.98,0,none,0,none
U005,2024-09-07 21:10:00,107.8,1,0.0,0.89,0,none,0,none
U005,2024-09-07 21:20:00,108.5,1,0.0,1.04,0,none,0,none
U005,2024-09-07 21:25:00,108.0,1,0.0,0.81,0,none,0,none
U005,2024-09-07 21:35:00,108.9,1,0.0,0.92,0,none,0,none
U005,2024-09-07 21:45:00,108.1,1,0.0,0.92,0,none,0,none
U005,2024-09-07 21:50:00,108.9,1,3.9,0.88,30,lunch,0,none
U005,2024-09-07 21:55:00,108.9,1,0.0,1.03,0,none,0,none
U005,2024-09-07 22:00:00,108.5,1,0.0,1.13,0,none,0,none
U005,2024-09-07 22:05:00,108.5,1,0.0,1.12,0,none,0,none
U005,2024-09-07 22:10:00,108.6,1,0.0,0.87,0,none,0,none
U005,2024-09-07 22:15:00,108.6,1,0.0,1.05,0,none,0,none
U005,2024-09-07 22:20:00,108.9,1,0.0,0.89,0,none,0,none
U005,2024-09-07 22:30:00,108.1,1,0.0,1.15,0,none,0,none
U005,2024-09-07 22:35:00,109.2,1,0.0,1.07,0,none,0,none
U005,2024-09-07 22:40:00,108.6,1,0.0,1.15,0,none,0,none
U005,2024-09-07 22:45:00,108.9,1,0.0,1.11,0,none,0,none
U005,2024-09-07 22:50:00,108.3,1,0.0,1.07,0,none,0,none
U005,2024-09-07 22:55:00,108.3,1,0.0,0.91,0,none,0,none
U005,2024-09-07 23:00:00,108.5,1,0.0,1.13,0,none,0,none
U005,2024-09-07 23:20:00,110.2,1,4.1,0.83,45,dinner,0,none
U005,2024-09-07 23:25:00,110.2,1,0.0,0.91,0,none,0,none
U005,2024-09-07 23:30:00,109.8,1,0.0,0.98,0,none,0,none
U005,2024-09-07 23:35:00,110.5,1,0.0,1.09,0,none,0,none
U005,2024-09-07 23:40:00,110.4,1,0.0,1.18,0,none,0,none
U005,2024-09-07 23:55:00,109.7,1,0.0,1.17,0,none,0,none
U005,2024-09-08 00:00:00,110.4,1,0.0,0.92,0,none,0,none
U005,2024-09-08 00:05:00,110.6,1,0.0,0.81,0,none,0,none
U005,2024-09-08 00:10:00,109.9,1,0.0,0.95,0,none,0,none
U005,2024-09-08 00:15:00,108.7,1,0.0,0.89,0,none,4238,medium
U005,2024-09-08 00:25:00,109.6,1,0.0,0.99,0,none,0,none
U005,2024-09-08 00:30:00,109.6,1,0.0,1.14,0,none,0,none
U005,2024-09-08 00:35:00,109.2,1,0.0,1.05,0,none,0,none
U005,2024-09-08 00:50:00,108.9,1,0.0,1.09,0,none,0,none
U005,2024-09-08 00:55:00,109.8,1,0.0,0.94,0,none,0,none
U005,2024-09-08 01:00:00,110.3,1,0.0,0.92,0,none,0,none
U005,2024-09-08 01:05:00,109.9,1,0.0,1.09,0,none,0,none
U005,2024-09-08 01:10:00,110.8,1,0.0,1.11,0,none,0,none
U005,2024-09-08 01:20:00,111.7,1,0.0,0.97,0,none,0,none
U005,2024-09-08 01:25:00,112.0,1,0.0,0.92,0,none,0,none
U005,2024-09-08 01:30:00,111.6,1,0.0,0.85,0,none,0,none
U005,2024-09-08 01:55:00,111.7,1,0.0,1.19,0,none,0,none
U005,2024-09-08 02:00:00,111.3,1,0.0,1.03,0,none,0,none
U005,2024-09-08 02:05:00,110.2,1,0.0,1.02,0,none,0,none
U005,2024-09-08 02:15:00,109.8,1,0.0,1.11,0,none,0,none
U005,2024-09-08 02:35:00,110.1,1,0.0,1.02,0,none,0,none
U005,2024-09-08 02:40:00,110.4,1,0.0,1.13,0,none,0,none
U005,2024-09-08 02:45:00,109.6,1,0.0,0.89,0,none,0,none
U005,2024-09-08 02:55:00,108.7,1,0.0,0.81,0,none,0,none
U005,2024-09-08 03:00:00,107.8,1,0.0,1.11,0,none,0,none
U005,2024-09-08 03:10:00,109.4,0,0.0,1.03,0,none,0,none
U005,2024-09-08 03:15:00,109.2,1,0.0,0.95,0,none,0,none
U005,2024-09-08 03:20:00,109.7,1,0.0,0.85,0,none,0,none
U005,2024-09-08 03:30:00,110.7,1,0.0,0.81,0,none,0,none
U005,2024-09-08 03:35:00,111.5,1,0.0,1.1,0,none,0,none
U005,2024-09-08 03:45:00,112.7,1,0.0,0.88,0,none,0,none
U005,2024-09-08 03:50:00,113.4,1,0.0,0.95,0,none,0,none
U005,2024-09-08 04:05:00,112.8,1,0.0,0.81,0,none,0,none
U005,2024-09-08 04:10:00,113.0,1,10.4,0.84,90,snack,0,none
U005,2024-09-08 04:15:00,112.8,1,0.0,1.02,0,none,0,none
U005,2024-09-08 04:25:00,112.4,1,0.0,1.05,0,none,0,none
U005,2024-09-08 04:30:00,112.2,1,0.0,1.12,0,none,0,none
U005,2024-09-08 04:40:00,112.3,1,0.0,1.07,0,none,0,none
U005,2024-09-08 04:45:00,112.0,1,0.0,0.87,0,none,0,none
U005,2024-09-08 04:50:00,111.4,1,0.0,1.1,0,none,0,none
U005,2024-09-08 04:55:00,111.3,1,0.0,0.84,0,none,0,none
U005,2024-09-08 05:00:00,111.7,1,0.0,0.84,0,none,0,none
U005,2024-09-08 05:05:00,112.4,1,0.0,0.95,0,none,0,none
U005,2024-09-08 05:15:00,112.3,1,0.0,0.91,0,none,0,none
U005,2024-09-08 05:20:00,112.2,1,0.0,0.95,0,none,0,none
U005,2024-09-08 05:30:00,113.7,1,0.0,1.11,0,none,0,none
U005,2024-09-08 05:35:00,113.4,1,0.0,1.03,0,none,0,none
U005,2024-09-08 05:40:00,113.9,1,0.0,1.08,0,none,0,none
U005,2024-09-08 05:45:00,114.3,1,0.0,1.05,0,none,0,none
U005,2024-09-08 05:50:00,114.2,1,0.0,0.9,0,none,0,none
U005,2024-09-08 06:05:00,113.7,1,0.0,0.81,0,none,0,none
U005,2024-09-08 06:10:00,114.7,1,0.0,0.88,0,none,0,none
U005,2024-09-08 06:20:00,113.2,1,0.0,1.19,0,none,0,none
U005,2024-09-08 06:25:00,112.7,1,0.0,0.85,0,none,0,none
U005,2024-09-08 06:30:00,112.0,1,0.0,1.09,0,none,0,none
U005,2024-09-08 06:35:00,111.8,1,0.0,1.11,0,none,0,none
U005,2024-09-08 06:45:00,111.7,1,0.0,1.0,0,none,0,none
U005,2024-09-08 07:05:00,113.2,1,0.0,1.02,0,none,0,none
U005,2024-09-08 07:15:00,112.4,1,0.0,0.83,0,none,0,none
U005,2024-09-08 07:20:00,113.2,1,0.0,1.14,0,none,0,none
U005,2024-09-08 07:30:00,113.8,1,0.0,0.91,0,none,0,none
U005,2024-09-08 07:40:00,114.2,1,0.0,1.01,0,none,0,none
U005,2024-09-08 07:45:00,114.6,1,0.0,0.97,0,none,0,none
U005,2024-09-08 07:50:00,114.8,1,0.0,0.87,0,none,0,none
U005,2024-09-08 07:55:00,114.8,1,0.0,0.95,0,none,0,none
U005,2024-09-08 08:05:00,114.1,1,0.0,1.02,0,none,0,none
U005,2024-09-08 08:10:00,114.2,1,0.0,1.06,0,none,0,none
U005,2024-09-08 08:15:00,114.9,1,0.0,1.03,0,none,0,none
U005,2024-09-08 08:20:00,115.1,1,0.0,1.18,0,none,0,none
U005,2024-09-08 08:25:00,115.4,1,0.0,0.93,0,none,0,none
U005,2024-09-08 08:40:00,116.6,1,0.0,1.07,0,none,0,none
U005,2024-09-08 08:50:00,116.3,1,0.0,1.15,0,none,0,none
U005,2024-09-08 09:00:00,117.3,1,0.0,0.91,0,none,0,none
U005,2024-09-08 09:05:00,117.7,1,0.0,1.17,0,none,0,none
U005,2024-09-08 09:20:00,117.9,1,0.0,0.84,0,none,0,none
U005,2024-09-08 09:25:00,117.6,1,0.0,1.05,0,none,0,none
U005,2024-09-08 09:30:00,117.5,1,0.0,0.99,0,none,0,none
U005,2024-09-08 09:35:00,116.6,1,0.0,1.04,0,none,0,none
U005,2024-09-08 09:45:00,116.6,1,0.0,0.98,0,none,0,none
U005,2024-09-08 09:50:00,116.3,1,0.0,1.12,0,none,0,none
U005,2024-09-08 10:00:00,115.8,1,0.0,1.13,0,none,0,none
U005,2024-09-08 10:05:00,115.5,1,0.0,0.95,0,none,0,none
U005,2024-09-08 10:10:00,116.1,1,0.0,0.98,0,none,0,none
U005,2024-09-08 10:15:00,116.1,1,0.0,1.19,0,none,0,none
U005,2024-09-08 10:20:00,115.8,1,0.0,1.08,0,none,0,none
U005,2024-09-08 10:30:00,117.3,1,0.0,1.15,0,none,0,none
U005,2024-09-08 10:40:00,117.4,1,0.0,0.84,0,none,0,none
U005,2024-09-08 10:45:00,117.0,1,0.0,1.03,0,none,0,none
U005,2024-09-08 10:50:00,117.6,1,0.0,0.85,0,none,0,none
U005,2024-09-08 10:55:00,118.1,1,0.0,0.84,0,none,0,none
U005,2024-09-08 11:00:00,117.2,1,0.0,1.1,0,none,0,none
U005,2024-09-08 11:05:00,116.7,1,0.0,0.9,0,none,0,none
U005,2024-09-08 11:10:00,117.4,1,0.0,0.96,0,none,0,none
U005,2024-09-08 11:15:00,116.1,1,0.0,1.04,0,none,1236,high
U005,2024-09-08 11:25:00,116.5,1,0.0,1.06,0,none,0,none
U005,2024-09-08 11:35:00,116.3,1,0.0,1.19,0,none,0,none
U005,2024-09-08 11:55:00,116.5,1,0.0,0.96,0,none,0,none
U005,2024-09-08 12:15:00,117.7,1,0.0,0.94,0,none,0,none
U005,2024-09-08 12:20:00,117.5,1,0.0,1.15,0,none,0,none
U005,2024-09-08 12:25:00,117.8,1,9.8,0.81,90,dinner,0,none
U005,2024-09-08 12:35:00,119.0,1,0.0,1.1,0,none,0,none
U005,2024-09-08 12:40:00,118.3,1,0.0,1.0,0,none,0,none
U005,2024-09-08 12:45:00,118.3,1,0.0,1.11,0,none,0,none
U005,2024-09-08 12:50:00,118.1,1,0.0,0.87,0,none,0,none
U005,2024-09-08 12:55:00,117.7,1,0.0,0.91,0,none,0,none
U005,2024-09-08 13:05:00,118.3,1,0.0,0.83,0,none,0,none
U005,2024-09-08 13:25:00,116.7,1,0.0,0.88,0,none,0,none
U005,2024-09-08 13:35:00,116.7,1,0.0,0.94,0,none,0,none
U005,2024-09-08 13:55:00,115.8,1,0.0,0.89,0,none,0,none
U005,2024-09-08 14:05:00,116.4,1,0.0,0.83,0,none,0,none
U005,2024-09-08 14:20:00,116.6,1,9.3,0.97,90,snack,0,none
U005,2024-09-08 14:25:00,116.0,1,0.0,0.83,0,none,0,none
U005,2024-09-08 14:30:00,116.3,1,0.0,0.91,0,none,0,none
U005,2024-09-08 14:35:00,115.7,1,0.0,1.01,0,none,0,none
U005,2024-09-08 14:40:00,115.5,1,0.0,0.92,0,none,0,none
U005,2024-09-08 14:55:00,115.6,1,0.0,0.85,0,none,0,none
U005,2024-09-08 15:10:00,116.8,1,0.0,1.13,0,none,0,none
U005,2024-09-08 15:15:00,116.7,1,0.0,0.99,0,none,0,none
U005,2024-09-08 15:20:00,117.2,1,0.0,1.12,0,none,0,none
U005,2024-09-08 15:25:00,117.1,1,0.0,1.18,0,none,0,none
U005,2024-09-08 15:30:00,117.3,1,0.0,0.97,0,none,0,none
U005,2024-09-08 15:35:00,117.9,1,0.0,0.88,0,none,0,none
U005,2024-09-08 15:50:00,118.2,1,0.0,1.19,0,none,0,none
U005,2024-09-08 15:55:00,118.3,1,0.0,1.1,0,none,0,none
U005,2024-09-08 16:15:00,119.1,1,0.0,1.05,0,none,0,none
U005,2024-09-08 16:25:00,118.6,1,0.0,1.14,0,none,0,none
U005,2024-09-08 16:30:00,119.1,1,0.0,1.02,0,none,0,none
U005,2024-09-08 16:35:00,119.5,1,0.0,0.98,0,none,0,none
U005,2024-09-08 16:45:00,120.7,1,0.0,0.9,0,none,0,none
U005,2024-09-08 16:50:00,120.6,1,0.0,1.08,0,none,0,none
U005,2024-09-08 16:55:00,120.6,1,9.2,1.13,75,dinner,0,none
U005,2024-09-08 17:05:00,121.6,1,0.0,1.12,0,none,0,none
U005,2024-09-08 17:10:00,121.7,1,0.0,1.06,0,none,0,none
U005,2024-09-08 17:25:00,121.4,1,0.0,1.17,0,none,0,none
U005,2024-09-08 17:30:00,121.0,1,0.0,0.83,0,none,0,none
U005,2024-09-08 17:35:00,120.7,1,0.0,0.99,0,none,0,none
U005,2024-09-08 17:40:00,121.3,1,0.0,0.97,0,none,0,none
U005,2024-09-08 17:45:00,120.8,1,0.0,0.84,0,none,0,none
U005,2024-09-08 17:50:00,120.8,1,0.0,0.85,0,none,0,none
U005,2024-09-08 17:55:00,120.1,1,0.0,0.84,0,none,0,none
U005,2024-09-08 18:00:00,120.9,1,0.0,0.92,0,none,0,none
U005,2024-09-08 18:05:00,120.7,1,0.0,1.17,0,none,0,none
U005,2024-09-08 18:10:00,120.2,1,0.0,0.98,0,none,0,none
U005,2024-09-08 18:15:00,119.9,1,0.0,1.15,0,none,0,none
U005,2024-09-08 18:20:00,119.9,1,0.0,1.09,0,none,0,none
U005,2024-09-08 18:25:00,119.9,1,0.0,0.94,0,none,0,none
U005,2024-09-08 18:30:00,119.7,1,6.8,1.14,60,breakfast,0,none
U005,2024-09-08 18:35:00,119.9,1,0.0,0.92,0,none,0,none
U005,2024-09-08 18:40:00,119.7,1,0.0,0.88,0,none,0,none
U005,2024-09-08 18:50:00,118.5,1,0.0,1.07,0,none,0,none
U005,2024-09-08 18:55:00,119.2,1,0.0,0.91,0,none,0,none
U005,2024-09-08 19:00:00,119.1,1,0.0,0.81,0,none,0,none
U005,2024-09-08 19:10:00,119.2,1,0.0,1.1,0,none,0,none
U005,2024-09-08 19:15:00,120.3,1,0.0,0.9,0,none,0,none
U005,2024-09-08 19:20:00,120.3,1,0.0,1.15,0,none,0,none
U005,2024-09-08 19:30:00,119.9,1,0.0,0.97,0,none,0,none
U005,2024-09-08 19:35:00,119.5,1,0.0,0.87,0,none,0,none
U005,2024-09-08 19:45:00,119.3,1,0.0,0.89,0,none,0,none
U005,2024-09-08 19:55:00,119.3,1,0.0,1.13,0,none,0,none
U005,2024-09-08 20:00:00,119.4,1,0.0,0.8,0,none,0,none
U005,2024-09-08 20:05:00,118.7,1,0.0,0.87,0,none,0,none
U005,2024-09-08 20:10:00,118.4,1,0.0,1.04,0,none,0,none
U005,2024-09-08 20:15:00,118.9,1,0.0,0.99,0,none,0,none
U005,2024-09-08 20:20:00,119.3,1,0.0,0.92,0,none,0,none
U005,2024-09-08 20:25:00,119.8,1,0.0,1.0,0,none,0,none
U005,2024-09-08 20:30:00,120.2,1,0.0,0.99,0,none,0,none
U005,2024-09-08 20:40:00,120.3,1,0.0,1.2,0,none,0,none
U005,2024-09-08 20:45:00,121.5,1,0.0,1.11,0,none,0,none
U005,2024-09-08 20:50:00,121.6,1,8.3,1.19,75,dinner,0,none
U005,2024-09-08 20:55:00,121.5,1,0.0,1.18,0,none,0,none
U005,2024-09-08 21:00:00,121.1,1,0.0,1.14,0,none,2624,high
U005,2024-09-08 21:10:00,120.6,1,0.0,1.13,0,none,0,none
U005,2024-09-08 21:15:00,120.4,1,0.0,0.95,0,none,0,none
U005,2024-09-08 21:20:00,120.8,1,0.0,1.15,0,none,0,none
U005,2024-09-08 21:25:00,121.6,1,0.0,0.91,0,none,0,none
U005,2024-09-08 21:30:00,120.9,1,0.0,0.97,0,none,0,none
U005,2024-09-08 21:35:00,120.7,1,0.0,0.94,0,none,0,none
U005,2024-09-08 21:40:00,121.3,1,0.0,1.14,0,none,0,none
U005,2024-09-08 21:50:00,121.1,1,0.0,1.04,0,none,0,none
U005,2024-09-08 21:55:00,120.9,1,0.0,1.1,0,none,0,none
U005,2024-09-08 22:00:00,121.0,1,0.0,1.03,0,none,0,none
U005,2024-09-08 22:05:00,121.2,1,0.0,0.89,0,none,0,none
U005,2024-09-08 22:10:00,121.9,1,0.0,0.81,0,none,0,none
U005,2024-09-08 22:15:00,121.1,1,0.0,0.84,0,none,0,none
U005,2024-09-08 22:30:00,121.4,1,0.0,1.08,0,none,0,none
U005,2024-09-08 22:35:00,120.8,1,0.0,1.12,0,none,0,none
U005,2024-09-08 23:00:00,121.2,1,3.6,1.11,30,lunch,0,none
U005,2024-09-08 23:05:00,121.8,1,0.0,0.99,0,none,0,none
U005,2024-09-08 23:10:00,122.0,1,0.0,0.95,0,none,0,none
U005,2024-09-08 23:15:00,122.1,1,0.0,0.99,0,none,0,none
U005,2024-09-08 23:25:00,121.9,1,0.0,0.8,0,none,0,none
U005,2024-09-08 23:30:00,122.3,1,0.0,0.99,0,none,0,none
U005,2024-09-08 23:35:00,122.5,1,9.2,1.07,90,lunch,0,none
U005,2024-09-08 23:45:00,123.4,1,0.0,1.13,0,none,0,none
U005,2024-09-08 23:50:00,123.9,1,0.0,1.11,0,none,0,none
U005,2024-09-09 00:00:00,123.9,1,0.0,0.89,0,none,0,none
U005,2024-09-09 00:15:00,126.3,1,0.0,0.86,0,none,0,none
U005,2024-09-09 00:50:00,126.2,1,0.0,1.18,0,none,0,none
U005,2024-09-09 01:00:00,125.7,1,2.8,1.19,30,snack,0,none
U005,2024-09-09 01:05:00,125.7,0,0.0,0.95,0,none,0,none
U005,2024-09-09 01:10:00,125.1,1,0.0,0.87,0,none,0,none
U005,2024-09-09 01:25:00,125.3,1,0.0,1.18,0,none,0,none
U005,2024-09-09 01:45:00,125.8,1,0.0,1.15,0,none,0,none
U005,2024-09-09 01:50:00,125.9,1,0.0,1.18,0,none,0,none
U005,2024-09-09 01:55:00,126.6,1,0.0,1.0,0,none,0,none
U005,2024-09-09 02:00:00,127.4,1,0.0,1.08,0,none,0,none
U005,2024-09-09 02:05:00,128.5,1,0.0,0.8,0,none,0,none
U005,2024-09-09 02:10:00,128.4,1,0.0,0.87,0,none,0,none
U005,2024-09-09 02:15:00,128.6,1,0.0,0.81,0,none,0,none
U005,2024-09-09 02:20:00,128.4,1,0.0,0.9,0,none,0,none
U005,2024-09-09 02:30:00,128.2,1,0.0,1.1,0,none,0,none
U005,2024-09-09 02:35:00,128.4,1,0.0,1.17,0,none,0,none
U005,2024-09-09 02:40:00,128.8,1,0.0,1.19,0,none,0,none
U005,2024-09-09 02:50:00,128.9,1,0.0,1.17,0,none,0,none
U005,2024-09-09 02:55:00,128.1,1,10.2,1.16,90,snack,0,none
U005,2024-09-09 03:05:00,129.3,1,5.1,0.83,45,dinner,0,none
U005,2024-09-09 03:10:00,129.4,1,0.0,0.92,0,none,0,none
U005,2024-09-09 03:15:00,129.2,1,0.0,0.82,0,none,0,none
U005,2024-09-09 03:20:00,130.4,1,0.0,1.03,0,none,0,none
U005,2024-09-09 03:25:00,129.9,1,0.0,1.07,0,none,0,none
U005,2024-09-09 03:35:00,130.1,1,0.0,0.96,0,none,0,none
U005,2024-09-09 03:50:00,130.8,1,0.0,0.92,0,none,0,none
U005,2024-09-09 03:55:00,130.8,1,0.0,1.19,0,none,0,none
U005,2024-09-09 04:00:00,129.5,1,0.0,1.01,0,none,0,none
U005,2024-09-09 04:05:00,128.9,1,0.0,1.1,0,none,0,none
U005,2024-09-09 04:20:00,128.9,1,0.0,1.07,0,none,0,none
U005,2024-09-09 04:25:00,128.9,1,0.0,1.1,0,none,0,none
U005,2024-09-09 04:30:00,129.0,1,5.5,0.92,45,dinner,0,none
U005,2024-09-09 04:50:00,127.0,1,0.0,0.95,0,none,0,none
U005,2024-09-09 04:55:00,126.8,1,0.0,0.82,0,none,0,none
U005,2024-09-09 05:00:00,127.3,1,0.0,0.87,0,none,0,none
U005,2024-09-09 05:05:00,127.0,1,0.0,0.91,0,none,0,none
U005,2024-09-09 05:15:00,126.3,1,0.0,1.1,0,none,0,none
U005,2024-09-09 05:20:00,126.6,1,0.0,0.99,0,none,0,none
U005,2024-09-09 05:55:00,127.6,1,0.0,0.82,0,none,0,none
U005,2024-09-09 06:05:00,127.9,1,0.0,1.14,0,none,0,none
U005,2024-09-09 06:10:00,128.3,1,0.0,1.07,0,none,0,none
U005,2024-09-09 06:20:00,128.9,1,0.0,1.17,0,none,0,none
U005,2024-09-09 06:35:00,129.6,1,0.0,0.93,0,none,0,none
U005,2024-09-09 06:50:00,130.0,1,0.0,0.91,0,none,0,none
U005,2024-09-09 06:55:00,129.5,1,0.0,1.05,0,none,0,none
U005,2024-09-09 07:00:00,128.8,1,0.0,0.89,0,none,0,none
U005,2024-09-09 07:05:00,130.0,1,0.0,1.16,0,none,0,none
U005,2024-09-09 07:15:00,130.2,1,0.0,1.1,0,none,0,none
U005,2024-09-09 07:20:00,130.5,1,0.0,0.87,0,none,0,none
U005,2024-09-09 07:35:00,130.9,1,0.0,0.83,0,none,0,none
U005,2024-09-09 07:45:00,131.1,1,0.0,0.9,0,none,0,none
U005,2024-09-09 07:50:00,131.1,1,0.0,1.01,0,none,0,none
U005,2024-09-09 07:55:00,131.7,1,0.0,1.06,0,none,0,none
U005,2024-09-09 08:00:00,131.0,1,0.0,1.12,0,none,0,none
U005,2024-09-09 08:10:00,130.6,1,0.0,1.04,0,none,0,none
U005,2024-09-09 08:15:00,130.5,1,0.0,0.92,0,none,0,none
U005,2024-09-09 08:20:00,130.2,1,0.0,0.82,0,none,0,none
U005,2024-09-09 08:30:00,130.3,1,0.0,0.94,0,none,0,none
U005,2024-09-09 08:35:00,129.6,1,0.0,1.09,0,none,0,none
U005,2024-09-09 08:40:00,129.1,1,0.0,0.96,0,none,0,none
U005,2024-09-09 08:45:00,129.3,1,0.0,1.05,0,none,0,none
U005,2024-09-09 08:50:00,129.7,1,0.0,1.2,0,none,0,none
U005,2024-09-09 08:55:00,129.8,1,0.0,1.16,0,none,0,none
U005,2024-09-09 09:00:00,129.7,1,0.0,0.99,0,none,0,none
U005,2024-09-09 09:05:00,129.8,1,0.0,0.98,0,none,0,none
U005,2024-09-09 09:10:00,129.5,1,0.0,1.12,0,none,0,none
U005,2024-09-09 09:20:00,129.2,1,0.0,0.95,0,none,0,none
U005,2024-09-09 09:25:00,130.1,1,0.0,1.2,0,none,0,none
U005,2024-09-09 09:30:00,129.7,1,0.0,0.82,0,none,0,none
U005,2024-09-09 09:35:00,129.6,1,0.0,0.97,0,none,0,none
U005,2024-09-09 09:40:00,129.4,1,0.0,1.16,0,none,0,none
U005,2024-09-09 09:50:00,128.8,1,0.0,1.03,0,none,0,none
U005,2024-09-09 09:55:00,129.1,1,0.0,0.96,0,none,0,none
U005,2024-09-09 10:05:00,128.6,1,0.0,0.82,0,none,0,none
U005,2024-09-09 10:35:00,127.8,1,0.0,1.01,0,none,0,none
U005,2024-09-09 10:40:00,128.8,1,0.0,1.03,0,none,0,none
U005,2024-09-09 10:45:00,128.9,1,0.0,1.17,75,lunch,0,none
U005,2024-09-09 10:55:00,128.8,1,0.0,0.98,0,none,0,none
U005,2024-09-09 11:05:00,128.9,1,0.0,1.12,0,none,0,none
U005,2024-09-09 11:10:00,128.6,1,0.0,0.82,0,none,0,none
U005,2024-09-09 11:15:00,129.4,1,0.0,0.9,0,none,0,none
U005,2024-09-09 11:25:00,130.3,1,0.0,0.87,0,none,0,none
U005,2024-09-09 11:35:00,130.8,1,0.0,0.88,0,none,0,none
U005,2024-09-09 11:40:00,130.7,1,0.0,1.08,0,none,0,none
U005,2024-09-09 11:50:00,129.4,1,0.0,1.03,0,none,0,none
U005,2024-09-09 11:55:00,129.4,1,0.0,1.08,0,none,0,none
U005,2024-09-09 12:00:00,129.4,1,0.0,1.2,0,none,0,none
U005,2024-09-09 12:05:00,129.5,1,0.0,1.01,0,none,0,none
U005,2024-09-09 12:25:00,129.5,1,0.0,1.15,0,none,0,none
U005,2024-09-09 12:35:00,128.9,1,6.4,0.9,60,dinner,0,none
U005,2024-09-09 12:45:00,128.4,1,0.0,1.08,0,none,0,none
U005,2024-09-09 12:50:00,128.3,1,0.0,1.02,0,none,0,none
U005,2024-09-09 13:00:00,128.7,1,0.0,0.81,0,none,0,none
U005,2024-09-09 13:05:00,129.5,1,0.0,1.08,0,none,0,none
U005,2024-09-09 13:10:00,130.3,1,0.0,1.11,0,none,0,none
U005,2024-09-09 13:20:00,129.3,1,0.0,1.04,0,none,0,none
U005,2024-09-09 13:30:00,129.5,1,0.0,1.09,0,none,0,none
U005,2024-09-09 13:35:00,129.2,1,0.0,0.98,0,none,0,none
U005,2024-09-09 13:45:00,129.9,1,0.0,1.13,0,none,0,none
U005,2024-09-09 13:50:00,131.3,1,0.0,0.92,0,none,0,none
U005,2024-09-09 14:15:00,131.2,1,0.0,0.9,0,none,0,none
U005,2024-09-09 14:25:00,130.9,1,0.0,1.05,0,none,0,none
U005,2024-09-09 14:30:00,131.5,1,0.0,0.99,0,none,0,none
U005,2024-09-09 14:50:00,131.7,1,0.0,0.86,0,none,0,none
U005,2024-09-09 15:00:00,132.1,1,0.0,0.98,0,none,0,none
U005,2024-09-09 15:05:00,131.7,1,0.0,1.14,0,none,0,none
U005,2024-09-09 15:10:00,130.6,1,0.0,1.14,0,none,0,none
U005,2024-09-09 15:25:00,130.5,1,0.0,0.99,0,none,0,none
U005,2024-09-09 15:35:00,131.7,1,0.0,1.01,0,none,0,none
U005,2024-09-09 15:40:00,131.5,1,0.0,0.9,0,none,0,none
U005,2024-09-09 15:45:00,131.7,1,0.0,1.15,0,none,0,none
U005,2024-09-09 15:55:00,130.5,1,4.9,1.03,45,lunch,0,none
U005,2024-09-09 16:00:00,131.1,1,0.0,1.09,0,none,0,none
U005,2024-09-09 16:05:00,131.4,1,0.0,1.15,0,none,0,none
U005,2024-09-09 16:20:00,130.1,1,0.0,1.16,0,none,4644,high
U005,2024-09-09 16:25:00,129.9,1,0.0,0.85,0,none,0,none
U005,2024-09-09 16:30:00,129.3,1,0.0,0.93,0,none,0,none
U005,2024-09-09 16:35:00,129.2,1,0.0,0.81,0,none,0,none
U005,2024-09-09 16:40:00,129.0,1,0.0,1.04,0,none,0,none
U005,2024-09-09 16:50:00,129.1,1,0.0,0.87,0,none,0,none
U005,2024-09-09 16:55:00,129.9,1,0.0,1.19,0,none,0,none
U005,2024-09-09 17:00:00,130.2,1,0.0,1.18,0,none,0,none
U005,2024-09-09 17:05:00,129.5,1,0.0,1.09,0,none,0,none
U005,2024-09-09 17:10:00,129.4,1,0.0,0.92,0,none,0,none
U005,2024-09-09 17:20:00,131.2,1,5.8,0.82,45,lunch,0,none
U005,2024-09-09 17:25:00,131.6,1,10.0,0.93,90,breakfast,0,none
U005,2024-09-09 17:30:00,132.1,1,0.0,1.09,0,none,0,none
U005,2024-09-09 17:35:00,132.3,1,0.0,1.14,0,none,0,none
U005,2024-09-09 17:50:00,131.3,1,0.0,0.92,0,none,0,none
U005,2024-09-09 17:55:00,131.4,1,0.0,0.95,0,none,0,none
U005,2024-09-09 18:05:00,132.0,1,0.0,1.16,0,none,0,none
U005,2024-09-09 18:10:00,131.9,1,0.0,0.84,0,none,0,none
U005,2024-09-09 18:15:00,131.4,1,0.0,1.02,0,none,0,none
U005,2024-09-09 18:45:00,131.1,1,0.0,0.9,0,none,0,none
U005,2024-09-09 18:50:00,131.3,1,0.0,0.96,0,none,0,none
U005,2024-09-09 19:00:00,130.5,1,0.0,0.99,0,none,0,none
U005,2024-09-09 19:05:00,130.7,1,4.1,0.89,45,breakfast,0,none
U005,2024-09-09 19:10:00,131.4,1,4.5,1.05,45,breakfast,0,none
U005,2024-09-09 19:15:00,131.5,1,0.0,0.92,0,none,0,none
U005,2024-09-09 19:25:00,132.1,1,0.0,0.87,0,none,0,none
U005,2024-09-09 19:30:00,132.8,1,0.0,0.83,0,none,0,none
U005,2024-09-09 19:35:00,132.9,1,0.0,1.03,0,none,0,none
U005,2024-09-09 19:40:00,132.6,1,0.0,0.86,0,none,0,none
U005,2024-09-09 19:45:00,132.8,1,0.0,1.1,0,none,0,none
U005,2024-09-09 19:50:00,132.7,1,0.0,1.12,0,none,0,none
U005,2024-09-09 20:00:00,132.1,1,0.0,1.09,0,none,0,none
U005,2024-09-09 20:05:00,130.9,1,0.0,1.2,0,none,0,none
U005,2024-09-09 20:10:00,130.9,1,0.0,0.99,0,none,0,none
U005,2024-09-09 20:20:00,130.4,1,0.0,0.95,0,none,0,none
U005,2024-09-09 20:25:00,129.8,1,0.0,0.89,0,none,0,none
U005,2024-09-09 20:30:00,130.6,1,0.0,0.87,0,none,0,none
U005,2024-09-09 20:35:00,130.4,1,0.0,0.87,0,none,0,none
U005,2024-09-09 20:40:00,130.9,1,0.0,1.11,0,none,0,none
U005,2024-09-09 20:45:00,130.3,1,0.0,1.13,0,none,1491,low
U005,2024-09-09 20:50:00,131.1,1,0.0,1.17,0,none,0,none
U005,2024-09-09 21:00:00,132.3,1,0.0,1.04,0,none,0,none
U005,2024-09-09 21:05:00,132.0,1,0.0,1.15,90,breakfast,1780,high
U005,2024-09-09 21:10:00,132.3,1,0.0,1.15,0,none,0,none
U005,2024-09-09 21:30:00,133.7,1,0.0,0.94,0,none,0,none
U005,2024-09-09 21:50:00,133.2,1,0.0,1.15,0,none,0,none
U005,2024-09-09 21:55:00,133.1,1,0.0,1.09,0,none,0,none
U005,2024-09-09 22:00:00,133.0,1,0.0,0.91,0,none,0,none
U005,2024-09-09 22:10:00,132.3,1,0.0,0.83,0,none,0,none
U005,2024-09-09 22:15:00,131.6,1,0.0,0.91,0,none,0,none
U005,2024-09-09 22:20:00,131.2,1,0.0,0.92,0,none,0,none
U006,2024-09-01 00:00:00,115.4,1,0.0,0.86,0,none,0,none
U006,2024-09-01 00:15:00,115.1,1,0.0,1.09,0,none,0,none
U006,2024-09-01 00:25:00,115.2,1,0.0,1.07,0,none,0,none
U006,2024-09-01 00:35:00,115.7,1,0.0,0.8,0,none,0,none
U006,2024-09-01 00:55:00,116.1,1,0.0,1.08,0,none,0,none
U006,2024-09-01 01:00:00,116.3,1,0.0,0.87,0,none,0,none
U006,2024-09-01 01:25:00,114.0,1,0.0,0.97,0,none,0,none
U006,2024-09-01 01:30:00,112.7,1,0.0,1.1,0,none,0,none
U006,2024-09-01 01:40:00,108.9,1,0.0,1.19,0,none,0,none
U006,2024-09-01 01:50:00,106.7,1,0.0,0.85,0,none,0,none
U006,2024-09-01 02:05:00,104.9,1,0.0,1.17,0,none,0,none
U006,2024-09-01 02:15:00,103.7,1,0.0,1.07,0,none,0,none
U006,2024-09-01 02:20:00,104.5,1,2.9,1.0,30,breakfast,0,none
U006,2024-09-01 02:25:00,104.9,1,0.0,0.82,0,none,0,none
U006,2024-09-01 02:30:00,104.8,1,0.0,1.04,0,none,0,none
U006,2024-09-01 02:35:00,105.6,1,0.0,1.18,0,none,0,none
U006,2024-09-01 02:40:00,105.2,1,0.0,1.05,0,none,0,none
U006,2024-09-01 02:45:00,105.5,1,0.0,1.06,0,none,0,none
U006,2024-09-01 02:50:00,105.7,1,0.0,0.83,0,none,0,none
U006,2024-09-01 02:55:00,105.6,1,0.0,1.1,0,none,0,none
U006,2024-09-01 03:05:00,104.6,1,0.0,1.04,0,none,0,none
U006,2024-09-01 03:15:00,102.9,1,0.0,0.85,0,none,0,none
U006,2024-09-01 03:25:00,103.3,1,0.0,0.89,0,none,0,none
U006,2024-09-01 03:30:00,103.4,1,0.0,1.12,0,none,0,none
U006,2024-09-01 03:35:00,103.7,1,0.0,1.14,0,none,0,none
U006,2024-09-01 03:40:00,104.4,1,0.0,0.82,0,none,0,none
U006,2024-09-01 03:55:00,103.9,1,0.0,1.04,0,none,0,none
U006,2024-09-01 04:05:00,104.3,1,0.0,1.05,0,none,0,none
U006,2024-09-01 04:10:00,104.1,1,0.0,1.1,0,none,0,none
U006,2024-09-01 04:20:00,103.4,1,0.0,0.94,0,none,0,none
U006,2024-09-01 04:25:00,103.8,1,0.0,1.0,90,breakfast,0,none
U006,2024-09-01 04:35:00,103.9,1,0.0,1.19,0,none,0,none
U006,2024-09-01 04:45:00,104.7,1,0.0,1.14,0,none,0,none
U006,2024-09-01 04:50:00,105.0,1,0.0,0.86,0,none,0,none
U006,2024-09-01 05:00:00,106.0,1,0.0,1.18,0,none,0,none
U006,2024-09-01 05:10:00,105.7,1,0.0,0.91,0,none,0,none
U006,2024-09-01 05:15:00,106.3,1,0.0,0.91,0,none,0,none
U006,2024-09-01 05:20:00,106.1,1,0.0,0.82,0,none,0,none
U006,2024-09-01 05:25:00,106.0,1,0.0,1.1,0,none,0,none
U006,2024-09-01 05:35:00,105.4,1,0.0,1.04,0,none,0,none
U006,2024-09-01 05:40:00,105.2,1,0.0,0.82,0,none,0,none
U006,2024-09-01 05:55:00,105.1,1,0.0,0.89,0,none,0,none
U006,2024-09-01 06:00:00,104.1,1,7.8,1.0,75,dinner,3748,high
U006,2024-09-01 06:05:00,103.5,1,0.0,0.81,0,none,0,none
U006,2024-09-01 06:10:00,104.5,1,0.0,0.9,0,none,0,none
U006,2024-09-01 06:30:00,103.7,1,0.0,1.09,0,none,0,none
U006,2024-09-01 06:50:00,102.8,1,0.0,0.86,0,none,0,none
U006,2024-09-01 07:05:00,104.9,1,0.0,0.99,0,none,0,none
U006,2024-09-01 07:15:00,105.6,1,0.0,1.13,0,none,0,none
U006,2024-09-01 07:20:00,105.1,1,0.0,1.1,0,none,0,none
U006,2024-09-01 07:35:00,105.7,1,0.0,1.15,0,none,0,none
U006,2024-09-01 07:40:00,105.3,1,0.0,1.07,0,none,0,none
U006,2024-09-01 07:45:00,105.9,1,0.0,0.93,0,none,0,none
U006,2024-09-01 07:50:00,105.4,1,0.0,0.95,0,none,0,none
U006,2024-09-01 07:55:00,105.4,1,0.0,0.92,0,none,0,none
U006,2024-09-01 08:00:00,105.9,1,0.0,1.0,0,none,0,none
U006,2024-09-01 08:15:00,108.3,1,5.0,1.05,45,dinner,0,none
U006,2024-09-01 08:20:00,108.6,1,0.0,1.08,0,none,0,none
U006,2024-09-01 08:30:00,108.9,1,0.0,1.1,0,none,0,none
U006,2024-09-01 08:35:00,109.4,1,0.0,1.07,0,none,0,none
U006,2024-09-01 08:40:00,110.4,1,0.0,1.02,0,none,0,none
U006,2024-09-01 08:45:00,110.1,1,0.0,0.97,0,none,0,none
U006,2024-09-01 08:50:00,110.7,1,0.0,1.19,0,none,0,none
U006,2024-09-01 09:00:00,110.5,1,0.0,0.95,0,none,0,none
U006,2024-09-01 09:05:00,110.6,1,0.0,0.89,0,none,0,none
U006,2024-09-01 09:15:00,108.6,1,0.0,1.15,0,none,0,none
U006,2024-09-01 09:25:00,108.2,1,0.0,0.99,0,none,0,none
U006,2024-09-01 09:35:00,108.3,1,0.0,0.88,0,none,0,none
U006,2024-09-01 09:40:00,108.4,1,0.0,1.13,0,none,0,none
U006,2024-09-01 09:50:00,108.1,1,0.0,0.88,0,none,0,none
U006,2024-09-01 10:05:00,108.6,1,0.0,0.95,0,none,0,none
U006,2024-09-01 10:15:00,108.3,1,0.0,1.05,0,none,0,none
U006,2024-09-01 10:20:00,108.7,1,0.0,1.1,0,none,0,none
U006,2024-09-01 10:40:00,107.8,1,0.0,0.8,0,none,0,none
U006,2024-09-01 10:45:00,108.0,1,0.0,1.14,0,none,0,none
U006,2024-09-01 11:05:00,106.3,1,0.0,0.86,0,none,2339,low
U006,2024-09-01 11:15:00,106.7,1,0.0,0.93,0,none,0,none
U006,2024-09-01 11:25:00,107.5,1,0.0,1.03,0,none,0,none
U006,2024-09-01 11:40:00,107.1,1,0.0,0.99,0,none,0,none
U006,2024-09-01 11:55:00,107.1,1,7.4,1.15,75,dinner,0,none
U006,2024-09-01 12:05:00,107.6,1,0.0,1.11,0,none,0,none
U006,2024-09-01 12:10:00,108.4,1,0.0,0.92,0,none,0,none
U006,2024-09-01 12:25:00,107.9,1,0.0,0.86,0,none,0,none
U006,2024-09-01 12:30:00,108.2,1,0.0,0.84,0,none,0,none
U006,2024-09-01 12:45:00,109.0,1,0.0,0.86,0,none,0,none
U006,2024-09-01 12:50:00,109.0,1,0.0,1.11,0,none,0,none
U006,2024-09-01 12:55:00,109.2,1,0.0,0.86,0,none,0,none
U006,2024-09-01 13:00:00,108.8,1,0.0,1.07,0,none,0,none
U006,2024-09-01 13:05:00,109.9,1,0.0,1.17,0,none,0,none
U006,2024-09-01 13:10:00,110.2,1,0.0,1.05,0,none,0,none
U006,2024-09-01 13:15:00,110.1,1,0.0,1.05,0,none,0,none
U006,2024-09-01 13:30:00,111.0,1,0.0,1.15,0,none,0,none
U006,2024-09-01 13:35:00,112.5,1,8.5,1.08,75,breakfast,0,none
U006,2024-09-01 14:00:00,111.9,1,0.0,0.84,0,none,0,none
U006,2024-09-01 14:10:00,111.8,1,0.0,0.89,0,none,0,none
U006,2024-09-01 14:20:00,113.1,1,0.0,1.2,0,none,0,none
U006,2024-09-01 14:25:00,113.1,1,0.0,1.09,0,none,0,none
U006,2024-09-01 14:35:00,112.3,1,0.0,0.97,0,none,0,none
U006,2024-09-01 14:45:00,113.9,1,0.0,0.92,0,none,0,none
U006,2024-09-01 14:50:00,114.6,1,0.0,0.99,0,none,0,none
U006,2024-09-01 14:55:00,114.0,1,0.0,0.91,0,none,0,none
U006,2024-09-01 15:10:00,113.5,1,0.0,1.19,0,none,0,none
U006,2024-09-01 15:15:00,113.7,1,0.0,0.97,0,none,0,none
U006,2024-09-01 15:20:00,113.7,1,0.0,0.84,0,none,0,none
U006,2024-09-01 15:35:00,113.8,1,0.0,1.08,0,none,0,none
U006,2024-09-01 15:40:00,114.3,1,0.0,0.83,0,none,0,none
U006,2024-09-01 15:45:00,114.8,1,0.0,1.13,0,none,0,none
U006,2024-09-01 15:55:00,114.1,1,0.0,1.19,0,none,0,none
U006,2024-09-01 16:10:00,113.6,1,0.0,0.8,0,none,0,none
U006,2024-09-01 16:15:00,113.8,1,0.0,0.94,0,none,0,none
U006,2024-09-01 16:20:00,113.7,1,0.0,0.95,0,none,0,none
U006,2024-09-01 16:25:00,113.7,1,0.0,0.89,0,none,0,none
U006,2024-09-01 16:30:00,113.5,1,0.0,1.02,0,none,0,none
U006,2024-09-01 16:35:00,113.8,1,0.0,1.0,0,none,0,none
U006,2024-09-01 16:45:00,114.2,1,6.9,0.88,60,lunch,0,none
U006,2024-09-01 17:00:00,114.0,1,0.0,1.15,0,none,0,none
U006,2024-09-01 17:20:00,112.1,1,0.0,0.99,0,none,0,none
U006,2024-09-01 17:30:00,111.3,1,0.0,1.19,0,none,0,none
U006,2024-09-01 17:40:00,111.2,1,0.0,1.12,0,none,0,none
U006,2024-09-01 17:45:00,110.6,1,0.0,0.85,0,none,0,none
U006,2024-09-01 17:50:00,110.0,1,0.0,1.19,0,none,0,none
U006,2024-09-01 17:55:00,111.4,1,0.0,0.92,0,none,0,none
U006,2024-09-01 18:05:00,111.6,1,0.0,1.13,0,none,0,none
U006,2024-09-01 18:10:00,112.7,1,0.0,0.82,0,none,0,none
U006,2024-09-01 18:15:00,112.6,1,0.0,1.11,0,none,0,none
U006,2024-09-01 18:25:00,113.1,1,0.0,1.16,0,none,0,none
U006,2024-09-01 18:35:00,113.2,1,0.0,0.86,0,none,0,none
U006,2024-09-01 18:45:00,112.7,1,0.0,1.03,0,none,0,none
U006,2024-09-01 19:00:00,111.0,1,0.0,0.82,0,none,0,none
U006,2024-09-01 19:05:00,110.8,1,0.0,1.15,0,none,0,none
U006,2024-09-01 19:15:00,111.0,1,0.0,0.92,0,none,0,none
U006,2024-09-01 19:25:00,111.5,1,0.0,1.11,0,none,0,none
U006,2024-09-01 19:30:00,111.0,1,0.0,0.88,0,none,0,none
U006,2024-09-01 19:40:00,110.4,1,0.0,0.84,0,none,0,none
U006,2024-09-01 19:45:00,110.8,1,0.0,1.16,0,none,0,none
U006,2024-09-01 19:50:00,111.4,1,0.0,1.09,0,none,0,none
U006,2024-09-01 19:55:00,110.9,1,4.8,1.09,45,lunch,0,none
U006,2024-09-01 20:00:00,111.8,1,0.0,0.82,0,none,0,none
U006,2024-09-01 20:05:00,112.6,1,0.0,0.88,0,none,0,none
U006,2024-09-01 20:15:00,112.4,1,0.0,1.18,0,none,0,none
U006,2024-09-01 20:25:00,112.4,1,0.0,0.98,0,none,0,none
U006,2024-09-01 20:30:00,112.7,1,0.0,1.03,0,none,0,none
U006,2024-09-01 20:45:00,112.5,1,0.0,1.15,0,none,0,none
U006,2024-09-01 20:50:00,112.8,1,0.0,1.0,0,none,0,none
U006,2024-09-01 21:05:00,112.5,1,0.0,0.91,0,none,0,none
U006,2024-09-01 21:10:00,113.1,1,0.0,1.06,0,none,0,none
U006,2024-09-01 21:15:00,112.8,1,0.0,1.04,0,none,0,none
U006,2024-09-01 21:30:00,112.2,1,0.0,1.18,0,none,0,none
U006,2024-09-01 21:35:00,111.9,1,0.0,0.95,0,none,0,none
U006,2024-09-01 21:45:00,112.1,1,0.0,0.93,0,none,0,none
U006,2024-09-01 22:00:00,111.0,1,0.0,0.92,0,none,0,none
U006,2024-09-01 22:05:00,110.5,1,0.0,1.1,0,none,0,none
U006,2024-09-01 22:15:00,109.7,0,0.0,1.12,0,none,0,none
U006,2024-09-01 22:20:00,109.1,1,0.0,1.16,0,none,0,none
U006,2024-09-01 22:25:00,108.6,1,0.0,0.85,0,none,0,none
U006,2024-09-01 22:40:00,109.7,1,8.2,1.13,75,dinner,0,none
U006,2024-09-01 22:45:00,109.7,1,0.0,0.95,0,none,0,none
U006,2024-09-01 22:50:00,109.7,1,0.0,0.98,0,none,0,none
U006,2024-09-01 23:00:00,110.6,1,0.0,1.14,0,none,0,none
U006,2024-09-01 23:05:00,110.5,1,0.0,0.8,0,none,0,none
U006,2024-09-01 23:10:00,111.1,1,0.0,0.82,0,none,0,none
U006,2024-09-01 23:15:00,112.1,1,0.0,0.83,0,none,0,none
U006,2024-09-01 23:35:00,111.2,1,0.0,1.09,0,none,0,none
U006,2024-09-01 23:45:00,109.6,1,0.0,0.96,0,none,0,none
U006,2024-09-01 23:50:00,109.7,1,0.0,1.13,0,none,0,none
U006,2024-09-01 23:55:00,109.1,1,0.0,1.1,0,none,0,none
U006,2024-09-02 00:00:00,109.2,1,0.0,1.19,0,none,0,none
U006,2024-09-02 00:05:00,109.4,1,0.0,0.81,0,none,0,none
U006,2024-09-02 00:10:00,109.3,1,0.0,1.07,0,none,0,none
U006,2024-09-02 00:35:00,109.9,1,0.0,0.81,0,none,0,none
U006,2024-09-02 00:45:00,110.7,1,3.7,0.99,30,snack,0,none
U006,2024-09-02 00:55:00,110.6,1,6.2,1.17,60,breakfast,0,none
U006,2024-09-02 01:00:00,110.7,1,0.0,1.1,0,none,0,none
U006,2024-09-02 01:05:00,111.5,1,0.0,1.09,0,none,0,none
U006,2024-09-02 01:10:00,111.8,1,0.0,0.99,0,none,0,none
U006,2024-09-02 01:20:00,111.1,1,0.0,0.94,0,none,0,none
U006,2024-09-02 01:25:00,111.5,1,0.0,1.18,0,none,0,none
U006,2024-09-02 01:35:00,112.8,1,0.0,1.13,0,none,0,none
U006,2024-09-02 01:40:00,113.7,1,0.0,1.15,0,none,0,none
U006,2024-09-02 01:45:00,113.5,1,0.0,1.16,0,none,0,none
U006,2024-09-02 01:50:00,113.9,1,0.0,0.83,0,none,0,none
U006,2024-09-02 01:55:00,114.3,1,0.0,1.2,0,none,0,none
U006,2024-09-02 02:00:00,113.8,1,0.0,0.86,0,none,0,none
U006,2024-09-02 02:20:00,113.3,1,0.0,0.94,0,none,0,none
U006,2024-09-02 02:25:00,113.9,1,0.0,0.83,0,none,0,none
U006,2024-09-02 02:40:00,115.8,1,0.0,1.16,0,none,0,none
U006,2024-09-02 02:50:00,115.8,1,0.0,0.8,0,none,0,none
U006,2024-09-02 02:55:00,115.4,1,0.0,0.95,0,none,0,none
U006,2024-09-02 03:00:00,115.3,1,0.0,1.06,0,none,0,none
U006,2024-09-02 03:05:00,115.8,1,0.0,0.82,0,none,0,none
U006,2024-09-02 03:10:00,115.4,1,0.0,1.14,0,none,0,none
U006,2024-09-02 03:25:00,117.3,1,0.0,1.14,0,none,0,none
U006,2024-09-02 03:30:00,117.5,1,0.0,1.08,0,none,0,none
U006,2024-09-02 03:35:00,117.8,1,0.0,1.05,0,none,0,none
U006,2024-09-02 03:40:00,118.0,1,0.0,0.92,0,none,0,none
U006,2024-09-02 03:45:00,117.8,1,0.0,0.92,0,none,0,none
U006,2024-09-02 03:50:00,117.6,1,5.8,1.06,60,dinner,0,none
U006,2024-09-02 04:05:00,118.3,1,9.4,0.84,90,dinner,0,none
U006,2024-09-02 04:10:00,119.0,1,0.0,1.18,0,none,0,none
U006,2024-09-02 04:20:00,118.5,1,0.0,0.93,0,none,0,none
U006,2024-09-02 04:25:00,118.2,1,0.0,1.2,0,none,0,none
U006,2024-09-02 04:30:00,118.7,1,0.0,0.87,0,none,0,none
U006,2024-09-02 04:35:00,119.1,1,0.0,1.17,0,none,0,none
U006,2024-09-02 04:40:00,118.8,1,0.0,0.93,0,none,0,none
U006,2024-09-02 04:50:00,118.6,1,8.4,1.16,90,snack,0,none
U006,2024-09-02 04:55:00,118.4,1,0.0,0.87,0,none,0,none
U006,2024-09-02 05:00:00,118.4,1,0.0,0.92,0,none,0,none
U006,2024-09-02 05:05:00,118.0,1,0.0,1.1,0,none,0,none
U006,2024-09-02 05:10:00,117.9,1,0.0,1.08,0,none,0,none
U006,2024-09-02 05:20:00,118.0,1,0.0,1.05,0,none,0,none
U006,2024-09-02 05:25:00,118.4,1,0.0,0.91,0,none,0,none
U006,2024-09-02 05:30:00,118.4,1,0.0,1.09,0,none,0,none
U006,2024-09-02 05:35:00,118.7,1,0.0,1.12,0,none,0,none
U006,2024-09-02 05:45:00,118.8,1,0.0,0.91,0,none,0,none
U006,2024-09-02 06:00:00,119.6,1,0.0,1.15,0,none,0,none
U006,2024-09-02 06:10:00,119.9,1,0.0,0.95,0,none,0,none
U006,2024-09-02 06:15:00,120.8,1,0.0,0.9,0,none,0,none
U006,2024-09-02 06:20:00,120.4,1,0.0,0.8,0,none,0,none
U006,2024-09-02 06:50:00,119.8,1,0.0,0.86,0,none,0,none
U006,2024-09-02 06:55:00,120.7,1,0.0,1.08,0,none,0,none
U006,2024-09-02 07:05:00,120.9,1,0.0,0.97,0,none,0,none
U006,2024-09-02 07:15:00,120.5,1,0.0,1.16,0,none,0,none
U006,2024-09-02 07:20:00,120.5,1,0.0,0.84,0,none,0,none
U006,2024-09-02 07:25:00,120.5,1,0.0,0.85,0,none,0,none
U006,2024-09-02 07:30:00,120.6,1,0.0,0.93,0,none,0,none
U006,2024-09-02 07:35:00,120.1,1,0.0,1.12,0,none,0,none
U006,2024-09-02 07:45:00,120.7,1,0.0,0.8,0,none,0,none
U006,2024-09-02 07:55:00,120.1,0,0.0,1.07,0,none,0,none
U006,2024-09-02 08:00:00,119.6,1,0.0,0.96,0,none,0,none
U006,2024-09-02 08:05:00,120.3,1,0.0,1.01,0,none,0,none
U006,2024-09-02 08:10:00,120.7,1,6.9,1.07,60,breakfast,0,none
U006,2024-09-02 08:15:00,120.8,1,0.0,0.85,0,none,0,none
U006,2024-09-02 08:20:00,120.4,1,0.0,1.06,0,none,0,none
U006,2024-09-02 08:40:00,121.1,1,0.0,1.11,0,none,0,none
U006,2024-09-02 08:50:00,120.7,1,0.0,1.16,0,none,0,none
U006,2024-09-02 08:55:00,121.3,1,0.0,0.94,0,none,0,none
U006,2024-09-02 09:05:00,120.7,1,0.0,1.0,0,none,0,none
U006,2024-09-02 09:10:00,121.1,1,0.0,0.81,0,none,0,none
U006,2024-09-02 09:30:00,122.8,1,0.0,1.09,0,none,0,none
U006,2024-09-02 09:35:00,122.8,1,0.0,0.99,0,none,0,none
U006,2024-09-02 09:45:00,123.2,1,0.0,0.9,0,none,0,none
U006,2024-09-02 09:50:00,123.4,1,0.0,0.91,0,none,0,none
U006,2024-09-02 10:05:00,123.8,1,0.0,0.94,0,none,0,none
U006,2024-09-02 10:25:00,122.9,1,0.0,1.06,0,none,0,none
U006,2024-09-02 10:45:00,121.9,1,0.0,1.02,0,none,0,none
U006,2024-09-02 11:05:00,119.1,1,0.0,1.15,0,none,0,none
U006,2024-09-02 11:10:00,118.8,1,0.0,1.13,0,none,0,none
U006,2024-09-02 11:25:00,118.2,1,0.0,0.95,0,none,0,none
U006,2024-09-02 11:30:00,118.7,1,0.0,1.07,0,none,0,none
U006,2024-09-02 11:35:00,118.6,1,0.0,1.03,0,none,0,none
U006,2024-09-02 11:40:00,118.7,1,0.0,0.83,0,none,0,none
U006,2024-09-02 11:45:00,118.7,1,0.0,0.82,0,none,0,none
U006,2024-09-02 11:50:00,119.1,1,0.0,1.03,0,none,0,none
U006,2024-09-02 12:00:00,119.6,1,0.0,1.17,0,none,0,none
U006,2024-09-02 12:05:00,119.2,1,0.0,0.98,0,none,0,none
U006,2024-09-02 12:15:00,119.0,1,0.0,0.87,0,none,0,none
U006,2024-09-02 12:20:00,119.7,1,0.0,1.06,0,none,0,none
U006,2024-09-02 12:25:00,118.5,1,0.0,1.05,0,none,0,none
U006,2024-09-02 12:50:00,116.8,1,0.0,0.9,0,none,0,none
U006,2024-09-02 12:55:00,116.6,1,0.0,1.12,0,none,0,none
U006,2024-09-02 13:00:00,116.7,1,0.0,1.16,0,none,0,none
U006,2024-09-02 13:05:00,117.0,1,0.0,1.11,0,none,0,none
U006,2024-09-02 13:10:00,116.4,1,0.0,1.17,0,none,0,none
U006,2024-09-02 13:15:00,116.9,1,0.0,0.8,0,none,0,none
U006,2024-09-02 13:25:00,115.2,1,0.0,0.97,0,none,2087,medium
U006,2024-09-02 13:30:00,116.2,1,0.0,1.02,0,none,0,none
U006,2024-09-02 13:35:00,115.9,1,0.0,1.0,0,none,0,none
U006,2024-09-02 13:40:00,115.5,1,0.0,0.89,0,none,0,none
U006,2024-09-02 14:00:00,115.8,1,0.0,0.95,0,none,0,none
U006,2024-09-02 14:20:00,116.3,1,0.0,0.86,0,none,0,none
U006,2024-09-02 14:25:00,117.1,1,0.0,0.91,0,none,0,none
U006,2024-09-02 14:35:00,116.8,1,0.0,1.18,0,none,0,none
U006,2024-09-02 14:55:00,117.9,1,0.0,1.15,0,none,0,none
U006,2024-09-02 15:15:00,117.0,1,0.0,0.92,0,none,3251,high
U006,2024-09-02 15:20:00,116.7,1,0.0,0.82,0,none,0,none
U006,2024-09-02 15:25:00,116.1,1,0.0,0.94,0,none,0,none
U006,2024-09-02 15:30:00,116.3,1,0.0,1.0,0,none,0,none
U006,2024-09-02 15:35:00,117.0,1,0.0,0.88,0,none,0,none
U006,2024-09-02 15:45:00,116.5,1,0.0,1.07,0,none,0,none
U006,2024-09-02 15:50:00,116.5,1,0.0,0.98,0,none,0,none
U006,2024-09-02 15:55:00,116.3,1,0.0,0.84,0,none,0,none
U006,2024-09-02 16:00:00,117.5,1,0.0,1.0,0,none,0,none
U006,2024-09-02 16:05:00,117.2,1,0.0,0.91,0,none,0,none
U006,2024-09-02 16:10:00,117.0,1,0.0,0.83,0,none,0,none
U006,2024-09-02 16:20:00,117.2,1,0.0,1.15,0,none,0,none
U006,2024-09-02 16:30:00,116.3,1,0.0,1.17,0,none,0,none
U006,2024-09-02 16:35:00,116.6,1,0.0,1.07,0,none,0,none
U006,2024-09-02 16:45:00,116.9,1,0.0,1.1,0,none,0,none
U006,2024-09-02 16:50:00,117.4,1,0.0,1.08,0,none,0,none
U006,2024-09-02 16:55:00,116.8,1,0.0,0.81,0,none,0,none
U006,2024-09-02 17:00:00,117.5,1,0.0,0.83,0,none,0,none
U006,2024-09-02 17:10:00,118.7,1,0.0,1.07,0,none,0,none
U006,2024-09-02 17:15:00,118.7,1,0.0,0.99,0,none,0,none
U006,2024-09-02 17:20:00,119.0,1,0.0,0.9,0,none,0,none
U006,2024-09-02 17:30:00,119.5,1,0.0,1.05,0,none,0,none
U006,2024-09-02 17:40:00,118.8,1,0.0,1.18,0,none,0,none
U006,2024-09-02 17:45:00,118.4,1,0.0,0.8,0,none,0,none
U006,2024-09-02 17:50:00,119.1,1,0.0,1.07,0,none,0,none
U006,2024-09-02 18:00:00,117.9,1,0.0,0.97,0,none,0,none
U006,2024-09-02 18:05:00,118.3,1,0.0,0.84,0,none,0,none
U006,2024-09-02 18:10:00,117.6,1,0.0,0.94,0,none,0,none
U006,2024-09-02 18:15:00,117.6,1,0.0,1.14,0,none,0,none
U006,2024-09-02 18:20:00,117.2,1,0.0,0.98,0,none,0,none
U006,2024-09-02 18:30:00,116.5,1,0.0,1.18,0,none,0,none
U006,2024-09-02 18:40:00,115.2,1,0.0,1.03,0,none,0,none
U006,2024-09-02 18:45:00,115.4,1,0.0,0.85,0,none,0,none
U006,2024-09-02 19:00:00,114.6,1,0.0,0.81,0,none,0,none
U006,2024-09-02 19:15:00,114.5,1,0.0,1.19,0,none,0,none
U006,2024-09-02 19:20:00,115.1,1,0.0,1.18,0,none,0,none
U006,2024-09-02 19:30:00,115.2,1,0.0,0.87,0,none,0,none
U006,2024-09-02 19:35:00,115.6,1,0.0,0.95,0,none,0,none
U006,2024-09-02 20:05:00,115.4,1,0.0,1.05,0,none,0,none
U006,2024-09-02 20:15:00,114.6,1,0.0,1.12,0,none,0,none
U006,2024-09-02 20:25:00,113.8,1,0.0,0.94,0,none,0,none
U006,2024-09-02 20:35:00,115.2,1,0.0,0.9,0,none,0,none
U006,2024-09-02 20:45:00,115.6,1,0.0,0.91,0,none,0,none
U006,2024-09-02 21:00:00,115.9,1,0.0,0.82,0,none,0,none
U006,2024-09-02 21:05:00,115.8,1,0.0,0.99,0,none,0,none
U006,2024-09-02 21:15:00,116.3,1,0.0,0.83,0,none,0,none
U006,2024-09-02 21:25:00,116.9,1,0.0,1.08,0,none,0,none
U006,2024-09-02 21:35:00,117.7,1,0.0,1.17,0,none,0,none
U006,2024-09-02 21:40:00,118.1,1,0.0,1.18,0,none,0,none
U006,2024-09-02 21:50:00,119.3,1,0.0,0.93,0,none,0,none
U006,2024-09-02 21:55:00,118.8,1,0.0,1.09,0,none,0,none
U006,2024-09-02 22:05:00,118.2,1,0.0,1.14,0,none,0,none
U006,2024-09-02 22:15:00,118.2,1,0.0,0.84,0,none,0,none
U006,2024-09-02 22:20:00,118.3,1,0.0,1.1,0,none,0,none
U006,2024-09-02 22:30:00,118.4,1,0.0,0.98,0,none,0,none
U006,2024-09-02 22:45:00,119.0,1,8.6,1.06,90,dinner,0,none
U006,2024-09-02 22:50:00,118.5,1,0.0,0.83,0,none,0,none
U006,2024-09-02 23:05:00,118.0,1,0.0,1.04,0,none,0,none
U006,2024-09-02 23:10:00,117.6,1,0.0,0.98,0,none,0,none
U006,2024-09-02 23:15:00,117.5,1,0.0,0.83,0,none,0,none
U006,2024-09-02 23:20:00,118.3,1,0.0,1.19,0,none,0,none
U006,2024-09-02 23:30:00,117.8,1,0.0,0.86,0,none,0,none
U006,2024-09-02 23:40:00,118.3,1,0.0,1.04,0,none,0,none
U006,2024-09-02 23:45:00,118.4,1,0.0,1.01,0,none,0,none
U006,2024-09-03 00:00:00,117.5,1,0.0,0.8,0,none,0,none
U006,2024-09-03 00:05:00,117.3,1,0.0,1.06,0,none,0,none
U006,2024-09-03 00:10:00,116.2,1,4.8,0.89,45,lunch,2952,high
U006,2024-09-03 00:20:00,116.7,1,0.0,0.9,0,none,0,none
U006,2024-09-03 00:30:00,116.9,1,0.0,1.08,0,none,0,none
U006,2024-09-03 00:40:00,116.7,1,0.0,1.17,0,none,0,none
U006,2024-09-03 01:00:00,114.8,1,0.0,0.91,0,none,0,none
U006,2024-09-03 01:05:00,115.9,1,0.0,1.17,0,none,0,none
U006,2024-09-03 01:20:00,117.1,1,0.0,0.91,0,none,0,none
U006,2024-09-03 01:25:00,116.5,1,0.0,0.8,0,none,0,none
U006,2024-09-03 01:30:00,116.9,1,0.0,1.05,0,none,0,none
U006,2024-09-03 01:40:00,118.1,1,0.0,0.97,0,none,0,none
U006,2024-09-03 01:45:00,118.0,1,0.0,0.92,0,none,0,none
U006,2024-09-03 01:50:00,117.6,1,0.0,0.99,0,none,0,none
U006,2024-09-03 02:05:00,117.7,1,0.0,0.8,0,none,0,none
U006,2024-09-03 02:15:00,118.0,1,0.0,0.89,0,none,0,none
U006,2024-09-03 02:20:00,117.4,1,0.0,1.15,45,snack,0,none
U006,2024-09-03 02:25:00,117.4,1,0.0,1.15,0,none,0,none
U006,2024-09-03 02:30:00,116.7,1,0.0,1.2,0,none,1035,medium
U006,2024-09-03 02:40:00,117.2,1,0.0,0.99,0,none,0,none
U006,2024-09-03 02:45:00,117.0,1,0.0,1.06,0,none,0,none
U006,2024-09-03 02:50:00,117.3,1,0.0,0.95,0,none,0,none
U006,2024-09-03 02:55:00,117.1,1,0.0,1.02,0,none,0,none
U006,2024-09-03 03:00:00,116.9,1,0.0,1.08,0,none,0,none
U006,2024-09-03 03:15:00,116.7,1,0.0,1.03,0,none,0,none
U006,2024-09-03 03:30:00,116.5,1,0.0,0.96,0,none,0,none
U006,2024-09-03 03:35:00,115.6,1,0.0,0.9,0,none,0,none
U006,2024-09-03 03:40:00,115.9,1,0.0,1.09,0,none,0,none
U006,2024-09-03 03:45:00,116.5,1,0.0,0.93,0,none,0,none
U006,2024-09-03 03:50:00,116.2,1,0.0,1.12,0,none,0,none
U006,2024-09-03 03:55:00,115.9,1,0.0,0.93,0,none,0,none
U006,2024-09-03 04:10:00,116.7,0,0.0,1.02,0,none,0,none
U006,2024-09-03 04:25:00,116.2,1,0.0,0.84,0,none,0,none
U006,2024-09-03 04:30:00,115.7,1,0.0,1.1,60,snack,0,none
U006,2024-09-03 04:35:00,116.0,1,0.0,1.04,0,none,0,none
U006,2024-09-03 04:40:00,116.3,1,0.0,0.92,0,none,0,none
U006,2024-09-03 04:45:00,116.4,1,0.0,1.06,0,none,0,none
U006,2024-09-03 04:50:00,115.8,1,0.0,1.17,0,none,0,none
U006,2024-09-03 05:00:00,116.6,1,0.0,0.97,0,none,0,none
U006,2024-09-03 05:15:00,116.2,1,0.0,1.11,0,none,0,none
U006,2024-09-03 05:20:00,116.4,1,0.0,1.0,0,none,0,none
U006,2024-09-03 05:25:00,116.8,1,0.0,1.14,0,none,0,none
U006,2024-09-03 05:45:00,116.1,1,8.8,0.96,90,dinner,0,none
U006,2024-09-03 05:55:00,116.4,1,8.1,1.07,75,breakfast,0,none
U006,2024-09-03 06:00:00,116.4,1,0.0,0.95,0,none,0,none
U006,2024-09-03 06:05:00,115.9,1,0.0,0.87,0,none,0,none
U006,2024-09-03 06:20:00,115.1,1,0.0,1.08,0,none,0,none
U006,2024-09-03 06:35:00,115.7,1,0.0,0.95,0,none,0,none
U006,2024-09-03 06:45:00,115.1,1,0.0,1.03,0,none,0,none
U006,2024-09-03 06:50:00,115.8,1,0.0,0.89,0,none,0,none
U006,2024-09-03 06:55:00,116.4,1,0.0,0.82,0,none,0,none
U006,2024-09-03 07:00:00,116.5,1,0.0,0.86,0,none,0,none
U006,2024-09-03 07:05:00,117.0,1,0.0,1.13,0,none,0,none
U006,2024-09-03 07:20:00,116.8,1,0.0,1.08,0,none,0,none
U006,2024-09-03 07:25:00,116.6,1,0.0,0.94,0,none,0,none
U006,2024-09-03 07:30:00,117.1,1,0.0,1.12,0,none,0,none
U006,2024-09-03 07:40:00,117.3,1,0.0,1.08,0,none,0,none
U006,2024-09-03 07:45:00,117.8,1,0.0,1.03,0,none,0,none
U006,2024-09-03 07:55:00,117.9,1,0.0,0.84,0,none,0,none
U006,2024-09-03 08:05:00,118.1,1,0.0,0.92,0,none,0,none
U006,2024-09-03 08:10:00,118.9,1,0.0,0.99,0,none,0,none
U006,2024-09-03 08:15:00,118.1,1,0.0,1.06,0,none,0,none
U006,2024-09-03 08:35:00,117.6,1,0.0,1.19,0,none,0,none
U006,2024-09-03 08:55:00,118.4,1,0.0,1.04,0,none,0,none
U006,2024-09-03 09:00:00,116.9,1,0.0,0.92,0,none,4148,low
U006,2024-09-03 09:10:00,116.2,1,0.0,0.85,0,none,0,none
U006,2024-09-03 09:15:00,116.0,1,0.0,0.82,0,none,0,none
U006,2024-09-03 09:20:00,116.5,1,0.0,0.97,0,none,0,none
U006,2024-09-03 09:25:00,117.2,1,0.0,0.91,0,none,0,none
U006,2024-09-03 09:30:00,117.1,1,0.0,1.05,0,none,0,none
U006,2024-09-03 09:35:00,117.5,1,0.0,1.18,0,none,0,none
U006,2024-09-03 09:40:00,118.6,1,0.0,1.18,0,none,0,none
U006,2024-09-03 09:50:00,118.3,1,0.0,0.97,0,none,0,none
U006,2024-09-03 10:00:00,118.9,1,0.0,1.17,0,none,0,none
U006,2024-09-03 10:10:00,119.3,1,0.0,1.13,0,none,0,none
U006,2024-09-03 10:25:00,119.9,1,0.0,0.97,0,none,0,none
U006,2024-09-03 10:45:00,120.1,1,0.0,0.9,0,none,0,none
U006,2024-09-03 10:50:00,120.8,1,0.0,1.17,0,none,0,none
U006,2024-09-03 10:55:00,120.4,1,9.1,1.11,90,snack,0,none
U006,2024-09-03 11:00:00,120.7,1,0.0,1.08,0,none,0,none
U006,2024-09-03 11:05:00,119.8,1,0.0,1.09,0,none,4268,high
U006,2024-09-03 11:15:00,120.2,1,0.0,1.05,0,none,0,none
U006,2024-09-03 11:20:00,119.4,1,0.0,1.09,0,none,2506,high
U006,2024-09-03 11:25:00,120.3,1,0.0,1.19,0,none,0,none
U006,2024-09-03 11:35:00,120.9,1,0.0,1.04,0,none,0,none
U006,2024-09-03 11:40:00,120.5,1,0.0,1.08,0,none,0,none
U006,2024-09-03 11:45:00,120.7,1,0.0,1.12,0,none,0,none
U006,2024-09-03 11:50:00,121.3,1,0.0,0.94,0,none,0,none
U006,2024-09-03 12:00:00,121.9,1,0.0,1.09,0,none,0,none
U006,2024-09-03 12:05:00,122.0,1,4.3,1.07,45,lunch,0,none
U006,2024-09-03 12:10:00,122.0,1,0.0,1.17,0,none,0,none
U006,2024-09-03 12:15:00,122.0,1,0.0,0.98,0,none,0,none
U006,2024-09-03 12:20:00,122.7,1,0.0,1.12,0,none,0,none
U006,2024-09-03 12:25:00,122.7,1,0.0,0.94,0,none,0,none
U006,2024-09-03 12:35:00,122.7,1,5.3,1.1,60,lunch,0,none
U006,2024-09-03 12:40:00,122.9,1,0.0,0.96,0,none,0,none
U006,2024-09-03 12:45:00,122.7,1,0.0,1.05,0,none,0,none
U006,2024-09-03 12:50:00,123.4,1,0.0,0.98,0,none,0,none
U006,2024-09-03 13:00:00,123.7,1,0.0,1.16,0,none,0,none
U006,2024-09-03 13:10:00,123.4,1,0.0,0.91,0,none,0,none
U006,2024-09-03 13:20:00,123.4,1,0.0,1.0,0,none,0,none
U006,2024-09-03 13:25:00,123.4,1,0.0,0.91,0,none,0,none
U006,2024-09-03 13:35:00,124.0,1,0.0,1.09,0,none,0,none
U006,2024-09-03 13:45:00,124.8,1,0.0,1.17,0,none,0,none
U006,2024-09-03 13:50:00,125.0,1,0.0,1.15,0,none,0,none
U006,2024-09-03 13:55:00,125.3,1,0.0,0.9,0,none,0,none
U006,2024-09-03 14:00:00,125.5,1,0.0,1.12,0,none,0,none
U006,2024-09-03 14:05:00,125.3,1,0.0,1.1,0,none,0,none
U006,2024-09-03 14:20:00,126.3,1,0.0,0.99,0,none,0,none
U006,2024-09-03 14:25:00,126.2,1,0.0,0.94,0,none,0,none
U006,2024-09-03 14:35:00,126.3,1,0.0,1.03,0,none,0,none
U006,2024-09-03 14:40:00,126.2,1,0.0,1.01,0,none,0,none
U006,2024-09-03 14:45:00,125.5,1,0.0,0.83,0,none,0,none
U006,2024-09-03 14:50:00,126.0,1,0.0,1.13,0,none,0,none
U006,2024-09-03 14:55:00,126.8,1,0.0,0.82,0,none,0,none
U006,2024-09-03 15:15:00,129.0,1,0.0,0.86,0,none,0,none
U006,2024-09-03 15:20:00,129.0,1,0.0,0.87,0,none,0,none
U006,2024-09-03 15:25:00,128.7,1,0.0,1.17,0,none,0,none
U006,2024-09-03 15:30:00,127.9,1,0.0,1.04,0,none,0,none
U006,2024-09-03 15:35:00,128.0,1,0.0,0.98,0,none,0,none
U006,2024-09-03 15:45:00,127.8,1,0.0,1.16,0,none,0,none
U006,2024-09-03 15:50:00,127.3,1,0.0,0.91,0,none,0,none
U006,2024-09-03 15:55:00,127.1,1,0.0,0.99,0,none,0,none
U006,2024-09-03 16:00:00,127.5,1,0.0,0.91,0,none,0,none
U006,2024-09-03 16:05:00,126.9,1,8.2,0.84,75,snack,624,medium
U006,2024-09-03 16:20:00,127.1,1,0.0,1.06,0,none,0,none
U006,2024-09-03 16:25:00,127.4,1,0.0,0.98,0,none,0,none
U006,2024-09-03 16:35:00,127.2,1,0.0,0.96,0,none,0,none
U006,2024-09-03 16:40:00,127.3,1,0.0,1.17,0,none,0,none
U006,2024-09-03 16:45:00,126.9,1,0.0,1.14,0,none,0,none
U006,2024-09-03 16:50:00,127.7,1,0.0,0.97,0,none,0,none
U006,2024-09-03 17:05:00,127.8,1,0.0,1.04,0,none,0,none
U006,2024-09-03 17:20:00,127.7,1,0.0,0.83,0,none,0,none
U006,2024-09-03 17:30:00,127.5,1,0.0,1.11,0,none,0,none
U006,2024-09-03 17:50:00,127.8,1,0.0,0.96,0,none,0,none
U006,2024-09-03 17:55:00,127.8,1,0.0,1.11,0,none,0,none
U006,2024-09-03 18:00:00,125.8,1,0.0,1.04,0,none,2576,low
U006,2024-09-03 18:05:00,126.1,1,0.0,1.07,0,none,0,none
U006,2024-09-03 18:20:00,125.6,1,0.0,1.05,0,none,0,none
U006,2024-09-03 18:35:00,125.3,1,0.0,0.84,0,none,0,none
U006,2024-09-03 18:40:00,125.2,1,0.0,0.81,0,none,0,none
U006,2024-09-03 19:05:00,123.7,1,0.0,0.82,0,none,0,none
U006,2024-09-03 19:10:00,123.3,1,0.0,0.96,0,none,0,none
U006,2024-09-03 19:15:00,122.8,1,0.0,0.98,0,none,0,none
U006,2024-09-03 19:25:00,122.7,1,0.0,1.0,0,none,0,none
U006,2024-09-03 19:35:00,123.4,1,0.0,0.89,0,none,0,none
U006,2024-09-03 19:40:00,124.7,1,0.0,1.2,0,none,0,none
U006,2024-09-03 19:45:00,125.2,1,0.0,1.06,0,none,0,none
U006,2024-09-03 19:50:00,125.1,1,0.0,0.85,0,none,0,none
U006,2024-09-03 20:00:00,124.9,1,0.0,1.0,0,none,0,none
U006,2024-09-03 20:15:00,123.1,1,0.0,1.01,0,none,0,none
U006,2024-09-03 20:20:00,123.3,1,0.0,0.97,0,none,0,none
U006,2024-09-03 20:30:00,123.9,1,3.9,1.02,30,breakfast,0,none
U006,2024-09-03 20:35:00,124.1,1,0.0,1.2,0,none,0,none
U006,2024-09-03 20:45:00,124.6,1,0.0,1.03,0,none,0,none
U006,2024-09-03 20:50:00,125.1,1,0.0,1.15,0,none,0,none
U006,2024-09-03 20:55:00,126.1,1,0.0,1.11,0,none,0,none
U006,2024-09-03 21:05:00,126.5,1,0.0,0.94,0,none,0,none
U006,2024-09-03 21:10:00,126.8,1,0.0,0.93,0,none,0,none
U006,2024-09-03 21:15:00,126.7,1,0.0,1.1,0,none,0,none
U006,2024-09-03 21:20:00,126.8,1,0.0,1.19,0,none,0,none
U006,2024-09-03 21:25:00,126.2,1,0.0,0.83,0,none,0,none
U006,2024-09-03 21:35:00,126.1,1,0.0,1.09,0,none,0,none
U006,2024-09-03 21:40:00,127.3,1,0.0,1.11,0,none,0,none
U006,2024-09-03 21:45:00,126.8,1,0.0,0.89,0,none,0,none
U006,2024-09-03 22:05:00,123.8,1,0.0,0.98,0,none,4796,medium
U006,2024-09-03 22:10:00,123.4,1,0.0,1.17,0,none,0,none
U006,2024-09-03 22:20:00,123.4,1,0.0,0.99,0,none,0,none
U006,2024-09-03 22:25:00,122.9,1,0.0,0.98,0,none,0,none
U006,2024-09-03 22:35:00,122.2,1,0.0,0.98,0,none,0,none
U006,2024-09-03 22:40:00,122.4,1,0.0,1.07,0,none,0,none
U006,2024-09-03 22:45:00,122.4,1,0.0,1.14,0,none,0,none
U006,2024-09-03 22:50:00,122.8,1,0.0,1.11,0,none,0,none
U006,2024-09-03 23:00:00,121.7,1,0.0,1.18,0,none,0,none
U006,2024-09-03 23:10:00,123.6,1,0.0,1.16,0,none,0,none
U006,2024-09-03 23:15:00,123.2,1,0.0,0.98,0,none,0,none
U006,2024-09-03 23:25:00,122.4,1,0.0,1.04,0,none,0,none
U006,2024-09-03 23:30:00,123.2,1,0.0,0.95,0,none,0,none
U006,2024-09-03 23:35:00,123.1,1,3.0,0.83,30,lunch,0,none
U006,2024-09-03 23:40:00,123.4,1,0.0,1.19,0,none,0,none
U006,2024-09-03 23:45:00,124.0,1,0.0,1.16,0,none,0,none
U006,2024-09-03 23:50:00,123.6,1,0.0,1.17,0,none,0,none
U006,2024-09-04 00:00:00,124.6,1,0.0,1.0,0,none,0,none
U006,2024-09-04 00:05:00,124.2,1,0.0,1.11,0,none,0,none
U006,2024-09-04 00:25:00,123.9,1,0.0,0.83,0,none,0,none
U006,2024-09-04 00:30:00,124.2,1,0.0,1.1,0,none,0,none
U006,2024-09-04 00:35:00,123.5,1,0.0,0.83,0,none,0,none
U006,2024-09-04 00:45:00,123.1,1,0.0,0.91,0,none,0,none
U006,2024-09-04 00:55:00,123.5,1,0.0,1.14,0,none,0,none
U006,2024-09-04 01:00:00,123.4,1,0.0,1.02,0,none,0,none
U006,2024-09-04 01:05:00,123.7,1,0.0,1.1,0,none,0,none
U006,2024-09-04 01:15:00,123.4,1,5.3,0.83,60,dinner,0,none
U006,2024-09-04 01:20:00,124.1,1,0.0,0.94,0,none,0,none
U006,2024-09-04 01:30:00,124.2,1,0.0,0.99,0,none,0,none
U006,2024-09-04 01:35:00,124.9,1,3.6,1.08,30,breakfast,0,none
U006,2024-09-04 01:50:00,124.7,1,0.0,1.13,0,none,0,none
U006,2024-09-04 02:05:00,124.6,1,0.0,1.04,0,none,0,none
U006,2024-09-04 02:10:00,124.8,1,0.0,1.1,0,none,0,none
U006,2024-09-04 02:15:00,124.2,1,0.0,0.85,0,none,0,none
U006,2024-09-04 02:25:00,125.7,1,0.0,1.12,0,none,0,none
U006,2024-09-04 02:30:00,125.9,1,0.0,0.89,0,none,0,none
U006,2024-09-04 02:40:00,127.3,1,0.0,1.2,0,none,0,none
U006,2024-09-04 02:45:00,128.0,1,0.0,1.14,0,none,0,none
U006,2024-09-04 02:55:00,128.1,1,0.0,0.8,0,none,0,none
U006,2024-09-04 03:00:00,127.9,1,0.0,1.08,0,none,0,none
U006,2024-09-04 03:05:00,127.7,1,0.0,1.19,0,none,0,none
U006,2024-09-04 03:15:00,126.7,1,0.0,0.82,0,none,0,none
U006,2024-09-04 03:25:00,127.4,1,0.0,1.06,0,none,0,none
U006,2024-09-04 03:30:00,127.3,1,0.0,1.07,0,none,0,none
U006,2024-09-04 03:50:00,126.5,1,0.0,0.95,0,none,0,none
U006,2024-09-04 03:55:00,127.5,1,0.0,1.04,0,none,0,none
U006,2024-09-04 04:20:00,127.5,1,0.0,1.05,0,none,0,none
U006,2024-09-04 04:30:00,127.5,1,0.0,0.84,0,none,0,none
U006,2024-09-04 04:35:00,125.7,1,0.0,1.0,0,none,0,none
U006,2024-09-04 04:40:00,126.0,1,0.0,1.08,0,none,0,none
U006,2024-09-04 04:45:00,125.0,1,0.0,0.82,0,none,0,none
U006,2024-09-04 04:55:00,125.4,1,0.0,0.89,0,none,0,none
U006,2024-09-04 05:00:00,125.3,1,0.0,1.13,0,none,0,none
U006,2024-09-04 05:10:00,125.8,1,0.0,1.2,0,none,0,none
U006,2024-09-04 05:15:00,125.9,1,0.0,0.82,0,none,0,none
U006,2024-09-04 05:20:00,126.9,1,0.0,0.93,0,none,0,none
U006,2024-09-04 05:30:00,126.9,1,0.0,1.1,0,none,0,none
U006,2024-09-04 05:40:00,127.6,1,0.0,1.03,0,none,0,none
U006,2024-09-04 05:55:00,130.2,1,0.0,1.07,0,none,0,none
U006,2024-09-04 06:00:00,130.5,1,0.0,0.93,0,none,0,none
U006,2024-09-04 06:05:00,130.6,1,0.0,1.1,0,none,0,none
U006,2024-09-04 06:15:00,132.0,1,0.0,0.89,0,none,0,none
U006,2024-09-04 06:20:00,132.6,1,0.0,0.82,0,none,0,none
U006,2024-09-04 06:45:00,130.8,1,0.0,0.81,0,none,0,none
U006,2024-09-04 06:50:00,130.9,1,0.0,1.04,0,none,0,none
U006,2024-09-04 06:55:00,130.7,1,0.0,1.05,0,none,0,none
U006,2024-09-04 07:00:00,130.2,1,0.0,1.13,0,none,0,none
U006,2024-09-04 07:05:00,130.4,1,5.5,1.08,45,dinner,0,none
U006,2024-09-04 07:10:00,130.0,1,0.0,1.02,0,none,0,none
U006,2024-09-04 07:15:00,130.4,1,0.0,1.19,0,none,0,none
U006,2024-09-04 07:25:00,129.8,1,0.0,1.11,0,none,0,none
U006,2024-09-04 07:30:00,130.2,1,0.0,1.08,0,none,0,none
U006,2024-09-04 07:35:00,130.7,1,0.0,1.13,0,none,0,none
U006,2024-09-04 07:40:00,131.1,1,0.0,0.9,0,none,0,none
U006,2024-09-04 07:45:00,130.5,1,0.0,1.1,0,none,0,none
U006,2024-09-04 08:00:00,128.7,1,0.0,1.2,0,none,2530,medium
U006,2024-09-04 08:05:00,128.8,1,0.0,0.92,0,none,0,none
U006,2024-09-04 08:10:00,129.0,1,0.0,1.03,0,none,0,none
U006,2024-09-04 08:20:00,129.2,1,0.0,0.94,0,none,0,none
U006,2024-09-04 08:30:00,129.7,1,0.0,0.89,0,none,0,none
U006,2024-09-04 08:50:00,128.7,1,8.7,1.01,90,breakfast,0,none
U006,2024-09-04 08:55:00,128.4,1,0.0,0.81,0,none,0,none
U006,2024-09-04 09:00:00,128.3,1,0.0,0.81,0,none,0,none
U006,2024-09-04 09:05:00,127.8,1,0.0,1.07,0,none,0,none
U006,2024-09-04 09:25:00,127.3,1,0.0,0.9,0,none,0,none
U006,2024-09-04 09:40:00,126.3,1,0.0,0.94,0,none,0,none
U006,2024-09-04 09:50:00,124.9,1,0.0,0.89,0,none,0,none
U006,2024-09-04 09:55:00,125.2,1,0.0,0.84,0,none,0,none
U006,2024-09-04 10:05:00,124.9,1,0.0,0.83,0,none,0,none
U006,2024-09-04 10:15:00,125.0,1,0.0,1.11,0,none,0,none
U006,2024-09-04 10:30:00,125.7,1,0.0,0.86,0,none,0,none
U006,2024-09-04 10:35:00,126.0,1,9.4,0.85,90,snack,0,none
U006,2024-09-04 10:40:00,126.9,1,0.0,0.98,0,none,0,none
U006,2024-09-04 10:45:00,126.8,1,0.0,0.84,0,none,0,none
U006,2024-09-04 11:05:00,126.0,1,0.0,0.94,0,none,3866,medium
U006,2024-09-04 11:15:00,127.7,1,0.0,0.92,0,none,0,none
U006,2024-09-04 11:30:00,128.0,1,0.0,0.8,0,none,0,none
U006,2024-09-04 11:35:00,126.6,1,0.0,0.96,0,none,2156,high
U006,2024-09-04 11:45:00,127.4,1,0.0,0.84,0,none,0,none
U006,2024-09-04 11:50:00,127.6,1,0.0,0.99,0,none,0,none
U006,2024-09-04 11:55:00,126.8,1,0.0,0.93,0,none,0,none
U006,2024-09-04 12:05:00,126.7,1,0.0,1.13,0,none,0,none
U006,2024-09-04 12:15:00,125.5,1,0.0,0.94,0,none,0,none
U006,2024-09-04 12:35:00,124.7,1,0.0,0.98,0,none,0,none
U006,2024-09-04 12:40:00,124.2,1,0.0,0.99,0,none,0,none
U006,2024-09-04 12:50:00,124.1,1,0.0,0.86,0,none,0,none
U006,2024-09-04 12:55:00,123.2,1,0.0,0.9,0,none,0,none
U006,2024-09-04 13:00:00,122.9,1,0.0,1.11,0,none,0,none
U006,2024-09-04 13:10:00,122.8,1,3.6,0.84,30,dinner,0,none
U006,2024-09-04 13:15:00,122.9,1,0.0,0.88,0,none,0,none
U006,2024-09-04 13:20:00,122.3,1,0.0,0.91,0,none,0,none
U006,2024-09-04 13:55:00,122.0,1,0.0,0.89,0,none,0,none
U006,2024-09-04 14:05:00,122.1,1,0.0,1.11,0,none,0,none
U006,2024-09-04 14:10:00,122.3,1,0.0,1.13,0,none,0,none
U006,2024-09-04 14:25:00,122.4,1,0.0,1.04,0,none,0,none
U006,2024-09-04 14:30:00,123.3,1,0.0,1.06,0,none,0,none
U006,2024-09-04 14:35:00,122.4,1,0.0,0.83,0,none,0,none
U006,2024-09-04 14:40:00,122.3,1,0.0,0.95,0,none,0,none
U006,2024-09-04 14:45:00,121.9,1,0.0,1.0,0,none,0,none
U006,2024-09-04 15:00:00,123.1,1,0.0,1.01,0,none,0,none
U006,2024-09-04 15:10:00,122.6,1,0.0,1.15,0,none,0,none
U006,2024-09-04 15:15:00,122.9,1,0.0,0.83,0,none,0,none
U006,2024-09-04 15:25:00,123.3,1,0.0,1.03,0,none,0,none
U006,2024-09-04 15:30:00,123.7,1,0.0,0.88,0,none,0,none
U006,2024-09-04 15:35:00,123.1,1,0.0,1.02,0,none,0,none
U006,2024-09-04 16:05:00,123.6,1,0.0,0.89,0,none,0,none
U006,2024-09-04 16:15:00,123.1,1,0.0,1.19,0,none,0,none
U006,2024-09-04 16:20:00,123.9,1,0.0,1.14,0,none,0,none
U006,2024-09-04 16:30:00,125.0,1,0.0,0.82,0,none,0,none
U006,2024-09-04 17:00:00,124.6,1,0.0,1.05,0,none,0,none
U006,2024-09-04 17:10:00,124.3,1,0.0,1.07,0,none,0,none
U006,2024-09-04 17:25:00,124.9,1,0.0,1.02,0,none,0,none
U006,2024-09-04 17:35:00,125.7,1,0.0,1.16,0,none,0,none
U006,2024-09-04 17:40:00,125.9,1,0.0,1.03,0,none,0,none
U006,2024-09-04 17:50:00,127.5,1,0.0,0.95,0,none,0,none
U006,2024-09-04 18:25:00,126.8,1,0.0,0.85,0,none,0,none
U006,2024-09-04 18:35:00,128.3,1,0.0,0.85,0,none,0,none
U006,2024-09-04 18:40:00,128.0,1,0.0,1.01,0,none,4089,low
U006,2024-09-04 18:45:00,127.7,1,0.0,0.86,0,none,0,none
U006,2024-09-04 18:50:00,128.2,1,0.0,1.16,0,none,0,none
U006,2024-09-04 19:00:00,128.5,1,0.0,1.06,0,none,0,none
U006,2024-09-04 19:05:00,128.0,1,0.0,0.84,0,none,0,none
U006,2024-09-04 19:10:00,127.5,1,0.0,0.81,0,none,0,none
U006,2024-09-04 19:20:00,127.8,1,0.0,1.19,0,none,0,none
U006,2024-09-04 19:25:00,128.4,1,0.0,1.03,0,none,0,none
U006,2024-09-04 19:30:00,128.7,1,0.0,1.07,0,none,0,none
U006,2024-09-04 19:45:00,128.8,1,0.0,1.15,0,none,0,none
U006,2024-09-04 19:50:00,129.0,1,0.0,0.91,0,none,0,none
U006,2024-09-04 20:15:00,131.3,1,0.0,1.08,0,none,0,none
U006,2024-09-04 20:20:00,131.9,1,0.0,0.93,0,none,0,none
U006,2024-09-04 20:25:00,131.2,1,0.0,1.03,0,none,0,none
U006,2024-09-04 20:35:00,130.9,1,0.0,0.92,0,none,0,none
U006,2024-09-04 20:40:00,130.7,1,0.0,1.11,0,none,0,none
U006,2024-09-04 20:45:00,131.5,1,0.0,1.08,0,none,0,none
U006,2024-09-04 20:55:00,129.2,1,0.0,1.12,0,none,0,none
U006,2024-09-04 21:00:00,128.8,1,0.0,0.9,0,none,0,none
U006,2024-09-04 21:05:00,129.0,1,0.0,1.09,0,none,0,none
U006,2024-09-04 21:15:00,130.4,1,0.0,1.18,0,none,0,none
U006,2024-09-04 21:20:00,129.8,1,0.0,0.85,0,none,0,none
U006,2024-09-04 21:30:00,128.7,1,0.0,0.83,0,none,0,none
U006,2024-09-04 21:35:00,128.7,1,9.2,0.83,90,lunch,0,none
U006,2024-09-04 21:40:00,128.5,1,0.0,1.02,0,none,0,none
U006,2024-09-04 21:50:00,129.7,1,0.0,1.15,0,none,0,none
U006,2024-09-04 22:10:00,132.3,1,0.0,0.95,0,none,0,none
U006,2024-09-04 22:15:00,131.7,1,0.0,1.14,0,none,0,none
U006,2024-09-04 22:30:00,132.4,1,0.0,1.15,0,none,0,none
U006,2024-09-04 22:35:00,131.6,1,0.0,0.9,0,none,0,none
U006,2024-09-04 22:40:00,132.2,1,0.0,0.8,0,none,0,none
U006,2024-09-04 22:45:00,131.5,1,0.0,0.85,0,none,0,none
U006,2024-09-04 22:50:00,130.7,1,0.0,1.2,0,none,0,none
U006,2024-09-04 22:55:00,130.8,1,0.0,1.19,0,none,0,none
U006,2024-09-04 23:05:00,130.8,1,0.0,1.0,0,none,0,none
U006,2024-09-04 23:10:00,130.9,1,0.0,1.18,0,none,0,none
U006,2024-09-04 23:15:00,131.1,1,0.0,0.83,0,none,0,none
U006,2024-09-04 23:35:00,130.8,1,0.0,1.07,0,none,0,none
U006,2024-09-04 23:40:00,130.7,1,0.0,1.05,0,none,0,none
U006,2024-09-04 23:45:00,131.3,1,0.0,1.01,0,none,0,none
U006,2024-09-04 23:50:00,130.9,1,0.0,0.83,0,none,0,none
U006,2024-09-05 00:05:00,131.2,1,0.0,0.94,0,none,0,none
U006,2024-09-05 00:10:00,130.4,1,0.0,1.17,0,none,0,none
U006,2024-09-05 00:15:00,130.1,1,0.0,1.13,0,none,0,none
U006,2024-09-05 00:30:00,132.7,0,0.0,1.04,0,none,0,none
U006,2024-09-05 00:55:00,133.3,1,0.0,0.94,0,none,0,none
U006,2024-09-05 01:05:00,132.4,1,0.0,1.16,0,none,0,none
U006,2024-09-05 01:15:00,132.5,1,0.0,1.16,0,none,0,none
U006,2024-09-05 01:25:00,133.5,1,4.6,0.86,45,lunch,0,none
U006,2024-09-05 01:30:00,132.7,1,0.0,1.05,0,none,0,none
U006,2024-09-05 01:55:00,132.8,1,0.0,0.88,0,none,0,none
U006,2024-09-05 02:00:00,133.5,1,0.0,1.04,0,none,0,none
U006,2024-09-05 02:15:00,134.9,1,0.0,0.88,0,none,0,none
U006,2024-09-05 02:20:00,134.8,1,0.0,0.86,0,none,0,none
U006,2024-09-05 02:25:00,135.5,1,0.0,0.93,0,none,0,none
U006,2024-09-05 02:30:00,135.2,1,0.0,1.01,0,none,0,none
U006,2024-09-05 02:35:00,135.2,1,0.0,1.02,0,none,0,none
U006,2024-09-05 02:40:00,135.9,1,0.0,1.1,0,none,0,none
U006,2024-09-05 02:45:00,135.9,1,0.0,1.03,0,none,0,none
U006,2024-09-05 03:00:00,135.9,1,0.0,0.99,0,none,0,none
U006,2024-09-05 03:05:00,136.5,1,0.0,0.94,0,none,0,none
U006,2024-09-05 03:10:00,135.8,1,0.0,1.02,0,none,0,none
U006,2024-09-05 03:25:00,135.3,1,0.0,0.91,0,none,0,none
U006,2024-09-05 03:30:00,135.3,1,0.0,0.83,0,none,0,none
U006,2024-09-05 03:40:00,135.6,1,0.0,1.11,0,none,0,none
U006,2024-09-05 03:50:00,136.5,1,0.0,1.17,0,none,0,none
U006,2024-09-05 03:55:00,137.6,1,0.0,1.11,0,none,0,none
U006,2024-09-05 04:00:00,136.7,1,0.0,0.96,0,none,0,none
U006,2024-09-05 04:05:00,136.4,1,0.0,1.14,0,none,1939,medium
U006,2024-09-05 04:10:00,135.9,1,0.0,1.1,0,none,0,none
U006,2024-09-05 04:15:00,136.0,1,0.0,1.19,0,none,0,none
U006,2024-09-05 04:25:00,134.8,1,0.0,1.08,0,none,0,none
U006,2024-09-05 04:30:00,135.1,1,0.0,0.9,0,none,0,none
U006,2024-09-05 04:40:00,135.6,1,0.0,0.84,0,none,0,none
U006,2024-09-05 04:45:00,135.8,1,0.0,1.09,0,none,0,none
U006,2024-09-05 04:55:00,136.1,1,0.0,1.2,0,none,0,none
U006,2024-09-05 05:00:00,135.7,1,0.0,1.01,0,none,0,none
U006,2024-09-05 05:05:00,135.4,1,0.0,1.09,75,breakfast,0,none
U006,2024-09-05 05:20:00,136.6,1,0.0,1.05,0,none,0,none
U006,2024-09-05 05:35:00,137.8,1,0.0,0.88,0,none,0,none
U006,2024-09-05 05:40:00,137.2,1,0.0,0.97,0,none,0,none
U006,2024-09-05 05:55:00,136.8,1,0.0,0.82,0,none,0,none
U006,2024-09-05 06:10:00,137.3,1,0.0,1.17,0,none,0,none
U006,2024-09-05 06:15:00,137.5,1,0.0,1.13,0,none,0,none
U006,2024-09-05 06:20:00,137.0,1,0.0,1.02,0,none,0,none
U006,2024-09-05 06:25:00,136.7,1,0.0,1.2,0,none,0,none
U006,2024-09-05 06:30:00,137.3,1,0.0,1.19,0,none,0,none
U006,2024-09-05 06:35:00,137.4,1,0.0,0.84,0,none,0,none
U006,2024-09-05 06:40:00,137.5,1,0.0,0.98,0,none,0,none
U006,2024-09-05 06:50:00,138.1,0,0.0,0.91,0,none,0,none
U006,2024-09-05 06:55:00,138.5,1,9.9,0.86,90,snack,0,none
U006,2024-09-05 07:00:00,139.3,1,0.0,0.98,0,none,0,none
U006,2024-09-05 07:05:00,139.5,1,0.0,1.09,0,none,0,none
U006,2024-09-05 07:10:00,139.5,1,0.0,0.81,0,none,0,none
U006,2024-09-05 07:20:00,139.4,1,0.0,0.88,0,none,0,none
U006,2024-09-05 07:30:00,140.8,1,0.0,1.01,0,none,0,none
U006,2024-09-05 07:35:00,140.9,1,0.0,1.01,0,none,0,none
U006,2024-09-05 07:50:00,140.9,1,0.0,0.98,0,none,0,none
U006,2024-09-05 07:55:00,140.4,1,0.0,1.17,0,none,0,none
U006,2024-09-05 08:10:00,140.8,1,0.0,0.99,0,none,0,none
U006,2024-09-05 08:20:00,139.3,1,0.0,1.17,0,none,960,medium
U006,2024-09-05 08:25:00,139.4,1,0.0,1.16,0,none,0,none
U006,2024-09-05 08:40:00,138.9,1,0.0,1.13,0,none,0,none
U006,2024-09-05 08:50:00,139.4,1,0.0,1.04,0,none,0,none
U006,2024-09-05 09:05:00,140.0,1,0.0,0.81,0,none,0,none
U006,2024-09-05 09:10:00,140.4,1,0.0,0.99,0,none,0,none
U006,2024-09-05 09:15:00,140.4,1,0.0,1.03,30,snack,0,none
U006,2024-09-05 09:20:00,140.2,1,0.0,1.0,0,none,0,none
U006,2024-09-05 09:30:00,140.2,1,0.0,0.88,0,none,0,none
U006,2024-09-05 09:40:00,139.5,0,8.3,0.82,75,dinner,0,none
U006,2024-09-05 09:45:00,139.5,1,0.0,0.87,0,none,0,none
U006,2024-09-05 09:55:00,139.9,1,0.0,1.18,0,none,0,none
U006,2024-09-05 10:00:00,139.2,1,0.0,1.17,0,none,0,none
U006,2024-09-05 10:30:00,141.2,1,0.0,1.04,0,none,0,none
U006,2024-09-05 10:35:00,141.9,1,0.0,1.1,0,none,0,none
U006,2024-09-05 10:40:00,142.1,1,0.0,1.04,0,none,0,none
U006,2024-09-05 10:45:00,142.2,1,5.3,1.19,60,snack,0,none
U006,2024-09-05 10:50:00,142.1,1,0.0,0.83,0,none,0,none
U006,2024-09-05 10:55:00,142.9,1,0.0,1.0,0,none,0,none
U006,2024-09-05 11:00:00,142.9,1,0.0,0.93,0,none,0,none
U006,2024-09-05 11:05:00,142.4,1,0.0,0.98,0,none,0,none
U006,2024-09-05 11:10:00,142.4,1,0.0,1.1,0,none,0,none
U006,2024-09-05 11:15:00,142.2,1,0.0,1.05,0,none,0,none
U006,2024-09-05 11:30:00,142.0,1,0.0,0.86,0,none,0,none
U006,2024-09-05 11:50:00,143.7,1,0.0,0.87,0,none,0,none
U006,2024-09-05 11:55:00,144.3,1,0.0,1.09,0,none,0,none
U006,2024-09-05 12:00:00,143.8,1,0.0,1.08,0,none,0,none
U006,2024-09-05 12:10:00,144.4,1,0.0,0.87,0,none,0,none
U006,2024-09-05 12:15:00,144.2,1,0.0,0.85,0,none,0,none
U006,2024-09-05 12:20:00,142.6,1,0.0,1.13,0,none,3413,high
U006,2024-09-05 12:30:00,141.9,1,0.0,0.83,0,none,0,none
U006,2024-09-05 12:40:00,142.6,1,7.1,1.13,75,dinner,0,none
U006,2024-09-05 12:50:00,142.4,1,0.0,1.13,0,none,0,none
U006,2024-09-05 13:00:00,142.4,1,0.0,0.88,0,none,0,none
U006,2024-09-05 13:15:00,144.9,1,0.0,0.94,0,none,0,none
U006,2024-09-05 13:20:00,145.1,1,0.0,1.09,0,none,0,none
U006,2024-09-05 13:30:00,144.1,1,0.0,0.9,0,none,0,none
U006,2024-09-05 13:35:00,144.4,1,0.0,1.03,0,none,0,none
U006,2024-09-05 13:40:00,143.1,1,0.0,1.0,0,none,0,none
U006,2024-09-05 13:50:00,142.7,1,0.0,1.2,0,none,0,none
U006,2024-09-05 13:55:00,142.9,1,0.0,0.99,0,none,0,none
U006,2024-09-05 14:00:00,142.8,0,0.0,1.12,0,none,0,none
U006,2024-09-05 14:05:00,142.3,1,0.0,1.02,0,none,0,none
U006,2024-09-05 14:10:00,142.2,1,0.0,1.18,0,none,0,none
U006,2024-09-05 14:20:00,141.6,1,0.0,1.06,0,none,0,none
U006,2024-09-05 14:25:00,141.5,1,0.0,1.13,0,none,0,none
U006,2024-09-05 14:35:00,142.1,1,0.0,0.86,0,none,0,none
U006,2024-09-05 14:40:00,142.6,1,0.0,1.15,0,none,0,none
U006,2024-09-05 14:45:00,142.7,1,0.0,0.95,0,none,0,none
U006,2024-09-05 15:00:00,142.5,1,0.0,0.92,60,lunch,0,none
U006,2024-09-05 15:05:00,142.8,1,0.0,0.93,0,none,0,none
U006,2024-09-05 15:15:00,142.8,1,0.0,1.0,0,none,0,none
U006,2024-09-05 15:25:00,142.9,1,0.0,1.16,0,none,0,none
U006,2024-09-05 15:35:00,142.8,1,0.0,1.13,0,none,0,none
U006,2024-09-05 15:40:00,142.7,1,0.0,1.07,0,none,0,none
U006,2024-09-05 15:45:00,142.6,1,0.0,1.09,0,none,0,none
U006,2024-09-05 16:20:00,143.2,1,0.0,1.12,0,none,0,none
U006,2024-09-05 16:25:00,143.1,1,0.0,1.08,0,none,0,none
U006,2024-09-05 16:35:00,142.5,1,0.0,0.86,0,none,0,none
U006,2024-09-05 16:40:00,144.4,1,0.0,0.88,0,none,0,none
U006,2024-09-05 16:45:00,143.6,1,0.0,1.19,90,breakfast,0,none
U006,2024-09-05 16:50:00,143.5,1,0.0,1.19,0,none,0,none
U006,2024-09-05 17:00:00,144.1,1,0.0,0.85,0,none,0,none
U006,2024-09-05 17:05:00,143.6,1,0.0,1.06,0,none,0,none
U006,2024-09-05 17:10:00,143.7,1,0.0,0.86,0,none,0,none
U006,2024-09-05 17:15:00,144.3,1,0.0,1.02,0,none,0,none
U006,2024-09-05 17:20:00,144.3,1,0.0,1.09,0,none,0,none
U006,2024-09-05 17:30:00,142.8,1,0.0,0.88,0,none,3969,high
U006,2024-09-05 17:35:00,143.1,1,0.0,1.01,0,none,0,none
U006,2024-09-05 17:40:00,142.8,1,0.0,1.0,0,none,0,none
U006,2024-09-05 17:45:00,143.4,1,0.0,0.83,0,none,0,none
U006,2024-09-05 18:00:00,141.9,1,0.0,1.13,0,none,0,none
U006,2024-09-05 18:05:00,142.1,1,0.0,1.11,0,none,0,none
U006,2024-09-05 18:10:00,141.3,1,0.0,0.95,0,none,0,none
U006,2024-09-05 18:15:00,142.1,1,0.0,0.83,0,none,0,none
U006,2024-09-05 18:20:00,142.7,1,0.0,1.12,0,none,0,none
U006,2024-09-05 18:25:00,144.0,1,0.0,0.84,0,none,0,none
U006,2024-09-05 18:30:00,143.9,1,0.0,1.18,0,none,0,none
U006,2024-09-05 18:35:00,143.9,1,0.0,0.95,0,none,0,none
U006,2024-09-05 18:40:00,143.1,1,0.0,0.94,0,none,0,none
U006,2024-09-05 18:45:00,143.3,1,0.0,1.11,0,none,0,none
U006,2024-09-05 18:55:00,143.1,1,0.0,0.92,0,none,0,none
U006,2024-09-05 19:15:00,142.5,1,0.0,0.85,0,none,0,none
U006,2024-09-05 19:25:00,142.3,1,0.0,1.03,0,none,0,none
U006,2024-09-05 19:30:00,142.9,1,0.0,0.9,0,none,0,none
U006,2024-09-05 19:40:00,144.1,1,0.0,1.14,0,none,0,none
U006,2024-09-05 19:50:00,144.3,1,0.0,1.05,0,none,0,none
U006,2024-09-05 20:05:00,142.5,1,0.0,0.86,0,none,0,none
U006,2024-09-05 20:20:00,142.0,1,0.0,0.91,0,none,0,none
U006,2024-09-05 20:30:00,141.9,1,0.0,0.93,0,none,3804,low
U006,2024-09-05 20:35:00,142.1,1,0.0,0.84,0,none,0,none
U006,2024-09-05 20:40:00,142.6,1,0.0,1.07,0,none,0,none
U006,2024-09-05 21:15:00,143.6,1,0.0,0.81,0,none,0,none
U006,2024-09-05 21:20:00,143.2,1,0.0,0.97,0,none,0,none
U006,2024-09-05 21:30:00,143.4,1,0.0,0.92,0,none,0,none
U006,2024-09-05 21:35:00,144.2,1,0.0,1.17,0,none,0,none
U006,2024-09-05 21:45:00,144.3,1,0.0,0.81,0,none,0,none
U006,2024-09-05 21:50:00,144.3,1,0.0,1.17,0,none,0,none
U006,2024-09-05 21:55:00,145.2,1,0.0,1.16,0,none,0,none
U006,2024-09-05 22:00:00,145.2,1,0.0,0.92,0,none,0,none
U006,2024-09-05 22:10:00,145.8,1,0.0,0.95,0,none,0,none
U006,2024-09-05 22:15:00,146.2,1,0.0,0.95,0,none,0,none
U006,2024-09-05 22:20:00,146.0,1,0.0,1.01,0,none,0,none
U006,2024-09-05 23:00:00,145.1,1,0.0,0.85,0,none,0,none
U006,2024-09-05 23:05:00,145.1,1,0.0,0.93,0,none,0,none
U006,2024-09-05 23:20:00,145.7,1,0.0,0.93,0,none,0,none
U006,2024-09-05 23:25:00,144.1,1,0.0,1.19,0,none,3974,low
U006,2024-09-05 23:30:00,143.6,1,0.0,0.94,0,none,0,none
U006,2024-09-05 23:40:00,142.3,1,0.0,1.03,0,none,0,none
U006,2024-09-05 23:45:00,142.2,1,0.0,0.9,0,none,0,none
U006,2024-09-05 23:50:00,141.6,1,0.0,0.98,0,none,0,none
U006,2024-09-05 23:55:00,141.7,1,0.0,0.86,0,none,0,none
U006,2024-09-06 00:00:00,142.1,1,0.0,0.95,0,none,0,none
U006,2024-09-06 00:10:00,142.6,1,0.0,0.86,0,none,0,none
U006,2024-09-06 00:30:00,142.9,1,0.0,0.99,0,none,0,none
U006,2024-09-06 00:40:00,142.8,1,0.0,0.81,0,none,0,none
U006,2024-09-06 00:45:00,142.6,1,0.0,0.87,0,none,0,none
U006,2024-09-06 00:50:00,143.5,1,0.0,0.82,0,none,0,none
U006,2024-09-06 00:55:00,143.3,1,0.0,1.08,0,none,0,none
U006,2024-09-06 01:10:00,141.4,1,0.0,1.2,0,none,528,low
U006,2024-09-06 01:15:00,141.8,1,0.0,1.11,0,none,0,none
U006,2024-09-06 01:20:00,141.8,1,0.0,1.03,0,none,0,none
U006,2024-09-06 01:25:00,140.8,1,0.0,0.83,0,none,0,none
U006,2024-09-06 01:30:00,141.2,1,0.0,0.97,0,none,0,none
U006,2024-09-06 01:35:00,140.9,1,0.0,0.94,0,none,0,none
U006,2024-09-06 01:45:00,141.3,1,0.0,1.04,0,none,0,none
U006,2024-09-06 02:00:00,140.8,1,0.0,0.93,45,snack,0,none
U006,2024-09-06 02:10:00,138.9,1,0.0,0.97,0,none,1556,high
U006,2024-09-06 02:15:00,139.0,1,0.0,1.17,0,none,0,none
U006,2024-09-06 02:30:00,140.1,1,0.0,0.98,0,none,0,none
U006,2024-09-06 02:40:00,140.7,1,0.0,1.13,0,none,0,none
U006,2024-09-06 02:45:00,140.7,1,0.0,0.89,0,none,0,none
U006,2024-09-06 02:50:00,138.4,1,0.0,0.82,0,none,1025,medium
U006,2024-09-06 02:55:00,138.9,1,0.0,0.82,0,none,0,none
U006,2024-09-06 03:00:00,138.8,1,0.0,0.9,0,none,0,none
U006,2024-09-06 03:15:00,139.2,1,0.0,0.94,0,none,0,none
U006,2024-09-06 03:25:00,140.7,1,0.0,1.17,0,none,0,none
U006,2024-09-06 03:40:00,140.7,1,0.0,1.18,0,none,0,none
U006,2024-09-06 03:50:00,138.8,1,0.0,1.12,0,none,0,none
U006,2024-09-06 04:00:00,139.9,1,0.0,1.19,0,none,0,none
U006,2024-09-06 04:05:00,139.4,1,0.0,0.91,0,none,0,none
U006,2024-09-06 04:10:00,139.2,1,0.0,0.85,0,none,0,none
U006,2024-09-06 04:25:00,139.9,1,0.0,1.12,0,none,0,none
U006,2024-09-06 04:30:00,139.6,1,0.0,0.84,0,none,0,none
U006,2024-09-06 04:35:00,139.7,1,0.0,1.08,0,none,0,none
U006,2024-09-06 04:40:00,139.6,1,0.0,1.17,0,none,0,none
U006,2024-09-06 04:45:00,140.0,1,0.0,1.05,0,none,0,none
U006,2024-09-06 04:55:00,138.6,1,0.0,1.12,0,none,0,none
U006,2024-09-06 05:05:00,139.2,1,0.0,1.07,0,none,0,none
U006,2024-09-06 05:15:00,139.1,1,0.0,0.87,0,none,0,none
U006,2024-09-06 05:25:00,139.6,1,0.0,0.92,0,none,0,none
U006,2024-09-06 05:30:00,139.0,1,0.0,1.12,0,none,0,none
U006,2024-09-06 05:35:00,139.2,1,0.0,1.06,0,none,0,none
U006,2024-09-06 05:50:00,139.0,1,0.0,1.19,0,none,0,none
U006,2024-09-06 06:00:00,138.1,1,0.0,0.92,0,none,0,none
U006,2024-09-06 06:05:00,138.6,1,0.0,0.86,0,none,0,none
U006,2024-09-06 06:20:00,138.6,1,0.0,0.88,0,none,0,none
U006,2024-09-06 06:30:00,139.2,1,0.0,0.97,0,none,0,none
U006,2024-09-06 06:35:00,138.7,1,0.0,0.98,0,none,0,none
U006,2024-09-06 06:45:00,136.9,1,0.0,0.84,0,none,0,none
U006,2024-09-06 07:20:00,138.0,1,0.0,0.92,0,none,0,none
U006,2024-09-06 07:30:00,138.9,1,0.0,1.11,0,none,0,none
U006,2024-09-06 07:35:00,138.9,1,0.0,1.04,0,none,0,none
U006,2024-09-06 07:50:00,138.0,1,0.0,1.02,0,none,0,none
U006,2024-09-06 07:55:00,138.9,1,0.0,0.85,0,none,0,none
U006,2024-09-06 08:00:00,139.8,1,0.0,1.0,0,none,0,none
U006,2024-09-06 08:05:00,139.3,1,0.0,1.02,0,none,0,none
U006,2024-09-06 08:10:00,139.3,1,0.0,1.18,0,none,0,none
U006,2024-09-06 08:15:00,138.5,1,0.0,1.12,0,none,0,none
U006,2024-09-06 08:20:00,137.8,1,0.0,0.93,0,none,0,none
U006,2024-09-06 08:25:00,138.8,1,0.0,0.83,0,none,0,none
U006,2024-09-06 08:45:00,138.2,1,0.0,0.98,0,none,0,none
U006,2024-09-06 08:50:00,139.0,1,0.0,0.89,0,none,0,none
U006,2024-09-06 08:55:00,139.5,1,0.0,1.01,0,none,0,none
U006,2024-09-06 09:00:00,139.3,1,3.5,0.92,30,snack,0,none
U006,2024-09-06 09:10:00,141.1,1,0.0,0.87,0,none,0,none
U006,2024-09-06 09:15:00,140.5,1,0.0,0.86,0,none,0,none
U006,2024-09-06 09:20:00,140.9,1,0.0,1.02,0,none,0,none
U006,2024-09-06 09:25:00,139.2,1,0.0,1.09,0,none,2725,high
U006,2024-09-06 09:35:00,139.5,1,0.0,1.04,0,none,0,none
U006,2024-09-06 09:40:00,139.6,1,0.0,1.12,0,none,0,none
U006,2024-09-06 10:00:00,140.2,1,0.0,0.9,0,none,0,none
U006,2024-09-06 10:05:00,140.2,1,0.0,0.99,0,none,0,none
U006,2024-09-06 10:15:00,140.0,1,0.0,0.89,0,none,0,none
U006,2024-09-06 10:30:00,140.8,1,0.0,0.81,0,none,4912,medium
U006,2024-09-06 10:35:00,140.5,1,0.0,0.98,0,none,0,none
U006,2024-09-06 10:40:00,140.5,1,0.0,1.02,0,none,0,none
U006,2024-09-06 11:05:00,143.2,1,0.0,0.98,0,none,0,none
U006,2024-09-06 11:15:00,143.6,1,0.0,1.17,0,none,0,none
U006,2024-09-06 11:20:00,143.0,1,0.0,0.98,0,none,0,none
U006,2024-09-06 11:25:00,142.4,1,0.0,0.95,0,none,0,none
U006,2024-09-06 11:30:00,142.2,1,0.0,1.02,0,none,0,none
U006,2024-09-06 11:40:00,142.6,1,0.0,1.15,0,none,0,none
U006,2024-09-06 11:45:00,142.0,1,0.0,1.19,0,none,0,none
U006,2024-09-06 11:50:00,142.1,1,4.0,1.19,45,lunch,0,none
U006,2024-09-06 12:00:00,142.1,1,7.3,0.98,75,snack,0,none
U006,2024-09-06 12:15:00,141.9,1,0.0,1.01,0,none,0,none
U006,2024-09-06 12:25:00,141.6,1,0.0,1.07,0,none,0,none
U006,2024-09-06 12:30:00,141.7,1,0.0,0.81,0,none,0,none
U006,2024-09-06 12:45:00,143.4,1,0.0,0.84,0,none,0,none
U006,2024-09-06 12:50:00,143.3,1,0.0,0.86,0,none,0,none
U006,2024-09-06 12:55:00,143.4,1,0.0,0.9,0,none,0,none
U006,2024-09-06 13:00:00,143.6,1,0.0,0.86,0,none,0,none
U006,2024-09-06 13:05:00,143.1,1,0.0,0.81,0,none,0,none
U006,2024-09-06 13:10:00,143.1,1,0.0,1.04,0,none,0,none
U006,2024-09-06 13:15:00,143.6,1,0.0,0.96,0,none,0,none
U006,2024-09-06 13:20:00,143.0,1,0.0,1.17,0,none,0,none
U006,2024-09-06 13:30:00,143.0,1,0.0,1.15,0,none,0,none
U006,2024-09-06 13:35:00,142.5,1,0.0,1.11,0,none,0,none
U006,2024-09-06 13:40:00,142.3,1,0.0,0.92,0,none,0,none
U006,2024-09-06 13:45:00,143.0,1,0.0,0.82,0,none,0,none
U006,2024-09-06 13:50:00,144.2,1,4.0,1.11,45,breakfast,0,none
U006,2024-09-06 14:05:00,143.3,1,0.0,1.19,0,none,0,none
U006,2024-09-06 14:10:00,144.2,1,0.0,0.99,0,none,0,none
U006,2024-09-06 14:15:00,143.7,1,0.0,0.84,0,none,0,none
U006,2024-09-06 14:20:00,143.8,1,0.0,1.16,0,none,0,none
U006,2024-09-06 14:30:00,144.3,1,0.0,1.18,0,none,0,none
U006,2024-09-06 14:35:00,143.9,1,0.0,0.82,0,none,0,none
U006,2024-09-06 14:40:00,144.0,1,0.0,1.19,0,none,0,none
U006,2024-09-06 14:50:00,143.7,1,0.0,0.83,0,none,0,none
U006,2024-09-06 15:10:00,144.2,1,0.0,0.87,0,none,0,none
U006,2024-09-06 15:15:00,143.8,1,0.0,1.18,0,none,0,none
U006,2024-09-06 15:30:00,141.2,1,0.0,1.0,0,none,0,none
U006,2024-09-06 15:35:00,141.4,1,0.0,1.14,0,none,0,none
U006,2024-09-06 15:40:00,140.6,1,0.0,1.19,0,none,0,none
U006,2024-09-06 15:45:00,139.8,0,0.0,0.89,0,none,0,none
U006,2024-09-06 15:50:00,140.3,1,0.0,0.98,0,none,0,none
U006,2024-09-06 16:00:00,140.8,1,0.0,0.84,0,none,0,none
U006,2024-09-06 16:05:00,140.6,1,0.0,0.83,0,none,0,none
U006,2024-09-06 16:10:00,140.7,1,0.0,0.99,0,none,0,none
U006,2024-09-06 16:30:00,140.6,1,0.0,0.99,0,none,0,none
U006,2024-09-06 16:35:00,140.8,1,0.0,0.81,0,none,0,none
U006,2024-09-06 16:40:00,141.3,1,0.0,0.9,0,none,0,none
U006,2024-09-06 16:50:00,141.4,1,0.0,0.83,0,none,0,none
U006,2024-09-06 16:55:00,141.4,1,5.5,1.18,60,breakfast,0,none
U006,2024-09-06 17:00:00,140.9,1,0.0,1.01,0,none,0,none
U006,2024-09-06 17:05:00,141.7,1,0.0,0.93,0,none,0,none
U006,2024-09-06 17:20:00,141.7,1,0.0,1.13,0,none,0,none
U006,2024-09-06 17:25:00,142.0,1,0.0,1.06,0,none,0,none
U006,2024-09-06 17:30:00,142.2,1,0.0,0.93,0,none,0,none
U006,2024-09-06 17:40:00,142.2,1,0.0,1.17,0,none,0,none
U006,2024-09-06 17:45:00,142.2,1,0.0,0.96,0,none,0,none
U006,2024-09-06 18:00:00,142.3,1,0.0,0.98,0,none,0,none
U006,2024-09-06 18:05:00,142.0,1,0.0,0.99,0,none,0,none
U006,2024-09-06 18:15:00,143.2,1,0.0,1.19,0,none,0,none
U006,2024-09-06 18:20:00,143.2,1,0.0,1.04,0,none,0,none
U006,2024-09-06 18:25:00,142.5,1,0.0,0.92,0,none,0,none
U006,2024-09-06 18:35:00,142.9,1,0.0,1.07,0,none,0,none
U006,2024-09-06 18:40:00,142.3,1,0.0,1.15,0,none,0,none
U006,2024-09-06 18:45:00,142.4,1,0.0,1.19,0,none,0,none
U006,2024-09-06 18:55:00,142.2,1,0.0,1.01,0,none,0,none
U006,2024-09-06 19:00:00,141.7,1,0.0,0.83,0,none,0,none
U006,2024-09-06 19:10:00,142.1,1,0.0,0.81,0,none,0,none
U006,2024-09-06 19:35:00,142.9,1,0.0,0.81,0,none,0,none
U006,2024-09-06 19:45:00,143.9,1,0.0,0.96,0,none,0,none
U006,2024-09-06 19:50:00,144.0,1,0.0,0.95,0,none,0,none
U006,2024-09-06 19:55:00,145.1,1,0.0,0.91,0,none,0,none
U006,2024-09-06 20:00:00,145.1,1,0.0,1.04,0,none,0,none
U006,2024-09-06 20:05:00,145.8,1,0.0,1.1,0,none,0,none
U006,2024-09-06 20:15:00,144.7,1,0.0,0.91,0,none,0,none
U006,2024-09-06 20:25:00,144.1,1,0.0,0.95,0,none,0,none
U006,2024-09-06 20:55:00,146.2,1,0.0,1.05,0,none,0,none
U006,2024-09-06 21:00:00,146.3,1,0.0,1.11,0,none,0,none
U006,2024-09-06 21:05:00,146.0,1,0.0,1.05,0,none,0,none
U006,2024-09-06 21:15:00,143.9,1,0.0,1.1,0,none,0,none
U006,2024-09-06 21:30:00,145.2,1,0.0,0.96,0,none,0,none
U006,2024-09-06 21:35:00,146.3,1,0.0,1.04,0,none,0,none
U006,2024-09-06 21:55:00,145.7,1,0.0,1.13,0,none,0,none
U006,2024-09-06 22:00:00,146.2,1,0.0,0.87,0,none,0,none
U006,2024-09-06 22:05:00,146.2,1,0.0,1.17,0,none,0,none
U006,2024-09-06 22:20:00,146.0,1,0.0,1.05,0,none,0,none
U006,2024-09-06 22:30:00,145.9,1,0.0,0.86,0,none,0,none
U006,2024-09-06 22:40:00,146.1,1,0.0,1.19,0,none,0,none
U006,2024-09-06 22:45:00,145.9,1,0.0,1.13,0,none,0,none
U006,2024-09-06 22:50:00,146.2,1,0.0,1.08,0,none,0,none
U006,2024-09-06 22:55:00,146.7,1,0.0,0.88,0,none,0,none
U006,2024-09-06 23:00:00,147.3,1,0.0,0.95,0,none,0,none
U006,2024-09-06 23:05:00,147.7,1,0.0,0.88,0,none,0,none
U006,2024-09-06 23:10:00,147.3,1,0.0,0.84,0,none,0,none
U006,2024-09-06 23:15:00,148.0,1,0.0,1.14,0,none,0,none
U006,2024-09-06 23:20:00,148.1,1,0.0,1.12,0,none,0,none
U006,2024-09-06 23:30:00,147.5,1,6.7,0.86,60,dinner,4054,high
U006,2024-09-06 23:45:00,147.9,1,0.0,0.9,0,none,0,none
U006,2024-09-06 23:55:00,147.9,1,0.0,1.13,0,none,0,none
U006,2024-09-07 00:25:00,148.6,1,0.0,1.12,0,none,0,none
U006,2024-09-07 00:35:00,149.7,1,5.1,1.14,45,lunch,0,none
U006,2024-09-07 00:40:00,149.2,1,0.0,1.13,0,none,0,none
U006,2024-09-07 00:45:00,149.2,1,0.0,0.97,0,none,0,none
U006,2024-09-07 00:50:00,148.9,1,0.0,0.85,0,none,0,none
U006,2024-09-07 00:55:00,148.4,1,0.0,1.09,0,none,0,none
U006,2024-09-07 01:15:00,147.0,1,0.0,1.13,0,none,0,none
U006,2024-09-07 01:25:00,147.8,1,0.0,0.99,0,none,0,none
U006,2024-09-07 01:30:00,147.7,1,0.0,1.14,0,none,0,none
U006,2024-09-07 01:35:00,147.7,1,0.0,1.08,0,none,0,none
U006,2024-09-07 01:40:00,148.4,1,0.0,0.89,0,none,0,none
U006,2024-09-07 01:45:00,148.3,1,0.0,0.82,0,none,0,none
U006,2024-09-07 01:50:00,147.3,1,0.0,0.85,0,none,0,none
U006,2024-09-07 02:00:00,148.5,1,0.0,0.87,0,none,0,none
U006,2024-09-07 02:05:00,146.8,1,0.0,1.18,0,none,0,none
U006,2024-09-07 02:10:00,146.7,1,0.0,1.15,0,none,0,none
U006,2024-09-07 02:15:00,146.7,1,0.0,1.04,0,none,0,none
U006,2024-09-07 02:30:00,145.0,1,0.0,1.08,0,none,0,none
U006,2024-09-07 02:35:00,145.5,1,0.0,1.13,0,none,0,none
U006,2024-09-07 02:40:00,146.5,1,0.0,1.15,0,none,0,none
U006,2024-09-07 02:50:00,147.3,1,0.0,0.97,0,none,0,none
U006,2024-09-07 02:55:00,146.9,1,0.0,1.12,0,none,0,none
U006,2024-09-07 03:05:00,147.9,1,0.0,1.16,0,none,0,none
U006,2024-09-07 03:15:00,148.0,1,0.0,1.03,0,none,0,none
U006,2024-09-07 03:20:00,147.0,1,6.3,0.85,60,dinner,0,none
U006,2024-09-07 03:25:00,147.5,1,0.0,1.08,0,none,0,none
U006,2024-09-07 03:35:00,147.0,1,0.0,1.04,0,none,0,none
U006,2024-09-07 03:40:00,146.9,1,0.0,1.06,0,none,0,none
U006,2024-09-07 03:50:00,146.5,1,0.0,1.15,0,none,0,none
U006,2024-09-07 03:55:00,146.9,1,0.0,1.09,0,none,0,none
U006,2024-09-07 04:05:00,147.0,1,0.0,1.18,0,none,0,none
U006,2024-09-07 04:15:00,146.5,1,0.0,1.14,0,none,0,none
U006,2024-09-07 04:40:00,147.7,1,0.0,0.81,0,none,0,none
U006,2024-09-07 04:50:00,146.6,1,9.9,1.07,90,dinner,0,none
U006,2024-09-07 04:55:00,145.9,1,0.0,1.04,0,none,0,none
U006,2024-09-07 05:00:00,144.9,1,0.0,0.96,0,none,0,none
U006,2024-09-07 05:05:00,144.4,1,0.0,0.95,0,none,0,none
U006,2024-09-07 05:10:00,144.5,1,0.0,1.0,0,none,0,none
U006,2024-09-07 05:15:00,145.2,1,5.8,1.07,60,dinner,0,none
U006,2024-09-07 05:20:00,145.1,1,0.0,1.11,0,none,0,none
U006,2024-09-07 05:25:00,145.7,1,0.0,0.81,0,none,0,none
U006,2024-09-07 05:30:00,145.6,1,0.0,0.98,0,none,0,none
U006,2024-09-07 05:35:00,146.0,1,0.0,1.16,0,none,0,none
U006,2024-09-07 05:40:00,145.6,1,0.0,1.19,0,none,0,none
U006,2024-09-07 05:45:00,145.2,1,0.0,1.08,0,none,3557,medium
U006,2024-09-07 05:55:00,144.3,1,0.0,1.14,0,none,0,none
U006,2024-09-07 06:05:00,145.3,1,0.0,0.86,0,none,0,none
U006,2024-09-07 06:10:00,145.6,1,0.0,0.92,0,none,0,none
U006,2024-09-07 06:15:00,145.9,1,0.0,0.9,0,none,0,none
U006,2024-09-07 06:20:00,145.5,1,2.8,0.81,30,breakfast,0,none
U006,2024-09-07 06:35:00,146.0,1,0.0,0.92,0,none,0,none
U006,2024-09-07 06:40:00,146.0,1,0.0,1.14,0,none,0,none
U006,2024-09-07 06:50:00,146.3,1,0.0,1.04,0,none,0,none
U006,2024-09-07 06:55:00,146.1,1,0.0,1.03,0,none,0,none
U006,2024-09-07 07:00:00,145.1,1,0.0,1.17,0,none,0,none
U006,2024-09-07 07:10:00,146.0,1,0.0,1.09,0,none,0,none
U006,2024-09-07 07:20:00,146.5,1,0.0,0.93,0,none,0,none
U006,2024-09-07 07:25:00,146.2,1,0.0,1.08,0,none,0,none
U006,2024-09-07 07:35:00,146.8,1,0.0,0.88,0,none,0,none
U006,2024-09-07 07:40:00,147.3,1,0.0,1.14,0,none,0,none
U006,2024-09-07 07:50:00,147.1,1,0.0,0.97,0,none,0,none
U006,2024-09-07 08:00:00,147.3,1,0.0,1.1,0,none,0,none
U006,2024-09-07 08:05:00,148.0,1,0.0,1.08,0,none,0,none
U006,2024-09-07 08:25:00,148.7,1,0.0,0.83,0,none,0,none
U006,2024-09-07 08:30:00,149.3,1,0.0,0.98,0,none,0,none
U006,2024-09-07 08:40:00,149.8,1,0.0,1.12,0,none,0,none
U006,2024-09-07 08:50:00,149.7,1,0.0,0.87,0,none,0,none
U006,2024-09-07 08:55:00,149.3,1,0.0,1.08,0,none,0,none
U006,2024-09-07 09:00:00,149.2,1,0.0,1.19,0,none,0,none
U006,2024-09-07 09:05:00,149.1,1,0.0,0.83,0,none,0,none
U006,2024-09-07 09:10:00,149.8,1,0.0,1.02,0,none,0,none
U006,2024-09-07 09:15:00,149.5,1,0.0,1.05,0,none,0,none
U006,2024-09-07 09:20:00,149.2,1,0.0,0.99,0,none,0,none
U006,2024-09-07 09:30:00,149.5,1,0.0,0.99,0,none,3980,low
U006,2024-09-07 09:40:00,149.7,1,5.4,0.94,60,lunch,0,none
U006,2024-09-07 09:45:00,148.9,1,0.0,1.11,0,none,0,none
U006,2024-09-07 09:50:00,148.2,1,0.0,0.81,0,none,0,none
U006,2024-09-07 09:55:00,148.9,1,0.0,1.08,0,none,0,none
U006,2024-09-07 10:00:00,148.8,1,0.0,0.92,0,none,0,none
U006,2024-09-07 10:20:00,149.5,1,0.0,1.18,0,none,0,none
U006,2024-09-07 10:25:00,148.3,1,0.0,1.1,0,none,4377,medium
U006,2024-09-07 10:35:00,147.7,1,0.0,0.95,0,none,0,none
U006,2024-09-07 10:45:00,148.1,1,0.0,0.9,0,none,0,none
U006,2024-09-07 10:50:00,148.6,1,0.0,0.83,0,none,0,none
U006,2024-09-07 10:55:00,148.8,1,0.0,1.15,0,none,0,none
U006,2024-09-07 11:00:00,148.5,1,4.7,1.0,45,lunch,0,none
U006,2024-09-07 11:05:00,148.3,1,0.0,0.81,0,none,0,none
U006,2024-09-07 11:10:00,148.0,1,0.0,1.02,0,none,0,none
U006,2024-09-07 11:20:00,147.0,1,6.7,1.07,75,breakfast,0,none
U006,2024-09-07 11:30:00,146.6,1,0.0,0.89,0,none,0,none
U006,2024-09-07 11:35:00,146.0,1,0.0,1.13,0,none,0,none
U006,2024-09-07 11:40:00,145.3,1,0.0,0.89,0,none,0,none
U006,2024-09-07 11:45:00,145.8,1,7.0,0.86,75,dinner,0,none
U006,2024-09-07 11:50:00,146.4,1,0.0,1.18,0,none,0,none
U006,2024-09-07 11:55:00,145.6,1,0.0,0.84,0,none,2202,medium
U006,2024-09-07 12:00:00,145.7,1,0.0,1.19,0,none,0,none
U006,2024-09-07 12:05:00,145.8,1,0.0,0.96,0,none,0,none
U006,2024-09-07 12:10:00,146.0,1,0.0,1.0,0,none,0,none
U006,2024-09-07 12:15:00,146.6,1,0.0,0.93,0,none,0,none
U006,2024-09-07 12:20:00,147.4,1,0.0,1.19,0,none,0,none
U006,2024-09-07 12:25:00,146.9,1,0.0,0.83,0,none,0,none
U006,2024-09-07 12:50:00,147.9,1,0.0,1.09,0,none,0,none
U006,2024-09-07 12:55:00,147.9,1,0.0,1.0,0,none,0,none
U006,2024-09-07 13:05:00,147.6,0,0.0,0.98,0,none,0,none
U006,2024-09-07 13:10:00,148.3,1,0.0,1.2,0,none,0,none
U006,2024-09-07 13:15:00,148.2,1,0.0,0.92,0,none,0,none
U006,2024-09-07 13:20:00,148.6,1,0.0,0.94,0,none,0,none
U006,2024-09-07 13:25:00,148.7,1,0.0,1.02,0,none,0,none
U006,2024-09-07 13:35:00,149.7,1,0.0,0.93,0,none,0,none
U006,2024-09-07 13:40:00,149.4,1,2.5,0.99,30,lunch,0,none
U006,2024-09-07 13:50:00,148.9,1,0.0,1.13,0,none,0,none
U006,2024-09-07 13:55:00,149.4,1,0.0,1.16,0,none,0,none
U006,2024-09-07 14:00:00,150.1,1,0.0,0.97,0,none,0,none
U006,2024-09-07 14:05:00,150.8,1,0.0,0.94,0,none,0,none
U006,2024-09-07 14:10:00,150.9,1,0.0,1.04,0,none,0,none
U006,2024-09-07 14:15:00,150.6,1,2.9,1.12,30,snack,0,none
U006,2024-09-07 14:20:00,150.6,1,0.0,0.86,0,none,0,none
U006,2024-09-07 14:25:00,150.5,1,0.0,0.83,0,none,0,none
U006,2024-09-07 14:30:00,150.7,1,0.0,0.91,0,none,0,none
U006,2024-09-07 14:35:00,149.3,1,0.0,0.99,0,none,2963,medium
U006,2024-09-07 14:45:00,149.0,1,0.0,1.12,0,none,0,none
U006,2024-09-07 14:50:00,148.5,1,0.0,1.09,0,none,0,none
U006,2024-09-07 15:00:00,147.7,1,0.0,1.13,0,none,0,none
U006,2024-09-07 15:05:00,147.9,1,0.0,0.83,0,none,0,none
U006,2024-09-07 15:10:00,147.6,1,0.0,1.1,0,none,2271,high
U006,2024-09-07 15:15:00,147.7,1,0.0,0.88,0,none,0,none
U006,2024-09-07 15:20:00,147.6,1,0.0,0.95,0,none,0,none
U006,2024-09-07 15:25:00,148.6,1,0.0,1.18,0,none,0,none
U006,2024-09-07 15:35:00,149.2,1,0.0,0.8,0,none,0,none
U006,2024-09-07 15:45:00,148.3,1,0.0,0.97,0,none,2372,low
U006,2024-09-07 15:55:00,148.1,1,0.0,0.89,0,none,0,none
U006,2024-09-07 16:05:00,147.9,1,0.0,0.83,0,none,0,none
U006,2024-09-07 16:10:00,147.1,1,0.0,0.89,0,none,0,none
U006,2024-09-07 16:20:00,147.1,1,0.0,1.09,0,none,0,none
U006,2024-09-07 16:25:00,146.3,1,0.0,0.87,0,none,0,none
U006,2024-09-07 16:30:00,145.9,1,0.0,1.12,0,none,0,none
U006,2024-09-07 16:40:00,146.1,1,0.0,0.92,0,none,0,none
U006,2024-09-07 16:50:00,146.8,1,0.0,0.97,0,none,0,none
U006,2024-09-07 17:00:00,146.3,1,0.0,1.19,0,none,0,none
U006,2024-09-07 17:05:00,146.5,1,0.0,1.12,0,none,0,none
U006,2024-09-07 17:15:00,147.9,1,0.0,1.18,0,none,0,none
U006,2024-09-07 17:20:00,147.5,1,0.0,1.12,0,none,0,none
U006,2024-09-07 17:25:00,146.7,1,0.0,0.88,0,none,1948,medium
U006,2024-09-07 17:30:00,145.9,1,0.0,1.01,0,none,0,none
U006,2024-09-07 17:35:00,144.9,1,0.0,0.81,0,none,2594,medium
U006,2024-09-07 17:40:00,144.7,1,0.0,0.97,0,none,0,none
U006,2024-09-07 17:50:00,143.9,1,0.0,0.83,0,none,0,none
U006,2024-09-07 17:55:00,143.5,1,0.0,0.81,0,none,0,none
U006,2024-09-07 18:00:00,143.6,1,2.2,1.16,30,lunch,0,none
U006,2024-09-07 18:05:00,143.1,1,0.0,1.01,0,none,0,none
U006,2024-09-07 18:10:00,143.3,1,0.0,0.82,0,none,0,none
U006,2024-09-07 18:15:00,143.6,1,0.0,0.99,0,none,0,none
U006,2024-09-07 18:20:00,143.9,0,0.0,0.87,0,none,0,none
U006,2024-09-07 18:25:00,144.5,1,0.0,1.19,0,none,0,none
U006,2024-09-07 18:30:00,144.4,1,4.1,0.92,45,dinner,0,none
U006,2024-09-07 18:35:00,144.0,1,0.0,0.83,0,none,0,none
U006,2024-09-07 18:40:00,143.6,1,0.0,1.17,0,none,0,none
U006,2024-09-07 18:50:00,142.9,1,0.0,0.97,0,none,0,none
U006,2024-09-07 19:05:00,145.2,1,0.0,0.97,0,none,0,none
U006,2024-09-07 19:20:00,144.0,1,0.0,1.01,0,none,0,none
U006,2024-09-07 19:25:00,144.0,1,0.0,1.05,0,none,0,none
U006,2024-09-07 19:30:00,143.9,1,0.0,1.17,0,none,0,none
U006,2024-09-07 19:40:00,142.1,1,0.0,0.82,0,none,0,none
U006,2024-09-07 19:55:00,141.5,1,0.0,0.99,0,none,0,none
U006,2024-09-07 20:00:00,141.1,1,0.0,1.08,0,none,0,none
U006,2024-09-07 20:05:00,139.8,1,0.0,1.0,0,none,0,none
U006,2024-09-07 20:10:00,140.0,1,0.0,1.08,0,none,0,none
U006,2024-09-07 20:15:00,140.2,1,0.0,1.05,0,none,0,none
U006,2024-09-07 20:25:00,141.7,1,0.0,0.97,0,none,0,none
U006,2024-09-07 20:35:00,143.0,1,0.0,0.83,0,none,0,none
U006,2024-09-07 20:40:00,143.1,1,0.0,1.12,0,none,0,none
U006,2024-09-07 20:50:00,142.3,1,0.0,0.8,0,none,0,none
U006,2024-09-07 20:55:00,141.2,1,0.0,1.04,0,none,0,none
U006,2024-09-07 21:00:00,140.9,1,0.0,0.89,0,none,0,none
U006,2024-09-07 21:10:00,139.0,1,0.0,0.98,0,none,0,none
U006,2024-09-07 21:15:00,139.4,0,0.0,1.05,0,none,0,none
U006,2024-09-07 21:25:00,140.0,1,0.0,1.03,0,none,0,none
U006,2024-09-07 21:30:00,140.5,1,0.0,1.15,0,none,0,none
U006,2024-09-07 21:45:00,141.6,1,0.0,1.07,0,none,0,none
U006,2024-09-07 21:55:00,142.1,1,0.0,1.17,0,none,0,none
U006,2024-09-07 22:00:00,142.2,1,0.0,0.95,0,none,0,none
U006,2024-09-07 22:05:00,141.8,1,0.0,1.15,0,none,0,none
U006,2024-09-07 22:15:00,142.0,1,0.0,0.91,0,none,0,none
U006,2024-09-07 22:20:00,141.8,1,0.0,1.01,0,none,0,none
U006,2024-09-07 22:25:00,142.7,1,0.0,0.95,0,none,0,none
U006,2024-09-07 22:35:00,143.0,1,0.0,1.0,0,none,0,none
U006,2024-09-07 22:40:00,143.1,1,7.5,1.05,75,snack,0,none
U006,2024-09-07 22:45:00,142.6,1,9.9,0.8,90,breakfast,0,none
U006,2024-09-07 22:50:00,142.8,1,4.8,0.99,45,snack,0,none
U006,2024-09-07 23:00:00,142.5,1,0.0,1.14,0,none,0,none
U006,2024-09-07 23:15:00,143.3,1,0.0,0.88,0,none,0,none
U006,2024-09-07 23:25:00,144.1,1,0.0,0.99,0,none,0,none
U006,2024-09-07 23:30:00,144.5,1,0.0,1.07,0,none,0,none
U006,2024-09-07 23:35:00,145.1,1,0.0,1.07,0,none,0,none
U006,2024-09-07 23:45:00,144.8,1,0.0,1.14,0,none,0,none
U006,2024-09-07 23:55:00,145.2,1,0.0,0.97,0,none,0,none
U006,2024-09-08 00:00:00,146.3,1,0.0,1.11,0,none,0,none
U006,2024-09-08 00:05:00,147.1,1,0.0,0.99,0,none,0,none
U006,2024-09-08 00:10:00,146.8,1,0.0,0.88,0,none,0,none
U006,2024-09-08 00:15:00,146.6,1,0.0,1.14,0,none,0,none
U006,2024-09-08 00:20:00,146.3,1,0.0,0.86,0,none,0,none
U006,2024-09-08 00:25:00,147.0,1,0.0,1.0,0,none,0,none
U006,2024-09-08 00:30:00,146.9,1,0.0,0.86,0,none,0,none
U006,2024-09-08 00:35:00,146.9,1,0.0,0.95,0,none,0,none
U006,2024-09-08 00:50:00,147.6,1,0.0,0.98,0,none,0,none
U006,2024-09-08 01:20:00,148.7,1,0.0,0.83,0,none,0,none
U006,2024-09-08 01:25:00,149.7,1,0.0,1.16,0,none,0,none
U006,2024-09-08 01:45:00,150.7,1,0.0,1.0,0,none,0,none
U006,2024-09-08 01:50:00,150.3,1,0.0,1.1,0,none,0,none
U006,2024-09-08 02:00:00,149.9,1,0.0,0.94,0,none,0,none
U006,2024-09-08 02:05:00,149.5,1,6.0,0.86,60,snack,0,none
U006,2024-09-08 02:10:00,148.5,1,0.0,0.85,0,none,0,none
U006,2024-09-08 02:20:00,148.1,1,0.0,0.94,0,none,0,none
U006,2024-09-08 02:25:00,147.9,1,3.8,1.1,30,breakfast,0,none
U006,2024-09-08 02:30:00,148.0,1,0.0,1.0,0,none,0,none
U006,2024-09-08 02:40:00,148.2,1,0.0,0.99,0,none,0,none
U006,2024-09-08 03:05:00,147.0,1,0.0,1.2,0,none,0,none
U006,2024-09-08 03:10:00,147.0,1,0.0,1.0,0,none,0,none
U006,2024-09-08 03:15:00,147.4,1,0.0,1.14,0,none,0,none
U006,2024-09-08 03:20:00,147.9,1,0.0,0.84,0,none,0,none
U006,2024-09-08 03:40:00,146.8,1,0.0,1.19,0,none,0,none
U006,2024-09-08 03:45:00,146.7,1,0.0,0.85,0,none,0,none
U006,2024-09-08 03:50:00,146.4,1,0.0,1.09,0,none,0,none
U006,2024-09-08 03:55:00,146.5,1,0.0,1.01,0,none,0,none
U006,2024-09-08 04:00:00,146.6,1,0.0,1.0,0,none,0,none
U006,2024-09-08 04:05:00,146.3,1,0.0,1.01,0,none,0,none
U006,2024-09-08 04:10:00,146.2,1,0.0,0.84,0,none,0,none
U006,2024-09-08 04:15:00,143.9,1,0.0,0.89,0,none,698,medium
U006,2024-09-08 04:25:00,143.8,1,0.0,0.85,0,none,0,none
U006,2024-09-08 04:30:00,143.7,1,0.0,1.03,0,none,0,none
U006,2024-09-08 04:35:00,143.3,1,0.0,0.96,0,none,0,none
U006,2024-09-08 04:40:00,143.8,1,0.0,1.18,0,none,0,none
U006,2024-09-08 04:45:00,144.0,1,0.0,0.82,0,none,0,none
U006,2024-09-08 05:00:00,143.5,1,0.0,0.87,0,none,0,none
U006,2024-09-08 05:05:00,142.9,1,0.0,0.85,0,none,0,none
U006,2024-09-08 05:10:00,143.2,1,0.0,0.96,0,none,0,none
U006,2024-09-08 05:15:00,143.7,1,0.0,0.85,0,none,0,none
U006,2024-09-08 05:20:00,143.5,1,0.0,1.18,0,none,0,none
U006,2024-09-08 05:25:00,142.9,1,0.0,1.0,0,none,0,none
U006,2024-09-08 05:30:00,143.1,1,0.0,0.89,0,none,0,none
U006,2024-09-08 05:45:00,145.9,1,0.0,1.1,0,none,0,none
U006,2024-09-08 05:50:00,145.5,1,0.0,1.11,0,none,0,none
U006,2024-09-08 05:55:00,146.7,1,0.0,1.05,0,none,0,none
U006,2024-09-08 06:05:00,147.5,1,0.0,1.02,0,none,0,none
U006,2024-09-08 06:15:00,147.8,1,0.0,1.02,0,none,0,none
U006,2024-09-08 06:20:00,147.8,1,0.0,1.03,0,none,0,none
U006,2024-09-08 06:25:00,146.5,1,0.0,1.02,0,none,4914,low
U006,2024-09-08 06:30:00,147.4,1,0.0,1.03,0,none,0,none
U006,2024-09-08 06:35:00,146.9,1,0.0,0.98,0,none,0,none
U006,2024-09-08 06:40:00,147.3,1,0.0,0.93,0,none,0,none
U006,2024-09-08 06:45:00,146.7,1,0.0,0.96,0,none,0,none
U006,2024-09-08 06:55:00,147.1,1,0.0,0.97,0,none,0,none
U006,2024-09-08 07:00:00,147.5,1,0.0,0.9,0,none,0,none
U006,2024-09-08 07:10:00,148.1,1,0.0,1.0,0,none,0,none
U006,2024-09-08 07:15:00,148.4,1,0.0,1.03,0,none,0,none
U006,2024-09-08 07:20:00,148.3,1,0.0,1.11,0,none,0,none
U006,2024-09-08 07:25:00,148.7,1,0.0,1.05,0,none,0,none
U006,2024-09-08 07:30:00,148.8,1,0.0,0.92,0,none,0,none
U006,2024-09-08 07:35:00,148.6,1,0.0,1.04,0,none,0,none
U006,2024-09-08 07:45:00,147.4,0,0.0,0.94,0,none,0,none
U006,2024-09-08 07:50:00,147.8,1,6.5,0.88,60,lunch,0,none
U006,2024-09-08 07:55:00,148.4,1,0.0,1.08,0,none,0,none
U006,2024-09-08 08:00:00,148.5,1,0.0,0.91,0,none,0,none
U006,2024-09-08 08:05:00,148.0,1,0.0,0.93,0,none,0,none
U006,2024-09-08 08:10:00,147.5,1,0.0,1.1,0,none,0,none
U006,2024-09-08 08:15:00,147.2,1,0.0,0.81,0,none,0,none
U006,2024-09-08 08:20:00,146.5,1,0.0,1.02,0,none,0,none
U006,2024-09-08 08:25:00,146.2,1,0.0,1.02,0,none,0,none
U006,2024-09-08 08:30:00,146.4,1,0.0,0.97,0,none,0,none
U006,2024-09-08 08:40:00,147.7,1,0.0,0.82,0,none,0,none
U006,2024-09-08 08:45:00,147.6,1,0.0,0.84,0,none,0,none
U006,2024-09-08 08:50:00,148.7,1,0.0,1.02,0,none,0,none
U006,2024-09-08 08:55:00,147.4,1,0.0,1.04,0,none,1875,low
U006,2024-09-08 09:00:00,147.6,1,0.0,1.17,0,none,0,none
U006,2024-09-08 09:05:00,148.5,1,0.0,0.8,0,none,0,none
U006,2024-09-08 09:10:00,148.6,1,0.0,0.97,0,none,840,medium
U006,2024-09-08 09:15:00,148.1,1,0.0,1.13,0,none,0,none
U006,2024-09-08 09:25:00,147.0,1,0.0,0.98,0,none,0,none
U006,2024-09-08 09:50:00,147.1,1,0.0,1.13,0,none,0,none
U006,2024-09-08 09:55:00,147.5,1,7.6,1.19,75,breakfast,0,none
U006,2024-09-08 10:00:00,147.2,1,5.3,0.92,60,breakfast,0,none
U006,2024-09-08 10:05:00,146.2,1,0.0,0.98,0,none,0,none
U006,2024-09-08 10:10:00,145.7,1,0.0,1.05,0,none,0,none
U006,2024-09-08 10:15:00,146.0,1,0.0,0.81,0,none,0,none
U006,2024-09-08 10:20:00,145.7,1,0.0,0.93,0,none,0,none
U006,2024-09-08 10:25:00,145.2,1,0.0,0.96,0,none,0,none
U006,2024-09-08 10:40:00,145.0,1,0.0,0.81,0,none,0,none
U006,2024-09-08 10:45:00,145.2,1,0.0,1.18,0,none,0,none
U006,2024-09-08 11:00:00,144.8,1,0.0,1.0,0,none,0,none
U006,2024-09-08 11:05:00,144.7,1,0.0,0.82,0,none,0,none
U006,2024-09-08 11:15:00,144.8,1,0.0,0.85,0,none,0,none
U006,2024-09-08 11:20:00,145.2,0,9.4,0.85,90,dinner,0,none
U006,2024-09-08 11:25:00,145.6,1,0.0,1.15,0,none,0,none
U006,2024-09-08 11:30:00,145.5,1,0.0,0.88,0,none,0,none
U006,2024-09-08 11:40:00,145.7,1,0.0,1.04,0,none,0,none
U006,2024-09-08 11:45:00,144.9,1,0.0,0.81,0,none,0,none
U006,2024-09-08 11:55:00,144.9,1,0.0,0.9,0,none,0,none
U006,2024-09-08 12:00:00,145.7,1,0.0,0.89,0,none,0,none
U006,2024-09-08 12:05:00,146.1,1,0.0,1.1,0,none,0,none
U006,2024-09-08 12:10:00,146.8,1,0.0,0.9,0,none,0,none
U006,2024-09-08 12:15:00,148.2,1,0.0,0.8,0,none,0,none
U006,2024-09-08 12:25:00,148.8,1,0.0,1.02,0,none,0,none
U006,2024-09-08 12:30:00,148.9,1,0.0,1.01,0,none,0,none
U006,2024-09-08 12:50:00,148.9,1,0.0,0.89,0,none,0,none
U006,2024-09-08 13:10:00,148.4,1,0.0,1.17,0,none,0,none
U006,2024-09-08 13:15:00,149.0,1,0.0,1.07,0,none,0,none
U006,2024-09-08 13:20:00,148.4,1,0.0,0.97,0,none,1995,low
U006,2024-09-08 13:35:00,147.0,1,0.0,1.06,0,none,0,none
U006,2024-09-08 13:40:00,146.6,1,0.0,1.16,0,none,0,none
U006,2024-09-08 13:45:00,146.1,1,0.0,1.0,0,none,0,none
U006,2024-09-08 14:00:00,146.8,1,0.0,1.16,0,none,0,none
U006,2024-09-08 14:05:00,147.5,1,0.0,1.11,0,none,0,none
U006,2024-09-08 14:15:00,149.1,1,0.0,0.9,0,none,0,none
U006,2024-09-08 14:20:00,148.4,1,0.0,1.03,0,none,0,none
U006,2024-09-08 14:25:00,148.3,1,0.0,1.14,0,none,0,none
U006,2024-09-08 14:30:00,147.7,1,0.0,0.99,0,none,0,none
U006,2024-09-08 14:35:00,147.1,1,0.0,0.96,0,none,0,none
U006,2024-09-08 14:40:00,146.4,1,0.0,1.1,0,none,0,none
U006,2024-09-08 14:45:00,147.1,1,0.0,1.09,0,none,0,none
U006,2024-09-08 14:50:00,147.5,1,0.0,0.91,75,lunch,0,none
U006,2024-09-08 14:55:00,147.5,1,0.0,0.98,0,none,0,none
U006,2024-09-08 15:05:00,148.3,1,0.0,0.82,0,none,0,none
U006,2024-09-08 15:10:00,148.7,1,0.0,0.81,0,none,0,none
U006,2024-09-08 15:20:00,149.6,1,0.0,0.98,0,none,0,none
U006,2024-09-08 15:25:00,149.6,1,0.0,0.87,0,none,0,none
U006,2024-09-08 15:30:00,149.3,1,0.0,0.91,0,none,0,none
U006,2024-09-08 15:35:00,148.2,1,6.9,1.09,75,breakfast,0,none
U006,2024-09-08 15:50:00,147.2,1,0.0,0.95,0,none,0,none
U006,2024-09-08 16:00:00,146.9,1,0.0,0.94,0,none,0,none
U006,2024-09-08 16:05:00,146.7,1,0.0,0.94,0,none,0,none
U006,2024-09-08 16:10:00,146.6,1,0.0,1.09,0,none,0,none
U006,2024-09-08 16:15:00,147.2,1,0.0,1.1,0,none,0,none
U006,2024-09-08 16:30:00,147.1,1,0.0,0.84,0,none,0,none
U006,2024-09-08 16:35:00,147.2,1,0.0,1.07,0,none,0,none
U006,2024-09-08 16:40:00,147.2,1,0.0,1.04,0,none,0,none
U006,2024-09-08 16:55:00,148.8,1,0.0,0.99,0,none,0,none
U006,2024-09-08 17:00:00,148.6,1,0.0,0.98,0,none,0,none
U006,2024-09-08 17:25:00,148.3,1,0.0,1.07,0,none,0,none
U006,2024-09-08 17:30:00,147.8,1,0.0,1.2,0,none,0,none
U006,2024-09-08 17:45:00,148.1,1,0.0,0.9,0,none,0,none
U006,2024-09-08 17:50:00,148.6,1,2.1,1.13,30,dinner,0,none
U006,2024-09-08 18:00:00,148.2,1,0.0,1.01,0,none,0,none
U006,2024-09-08 18:05:00,149.3,1,0.0,1.17,0,none,0,none
U006,2024-09-08 18:10:00,149.3,1,0.0,1.07,0,none,0,none
U006,2024-09-08 18:15:00,149.8,1,0.0,1.05,0,none,0,none
U006,2024-09-08 18:25:00,150.9,1,0.0,1.17,0,none,0,none
U006,2024-09-08 18:35:00,150.8,1,0.0,0.91,0,none,0,none
U006,2024-09-08 18:40:00,151.1,1,0.0,1.15,0,none,0,none
U006,2024-09-08 18:50:00,149.6,1,0.0,1.16,0,none,0,none
U006,2024-09-08 18:55:00,149.0,1,0.0,0.85,0,none,0,none
U006,2024-09-08 19:00:00,148.7,1,0.0,1.18,0,none,0,none
U006,2024-09-08 19:05:00,149.3,1,0.0,1.13,0,none,0,none
U006,2024-09-08 19:15:00,150.2,1,0.0,0.88,0,none,0,none
U006,2024-09-08 19:20:00,150.6,1,0.0,0.81,0,none,0,none
U006,2024-09-08 19:30:00,150.4,1,0.0,1.15,0,none,0,none
U006,2024-09-08 19:40:00,149.2,1,8.4,0.82,75,lunch,0,none
U006,2024-09-08 19:45:00,149.3,1,0.0,1.17,0,none,0,none
U006,2024-09-08 19:50:00,149.8,1,0.0,1.17,0,none,0,none
U006,2024-09-08 20:00:00,148.2,1,0.0,0.93,0,none,0,none
U006,2024-09-08 20:05:00,148.6,1,0.0,0.95,0,none,0,none
U006,2024-09-08 20:30:00,145.3,1,0.0,1.19,0,none,0,none
U006,2024-09-08 20:45:00,144.5,1,0.0,0.87,0,none,0,none
U006,2024-09-08 20:50:00,144.3,1,0.0,1.02,0,none,0,none
U006,2024-09-08 20:55:00,143.7,1,2.0,0.85,30,breakfast,0,none
U006,2024-09-08 21:00:00,143.6,1,0.0,0.87,0,none,0,none
U006,2024-09-08 21:05:00,143.3,1,0.0,1.09,0,none,0,none
U006,2024-09-08 21:10:00,143.9,1,0.0,0.82,0,none,0,none
U006,2024-09-08 21:15:00,143.4,1,0.0,1.15,0,none,0,none
U006,2024-09-08 21:20:00,144.0,1,0.0,1.04,0,none,0,none
U006,2024-09-08 21:30:00,144.9,1,0.0,0.94,0,none,0,none
U006,2024-09-08 21:40:00,145.8,1,0.0,0.92,0,none,0,none
U006,2024-09-08 21:45:00,146.3,1,0.0,0.89,0,none,0,none
U006,2024-09-08 21:50:00,146.2,1,0.0,0.93,0,none,0,none
U006,2024-09-08 21:55:00,147.6,1,0.0,1.14,0,none,0,none
U006,2024-09-08 22:00:00,146.8,1,0.0,1.15,0,none,0,none
U006,2024-09-08 22:15:00,146.8,1,0.0,1.08,0,none,0,none
U006,2024-09-08 23:00:00,148.5,1,0.0,1.13,0,none,0,none
U006,2024-09-08 23:10:00,148.1,1,4.5,1.08,45,lunch,0,none
U006,2024-09-08 23:25:00,147.9,1,0.0,1.13,0,none,0,none
U006,2024-09-08 23:30:00,147.5,1,0.0,1.0,0,none,0,none
U006,2024-09-08 23:35:00,147.1,1,0.0,0.84,0,none,0,none
U006,2024-09-08 23:40:00,146.6,1,0.0,0.96,0,none,0,none
U006,2024-09-08 23:55:00,147.7,1,0.0,1.18,0,none,0,none
U006,2024-09-09 00:10:00,147.8,1,0.0,0.9,0,none,0,none
U006,2024-09-09 00:15:00,148.1,1,0.0,1.17,0,none,0,none
U006,2024-09-09 00:25:00,147.8,1,0.0,1.13,0,none,0,none
U006,2024-09-09 00:30:00,147.3,1,0.0,1.18,0,none,0,none
U006,2024-09-09 00:35:00,147.0,1,0.0,1.17,0,none,0,none
U006,2024-09-09 00:45:00,146.8,1,0.0,1.1,0,none,0,none
U006,2024-09-09 00:55:00,147.3,1,0.0,0.89,0,none,0,none
U006,2024-09-09 01:00:00,148.1,1,0.0,1.01,0,none,0,none
U006,2024-09-09 01:05:00,148.6,1,0.0,0.93,0,none,0,none
U006,2024-09-09 01:25:00,149.2,1,0.0,0.85,0,none,0,none
U006,2024-09-09 01:35:00,149.1,1,0.0,1.13,0,none,0,none
U006,2024-09-09 01:40:00,148.7,1,0.0,1.04,0,none,0,none
U006,2024-09-09 01:45:00,148.8,1,0.0,1.0,0,none,0,none
U006,2024-09-09 01:50:00,149.5,1,0.0,1.05,0,none,0,none
U006,2024-09-09 01:55:00,150.3,1,0.0,1.1,0,none,0,none
U006,2024-09-09 02:15:00,151.1,1,0.0,1.08,0,none,0,none
U006,2024-09-09 02:30:00,150.9,1,0.0,1.02,0,none,0,none
U006,2024-09-09 02:40:00,149.9,1,0.0,0.97,0,none,0,none
U006,2024-09-09 02:55:00,150.0,1,0.0,1.02,0,none,0,none
U006,2024-09-09 03:00:00,148.2,1,0.0,1.11,0,none,3681,medium
U006,2024-09-09 03:15:00,148.6,1,0.0,1.12,0,none,0,none
U006,2024-09-09 03:20:00,148.1,1,0.0,0.82,0,none,0,none
U006,2024-09-09 03:30:00,147.5,1,0.0,1.04,0,none,0,none
U006,2024-09-09 03:35:00,147.5,1,0.0,0.82,0,none,0,none
U006,2024-09-09 03:40:00,147.6,1,0.0,0.8,0,none,0,none
U006,2024-09-09 03:45:00,147.6,1,0.0,0.98,0,none,0,none
U006,2024-09-09 03:50:00,148.1,1,0.0,1.08,0,none,0,none
U006,2024-09-09 04:00:00,148.0,1,0.0,0.83,0,none,0,none
U006,2024-09-09 04:05:00,147.4,1,0.0,0.83,0,none,0,none
U006,2024-09-09 04:10:00,147.9,1,0.0,0.92,0,none,0,none
U006,2024-09-09 04:15:00,148.8,1,0.0,0.95,0,none,0,none
U006,2024-09-09 04:35:00,147.8,0,8.3,0.81,90,breakfast,0,none
U006,2024-09-09 04:50:00,145.9,1,0.0,1.13,0,none,0,none
U006,2024-09-09 05:05:00,146.0,1,0.0,0.88,0,none,0,none
U006,2024-09-09 05:15:00,146.5,1,0.0,0.82,0,none,0,none
U006,2024-09-09 05:35:00,145.9,1,0.0,1.06,0,none,0,none
U006,2024-09-09 05:40:00,145.6,1,0.0,0.88,0,none,0,none
U006,2024-09-09 05:45:00,145.1,1,0.0,0.86,0,none,0,none
U006,2024-09-09 05:50:00,144.1,1,0.0,1.02,0,none,0,none
U006,2024-09-09 06:00:00,144.2,1,0.0,0.82,0,none,0,none
U006,2024-09-09 06:05:00,145.0,1,0.0,1.15,0,none,0,none
U006,2024-09-09 06:10:00,144.0,1,0.0,1.08,0,none,0,none
U006,2024-09-09 06:15:00,144.8,1,0.0,0.93,0,none,0,none
U006,2024-09-09 06:20:00,145.2,1,0.0,1.09,0,none,0,none
U006,2024-09-09 06:30:00,145.8,1,0.0,0.97,0,none,0,none
U006,2024-09-09 06:40:00,145.9,1,0.0,0.9,0,none,0,none
U006,2024-09-09 06:45:00,146.7,1,0.0,0.93,0,none,0,none
U006,2024-09-09 06:55:00,146.4,1,0.0,1.1,0,none,1528,low
U006,2024-09-09 07:10:00,144.7,1,0.0,0.95,0,none,0,none
U006,2024-09-09 07:15:00,144.8,1,0.0,0.88,0,none,0,none
U006,2024-09-09 07:20:00,144.8,1,0.0,1.0,0,none,0,none
U006,2024-09-09 07:25:00,144.8,1,0.0,1.17,0,none,0,none
U006,2024-09-09 07:30:00,144.8,1,0.0,1.02,0,none,0,none
U006,2024-09-09 07:35:00,145.1,1,0.0,0.92,0,none,0,none
U006,2024-09-09 07:45:00,145.0,1,0.0,1.12,0,none,0,none
U006,2024-09-09 07:50:00,144.9,1,0.0,1.18,0,none,0,none
U006,2024-09-09 07:55:00,145.1,1,0.0,1.07,0,none,0,none
U006,2024-09-09 08:05:00,143.9,1,0.0,0.94,0,none,0,none
U006,2024-09-09 08:10:00,142.2,1,0.0,0.93,0,none,975,low
U006,2024-09-09 08:15:00,141.8,1,0.0,1.13,0,none,0,none
U006,2024-09-09 08:25:00,143.9,1,0.0,1.08,0,none,0,none
U006,2024-09-09 08:35:00,144.3,1,0.0,0.83,0,none,0,none
U006,2024-09-09 08:40:00,144.6,1,0.0,1.15,0,none,0,none
U006,2024-09-09 08:45:00,144.3,1,0.0,1.11,0,none,0,none
U006,2024-09-09 08:55:00,145.1,1,0.0,0.88,0,none,0,none
U006,2024-09-09 09:00:00,145.8,1,0.0,1.19,0,none,0,none
U006,2024-09-09 09:05:00,145.7,1,0.0,0.96,0,none,0,none
U006,2024-09-09 09:10:00,145.9,1,0.0,0.98,0,none,0,none
U006,2024-09-09 09:15:00,146.7,1,0.0,1.17,0,none,0,none
U006,2024-09-09 09:20:00,146.4,1,0.0,0.85,0,none,0,none
U006,2024-09-09 09:30:00,146.7,1,0.0,1.07,0,none,0,none
U006,2024-09-09 09:40:00,145.3,1,0.0,1.15,0,none,0,none
U006,2024-09-09 09:45:00,145.3,1,0.0,1.08,0,none,0,none
U006,2024-09-09 09:50:00,145.5,1,0.0,1.07,0,none,0,none
U006,2024-09-09 09:55:00,145.0,1,0.0,1.12,0,none,0,none
U006,2024-09-09 10:00:00,145.1,1,0.0,0.82,0,none,0,none
U006,2024-09-09 10:05:00,145.8,1,0.0,0.9,0,none,0,none
U006,2024-09-09 10:10:00,146.0,1,0.0,0.85,0,none,0,none
U006,2024-09-09 10:15:00,146.0,1,0.0,1.11,0,none,0,none
U006,2024-09-09 10:20:00,145.8,1,0.0,0.88,0,none,0,none
U006,2024-09-09 10:25:00,144.4,1,0.0,0.86,0,none,0,none
U006,2024-09-09 10:30:00,144.7,1,0.0,1.01,0,none,0,none
U006,2024-09-09 10:35:00,144.5,1,0.0,0.93,0,none,0,none
U006,2024-09-09 10:40:00,145.2,1,0.0,1.03,0,none,0,none
U006,2024-09-09 10:45:00,144.9,1,4.5,1.09,45,snack,0,none
U006,2024-09-09 10:50:00,145.2,1,9.4,1.11,90,lunch,0,none
U006,2024-09-09 11:00:00,144.4,1,8.4,1.2,75,dinner,0,none
U006,2024-09-09 11:10:00,145.3,1,0.0,0.92,0,none,0,none
U006,2024-09-09 11:15:00,144.9,1,0.0,1.13,0,none,0,none
U006,2024-09-09 11:25:00,145.0,1,0.0,0.91,0,none,0,none
U006,2024-09-09 11:35:00,146.0,1,0.0,0.96,0,none,0,none
U006,2024-09-09 11:50:00,147.0,1,0.0,0.96,0,none,0,none
U006,2024-09-09 11:55:00,146.7,1,0.0,0.98,0,none,0,none
U006,2024-09-09 12:05:00,147.2,1,0.0,0.94,0,none,0,none
U006,2024-09-09 12:10:00,148.7,1,0.0,1.17,0,none,0,none
U006,2024-09-09 12:25:00,149.2,1,8.3,0.9,75,snack,0,none
U006,2024-09-09 12:30:00,149.0,1,0.0,1.13,0,none,3096,medium
U006,2024-09-09 12:35:00,149.4,1,0.0,0.96,0,none,0,none
U006,2024-09-09 12:45:00,148.6,1,0.0,0.98,0,none,0,none
U006,2024-09-09 12:55:00,148.7,1,0.0,1.15,0,none,0,none
U006,2024-09-09 13:00:00,148.5,1,3.9,1.07,30,lunch,0,none
U006,2024-09-09 13:05:00,147.4,1,0.0,1.0,60,dinner,0,none
U006,2024-09-09 13:25:00,148.8,1,0.0,1.09,0,none,0,none
U006,2024-09-09 13:30:00,148.7,1,0.0,1.08,0,none,0,none
U006,2024-09-09 13:40:00,149.7,1,0.0,1.02,0,none,0,none
U006,2024-09-09 13:45:00,148.5,1,0.0,1.13,0,none,4935,low
U006,2024-09-09 13:50:00,148.5,1,0.0,1.0,0,none,0,none
U006,2024-09-09 13:55:00,149.2,1,0.0,0.89,0,none,0,none
U006,2024-09-09 14:00:00,148.6,1,0.0,0.89,0,none,0,none
U006,2024-09-09 14:15:00,146.0,1,0.0,1.05,0,none,2644,medium
U006,2024-09-09 14:20:00,146.0,1,0.0,0.95,0,none,0,none
U006,2024-09-09 14:25:00,145.9,1,0.0,0.84,0,none,0,none
U006,2024-09-09 14:35:00,146.2,1,0.0,0.93,0,none,0,none
U006,2024-09-09 14:50:00,144.7,1,6.4,1.17,60,dinner,0,none
U006,2024-09-09 14:55:00,142.7,1,0.0,0.81,0,none,3956,low
U006,2024-09-09 15:05:00,143.6,1,0.0,0.95,0,none,0,none
U006,2024-09-09 15:20:00,143.8,1,0.0,0.95,0,none,0,none
U006,2024-09-09 15:25:00,143.5,1,0.0,0.95,0,none,0,none
U006,2024-09-09 15:30:00,143.9,1,0.0,1.19,0,none,0,none
U006,2024-09-09 15:35:00,144.3,1,0.0,0.81,0,none,0,none
U006,2024-09-09 15:50:00,143.8,1,0.0,0.98,0,none,0,none
U006,2024-09-09 16:00:00,144.2,1,0.0,0.92,0,none,0,none
U006,2024-09-09 16:05:00,144.5,1,0.0,0.97,0,none,0,none
U006,2024-09-09 16:10:00,145.1,1,0.0,1.04,0,none,0,none
U006,2024-09-09 16:15:00,145.9,1,0.0,0.88,0,none,0,none
U006,2024-09-09 16:20:00,145.6,1,0.0,0.96,0,none,0,none
U006,2024-09-09 16:30:00,145.3,1,0.0,1.0,0,none,0,none
U006,2024-09-09 16:45:00,144.9,1,0.0,0.87,0,none,0,none
U006,2024-09-09 17:10:00,144.8,1,0.0,0.96,0,none,0,none
U006,2024-09-09 17:15:00,145.5,1,0.0,0.95,0,none,0,none
U006,2024-09-09 17:20:00,144.2,1,0.0,0.9,0,none,0,none
U006,2024-09-09 17:35:00,144.4,1,0.0,1.0,0,none,0,none
U006,2024-09-09 17:40:00,143.8,1,0.0,1.01,0,none,0,none
U006,2024-09-09 17:45:00,144.7,1,0.0,0.8,0,none,0,none
U006,2024-09-09 18:10:00,146.7,1,0.0,0.85,0,none,0,none
U006,2024-09-09 18:15:00,146.9,1,0.0,0.98,0,none,0,none
U006,2024-09-09 18:20:00,146.6,1,0.0,0.89,0,none,0,none
U006,2024-09-09 18:30:00,146.2,1,0.0,0.91,0,none,0,none
U006,2024-09-09 18:35:00,145.8,1,0.0,1.19,0,none,0,none
U006,2024-09-09 18:40:00,145.2,1,0.0,0.84,0,none,0,none
U006,2024-09-09 18:45:00,145.5,0,0.0,1.13,0,none,0,none
U006,2024-09-09 18:50:00,145.3,1,0.0,0.96,0,none,0,none
U006,2024-09-09 18:55:00,144.5,1,0.0,0.95,0,none,0,none
U006,2024-09-09 19:00:00,144.9,1,0.0,0.84,0,none,0,none
U006,2024-09-09 19:10:00,145.7,1,0.0,0.97,0,none,0,none
U006,2024-09-09 19:15:00,145.9,1,0.0,1.02,0,none,0,none
U006,2024-09-09 19:25:00,145.3,1,0.0,1.14,0,none,0,none
U006,2024-09-09 19:30:00,145.6,1,0.0,0.93,0,none,0,none
U006,2024-09-09 19:35:00,145.7,1,0.0,1.1,0,none,0,none
U006,2024-09-09 19:40:00,146.2,1,0.0,0.83,0,none,0,none
U006,2024-09-09 20:00:00,144.7,1,0.0,1.03,0,none,0,none
U006,2024-09-09 20:05:00,145.2,1,0.0,1.03,0,none,0,none
U006,2024-09-09 20:10:00,145.7,1,0.0,1.0,0,none,0,none
U006,2024-09-09 20:15:00,145.6,1,6.6,1.14,75,lunch,0,none
U006,2024-09-09 20:20:00,145.4,1,0.0,0.94,0,none,0,none
U006,2024-09-09 20:25:00,145.2,1,3.6,0.93,45,snack,0,none
U006,2024-09-09 20:30:00,145.8,1,0.0,1.11,0,none,0,none
U006,2024-09-09 20:35:00,146.4,1,0.0,0.96,0,none,0,none
U006,2024-09-09 20:45:00,145.9,1,0.0,1.15,0,none,0,none
U006,2024-09-09 20:50:00,145.4,1,0.0,0.9,0,none,0,none
U006,2024-09-09 20:55:00,145.7,1,0.0,0.87,0,none,0,none
U006,2024-09-09 21:00:00,146.1,1,0.0,1.1,0,none,0,none
U006,2024-09-09 21:10:00,145.4,1,0.0,0.95,0,none,0,none
U006,2024-09-09 21:20:00,145.5,1,0.0,0.87,0,none,0,none
U006,2024-09-09 21:25:00,145.3,1,0.0,0.82,0,none,0,none
U006,2024-09-09 21:30:00,144.7,1,0.0,0.82,0,none,0,none
U006,2024-09-09 21:35:00,145.2,1,0.0,1.15,0,none,0,none
U006,2024-09-09 21:40:00,144.9,1,0.0,1.1,0,none,0,none
U006,2024-09-09 21:45:00,145.0,1,4.4,0.89,45,lunch,0,none
U006,2024-09-09 21:50:00,144.7,1,0.0,0.88,0,none,0,none
U006,2024-09-09 22:10:00,145.6,1,0.0,0.9,0,none,0,none
U006,2024-09-09 22:15:00,145.6,1,0.0,0.94,0,none,0,none
U006,2024-09-09 22:20:00,145.9,1,0.0,0.81,0,none,0,none
U007,2024-09-01 00:10:00,101.9,1,0.0,0.9,0,none,0,none
U007,2024-09-01 00:20:00,100.6,0,0.0,0.81,0,none,0,none
U007,2024-09-01 00:35:00,99.6,1,0.0,1.1,0,none,0,none
U007,2024-09-01 00:40:00,98.8,1,0.0,0.88,0,none,0,none
U007,2024-09-01 00:45:00,98.1,1,0.0,1.1,0,none,0,none
U007,2024-09-01 00:50:00,98.7,1,0.0,1.17,0,none,0,none
U007,2024-09-01 01:10:00,96.3,1,0.0,1.01,0,none,0,none
U007,2024-09-01 01:15:00,94.1,1,0.0,1.08,0,none,0,none
U007,2024-09-01 01:40:00,74.7,1,0.0,1.12,0,none,0,none
U007,2024-09-01 01:45:00,70.0,1,0.0,1.14,0,none,0,none
U007,2024-09-01 01:50:00,70.0,1,0.0,0.93,0,none,0,none
U007,2024-09-01 01:55:00,70.0,1,0.0,1.04,0,none,0,none
U007,2024-09-01 02:15:00,70.0,1,0.0,1.02,0,none,0,none
U007,2024-09-01 02:20:00,70.0,1,0.0,1.07,0,none,0,none
U007,2024-09-01 02:25:00,70.0,1,0.0,0.82,0,none,0,none
U007,2024-09-01 02:30:00,70.0,1,0.0,1.17,0,none,0,none
U007,2024-09-01 02:35:00,70.1,1,0.0,0.89,0,none,0,none
U007,2024-09-01 02:55:00,70.8,1,0.0,0.98,0,none,0,none
U007,2024-09-01 03:15:00,70.0,1,0.0,1.14,0,none,0,none
U007,2024-09-01 03:20:00,70.5,1,0.0,0.95,0,none,0,none
U007,2024-09-01 03:30:00,71.7,1,0.0,0.99,0,none,0,none
U007,2024-09-01 03:35:00,71.3,1,0.0,1.12,0,none,0,none
U007,2024-09-01 03:40:00,71.6,1,0.0,1.06,0,none,0,none
U007,2024-09-01 03:45:00,71.5,1,0.0,1.09,0,none,0,none
U007,2024-09-01 03:50:00,71.6,1,0.0,1.07,0,none,0,none
U007,2024-09-01 04:00:00,72.5,1,0.0,0.82,0,none,0,none
U007,2024-09-01 04:05:00,71.9,1,0.0,1.05,0,none,0,none
U007,2024-09-01 04:10:00,72.3,1,0.0,1.17,0,none,0,none
U007,2024-09-01 04:20:00,71.9,1,0.0,1.03,0,none,0,none
U007,2024-09-01 04:25:00,71.4,1,0.0,0.86,0,none,0,none
U007,2024-09-01 04:30:00,71.8,1,0.0,0.97,0,none,0,none
U007,2024-09-01 04:40:00,72.3,1,0.0,0.84,0,none,0,none
U007,2024-09-01 04:45:00,71.7,1,0.0,0.98,0,none,0,none
U007,2024-09-01 04:50:00,71.9,1,0.0,0.92,0,none,0,none
U007,2024-09-01 04:55:00,70.8,1,0.0,1.08,0,none,0,none
U007,2024-09-01 05:00:00,71.0,1,0.0,0.92,0,none,0,none
U007,2024-09-01 05:05:00,70.9,1,0.0,1.07,0,none,0,none
U007,2024-09-01 05:10:00,70.0,1,0.0,1.16,0,none,4822,medium
U007,2024-09-01 05:15:00,70.9,1,0.0,0.95,0,none,0,none
U007,2024-09-01 05:25:00,71.3,1,0.0,0.94,0,none,0,none
U007,2024-09-01 05:35:00,72.9,1,0.0,0.89,0,none,0,none
U007,2024-09-01 05:40:00,72.8,1,0.0,1.18,0,none,0,none
U007,2024-09-01 05:50:00,74.1,1,0.0,0.89,0,none,0,none
U007,2024-09-01 05:55:00,74.0,1,0.0,1.05,0,none,0,none
U007,2024-09-01 06:00:00,73.8,1,0.0,1.03,0,none,3414,medium
U007,2024-09-01 06:15:00,73.6,1,0.0,0.89,0,none,0,none
U007,2024-09-01 06:30:00,74.0,1,0.0,1.16,0,none,0,none
U007,2024-09-01 06:40:00,74.1,1,0.0,1.16,0,none,0,none
U007,2024-09-01 06:55:00,74.6,1,0.0,0.98,0,none,0,none
U007,2024-09-01 07:20:00,77.0,1,0.0,0.98,0,none,0,none
U007,2024-09-01 07:25:00,76.5,1,0.0,1.12,0,none,0,none
U007,2024-09-01 07:30:00,76.9,1,0.0,0.89,0,none,0,none
U007,2024-09-01 07:35:00,77.2,1,0.0,0.94,0,none,0,none
U007,2024-09-01 07:40:00,77.3,1,0.0,0.88,0,none,0,none
U007,2024-09-01 07:45:00,77.9,1,0.0,1.03,0,none,0,none
U007,2024-09-01 07:50:00,78.6,1,0.0,0.8,0,none,0,none
U007,2024-09-01 07:55:00,78.8,1,0.0,1.03,0,none,0,none
U007,2024-09-01 08:05:00,78.1,1,0.0,1.0,0,none,0,none
U007,2024-09-01 08:10:00,78.5,1,2.6,1.11,30,lunch,0,none
U007,2024-09-01 08:15:00,76.6,1,0.0,1.04,0,none,970,medium
U007,2024-09-01 08:20:00,76.7,1,0.0,0.96,0,none,0,none
U007,2024-09-01 08:25:00,76.3,1,0.0,1.04,0,none,0,none
U007,2024-09-01 08:35:00,76.4,1,0.0,1.01,0,none,0,none
U007,2024-09-01 08:40:00,76.7,1,0.0,0.8,0,none,0,none
U007,2024-09-01 08:45:00,76.7,0,5.9,1.04,60,lunch,0,none
U007,2024-09-01 08:50:00,77.4,1,0.0,1.16,0,none,0,none
U007,2024-09-01 09:00:00,78.3,1,0.0,0.95,0,none,0,none
U007,2024-09-01 09:05:00,78.6,1,0.0,1.2,0,none,0,none
U007,2024-09-01 09:10:00,77.9,1,0.0,1.16,0,none,0,none
U007,2024-09-01 09:20:00,77.9,1,0.0,1.14,0,none,0,none
U007,2024-09-01 09:25:00,78.4,1,0.0,1.19,0,none,0,none
U007,2024-09-01 09:40:00,78.3,1,0.0,1.16,0,none,0,none
U007,2024-09-01 09:45:00,78.1,1,0.0,0.91,0,none,0,none
U007,2024-09-01 09:50:00,79.0,1,0.0,1.03,0,none,0,none
U007,2024-09-01 09:55:00,79.0,1,0.0,0.98,0,none,0,none
U007,2024-09-01 10:00:00,79.8,1,0.0,0.86,0,none,0,none
U007,2024-09-01 10:05:00,80.4,1,0.0,1.18,0,none,0,none
U007,2024-09-01 10:15:00,79.9,1,0.0,0.92,0,none,0,none
U007,2024-09-01 10:30:00,80.8,1,1.6,1.18,30,breakfast,0,none
U007,2024-09-01 10:35:00,80.8,1,0.0,0.84,0,none,0,none
U007,2024-09-01 10:50:00,80.2,1,0.0,1.03,0,none,0,none
U007,2024-09-01 10:55:00,79.4,1,0.0,1.0,0,none,0,none
U007,2024-09-01 11:00:00,79.6,1,0.0,1.15,0,none,0,none
U007,2024-09-01 11:05:00,80.1,1,0.0,1.04,0,none,0,none
U007,2024-09-01 11:15:00,80.8,1,0.0,0.84,0,none,0,none
U007,2024-09-01 11:25:00,81.3,1,5.5,1.09,60,lunch,0,none
U007,2024-09-01 11:40:00,84.0,1,0.0,0.99,0,none,0,none
U007,2024-09-01 11:45:00,83.1,1,0.0,1.13,0,none,0,none
U007,2024-09-01 11:50:00,83.1,1,0.0,1.07,0,none,0,none
U007,2024-09-01 12:00:00,83.5,1,0.0,0.87,0,none,0,none
U007,2024-09-01 12:05:00,82.7,1,0.0,1.05,0,none,0,none
U007,2024-09-01 12:10:00,83.1,1,0.0,1.15,0,none,0,none
U007,2024-09-01 12:35:00,84.0,1,0.0,0.83,0,none,0,none
U007,2024-09-01 12:40:00,84.3,1,0.0,0.92,0,none,0,none
U007,2024-09-01 12:45:00,83.7,1,0.0,1.11,0,none,0,none
U007,2024-09-01 12:55:00,83.1,1,0.0,1.15,0,none,0,none
U007,2024-09-01 13:00:00,83.5,1,0.0,0.88,0,none,0,none
U007,2024-09-01 13:05:00,83.5,1,0.0,1.12,0,none,0,none
U007,2024-09-01 13:15:00,84.2,1,0.0,1.15,0,none,0,none
U007,2024-09-01 13:20:00,83.2,1,0.0,0.99,0,none,0,none
U007,2024-09-01 13:35:00,83.4,1,0.0,1.13,0,none,0,none
U007,2024-09-01 13:40:00,84.2,1,0.0,1.19,0,none,0,none
U007,2024-09-01 13:45:00,84.5,1,0.0,0.98,0,none,0,none
U007,2024-09-01 13:50:00,84.1,1,0.0,0.82,0,none,0,none
U007,2024-09-01 14:00:00,84.9,1,0.0,1.08,0,none,0,none
U007,2024-09-01 14:05:00,85.0,1,0.0,0.9,0,none,0,none
U007,2024-09-01 14:10:00,85.3,1,0.0,0.94,0,none,0,none
U007,2024-09-01 14:15:00,85.3,1,0.0,1.12,0,none,0,none
U007,2024-09-01 14:20:00,85.8,1,0.0,0.83,0,none,0,none
U007,2024-09-01 14:25:00,86.0,1,0.0,0.92,0,none,0,none
U007,2024-09-01 14:40:00,87.0,1,0.0,1.14,0,none,0,none
U007,2024-09-01 14:45:00,88.2,1,0.0,1.19,0,none,0,none
U007,2024-09-01 14:50:00,88.2,1,0.0,1.18,0,none,0,none
U007,2024-09-01 14:55:00,86.2,1,0.0,1.15,0,none,2143,low
U007,2024-09-01 15:00:00,85.9,1,0.0,1.13,0,none,0,none
U007,2024-09-01 15:05:00,85.4,1,0.0,1.01,0,none,0,none
U007,2024-09-01 15:15:00,86.2,1,0.0,1.16,0,none,0,none
U007,2024-09-01 15:20:00,86.0,1,0.0,0.88,0,none,0,none
U007,2024-09-01 15:30:00,85.2,1,0.0,1.04,0,none,0,none
U007,2024-09-01 15:35:00,85.2,1,0.0,1.06,0,none,0,none
U007,2024-09-01 15:40:00,86.4,1,0.0,0.85,0,none,0,none
U007,2024-09-01 15:50:00,85.3,1,0.0,0.91,0,none,3740,high
U007,2024-09-01 16:05:00,84.3,1,4.0,1.16,60,breakfast,0,none
U007,2024-09-01 16:15:00,84.1,1,0.0,1.15,0,none,0,none
U007,2024-09-01 16:20:00,83.9,1,6.9,0.92,75,breakfast,0,none
U007,2024-09-01 16:35:00,82.6,1,0.0,0.89,0,none,0,none
U007,2024-09-01 16:50:00,81.8,1,0.0,1.13,0,none,0,none
U007,2024-09-01 17:00:00,82.4,1,0.0,1.08,0,none,0,none
U007,2024-09-01 17:05:00,82.9,1,0.0,1.01,0,none,0,none
U007,2024-09-01 17:10:00,83.5,1,0.0,0.99,0,none,0,none
U007,2024-09-01 17:15:00,83.6,0,0.0,0.98,0,none,0,none
U007,2024-09-01 17:25:00,85.1,1,0.0,0.95,0,none,0,none
U007,2024-09-01 17:30:00,84.9,1,0.0,1.19,0,none,0,none
U007,2024-09-01 17:40:00,85.6,1,0.0,1.03,0,none,0,none
U007,2024-09-01 17:50:00,86.2,1,0.0,0.85,0,none,0,none
U007,2024-09-01 18:00:00,85.8,1,0.0,0.92,0,none,0,none
U007,2024-09-01 18:05:00,86.0,1,0.0,1.08,0,none,0,none
U007,2024-09-01 18:10:00,86.6,1,4.5,0.88,45,snack,0,none
U007,2024-09-01 18:15:00,86.0,1,0.0,1.19,0,none,0,none
U007,2024-09-01 18:20:00,85.5,1,0.0,1.11,0,none,0,none
U007,2024-09-01 18:30:00,85.3,1,0.0,1.03,0,none,0,none
U007,2024-09-01 18:35:00,85.3,1,0.0,0.86,0,none,0,none
U007,2024-09-01 18:40:00,86.3,1,0.0,1.12,0,none,0,none
U007,2024-09-01 18:50:00,86.6,1,0.0,0.84,0,none,0,none
U007,2024-09-01 18:55:00,86.5,1,0.0,1.01,0,none,0,none
U007,2024-09-01 19:00:00,87.6,1,0.0,0.96,0,none,0,none
U007,2024-09-01 19:05:00,87.8,1,0.0,1.01,0,none,0,none
U007,2024-09-01 19:10:00,88.3,1,0.0,1.19,0,none,0,none
U007,2024-09-01 19:25:00,89.0,1,0.0,0.99,0,none,0,none
U007,2024-09-01 19:30:00,88.7,1,0.0,1.08,0,none,0,none
U007,2024-09-01 19:35:00,88.9,1,0.0,0.91,0,none,0,none
U007,2024-09-01 19:50:00,89.4,1,0.0,1.02,0,none,0,none
U007,2024-09-01 19:55:00,89.6,1,0.0,0.94,0,none,0,none
U007,2024-09-01 20:00:00,88.9,1,0.0,1.18,0,none,0,none
U007,2024-09-01 20:10:00,89.2,0,0.0,1.16,0,none,0,none
U007,2024-09-01 20:25:00,88.8,1,0.0,0.87,0,none,0,none
U007,2024-09-01 20:30:00,88.8,1,0.0,1.0,0,none,0,none
U007,2024-09-01 20:35:00,89.4,1,0.0,0.95,0,none,0,none
U007,2024-09-01 20:45:00,89.6,1,0.0,0.85,0,none,0,none
U007,2024-09-01 21:05:00,87.2,1,0.0,1.19,0,none,0,none
U007,2024-09-01 21:10:00,86.9,1,3.5,0.94,45,breakfast,0,none
U007,2024-09-01 21:15:00,86.5,1,0.0,1.08,0,none,0,none
U007,2024-09-01 21:20:00,85.6,1,0.0,1.1,0,none,0,none
U007,2024-09-01 21:25:00,86.0,1,0.0,0.86,0,none,0,none
U007,2024-09-01 21:35:00,85.2,1,0.0,0.93,0,none,0,none
U007,2024-09-01 21:55:00,84.8,1,0.0,0.86,0,none,0,none
U007,2024-09-01 22:05:00,85.0,1,0.0,0.88,0,none,0,none
U007,2024-09-01 22:15:00,85.4,1,0.0,0.83,0,none,0,none
U007,2024-09-01 22:35:00,84.2,0,0.0,0.86,0,none,0,none
U007,2024-09-01 22:50:00,83.4,1,0.0,0.89,0,none,0,none
U007,2024-09-01 22:55:00,83.9,1,0.0,0.81,0,none,0,none
U007,2024-09-01 23:00:00,83.6,1,0.0,0.95,0,none,0,none
U007,2024-09-01 23:10:00,83.3,0,0.0,1.08,0,none,0,none
U007,2024-09-01 23:20:00,82.1,1,0.0,1.18,0,none,0,none
U007,2024-09-01 23:25:00,82.2,1,0.0,0.93,0,none,0,none
U007,2024-09-01 23:30:00,83.5,1,0.0,1.05,0,none,0,none
U007,2024-09-01 23:45:00,83.6,1,0.0,1.02,0,none,0,none
U007,2024-09-01 23:50:00,83.7,1,0.0,1.02,0,none,0,none
U007,2024-09-01 23:55:00,83.6,1,0.0,1.09,0,none,0,none
U007,2024-09-02 00:00:00,83.8,1,0.0,1.15,0,none,0,none
U007,2024-09-02 00:05:00,84.9,1,0.0,1.07,0,none,0,none
U007,2024-09-02 00:15:00,84.3,1,0.0,0.86,0,none,0,none
U007,2024-09-02 00:20:00,83.9,1,0.0,0.99,0,none,0,none
U007,2024-09-02 00:25:00,83.0,1,0.0,1.09,0,none,0,none
U007,2024-09-02 00:50:00,82.0,1,0.0,0.82,0,none,0,none
U007,2024-09-02 00:55:00,81.8,1,0.0,1.14,0,none,0,none
U007,2024-09-02 01:05:00,82.2,1,0.0,0.95,0,none,0,none
U007,2024-09-02 01:15:00,81.2,1,0.0,1.14,0,none,0,none
U007,2024-09-02 01:20:00,81.9,1,0.0,1.1,0,none,0,none
U007,2024-09-02 01:30:00,82.3,1,0.0,0.94,0,none,0,none
U007,2024-09-02 01:40:00,82.2,1,0.0,1.16,0,none,0,none
U007,2024-09-02 02:00:00,80.2,1,0.0,0.83,0,none,0,none
U007,2024-09-02 02:10:00,78.1,1,0.0,0.89,0,none,0,none
U007,2024-09-02 02:25:00,77.5,1,0.0,1.1,0,none,0,none
U007,2024-09-02 02:30:00,77.2,1,0.0,1.0,0,none,0,none
U007,2024-09-02 02:35:00,76.8,1,0.0,1.11,0,none,0,none
U007,2024-09-02 02:40:00,76.6,1,0.0,0.85,0,none,0,none
U007,2024-09-02 02:45:00,76.3,1,0.0,1.04,0,none,0,none
U007,2024-09-02 02:50:00,76.2,1,0.0,1.15,0,none,0,none
U007,2024-09-02 03:05:00,76.8,1,0.0,1.17,0,none,0,none
U007,2024-09-02 03:15:00,75.9,1,0.0,1.08,0,none,0,none
U007,2024-09-02 03:20:00,75.3,1,0.0,1.06,0,none,0,none
U007,2024-09-02 03:25:00,75.8,1,0.0,1.02,0,none,0,none
U007,2024-09-02 03:35:00,76.0,1,0.0,0.92,0,none,0,none
U007,2024-09-02 03:45:00,76.2,1,0.0,0.87,0,none,0,none
U007,2024-09-02 03:50:00,76.6,1,0.0,1.12,0,none,0,none
U007,2024-09-02 03:55:00,77.2,1,0.0,0.86,0,none,0,none
U007,2024-09-02 04:10:00,78.1,1,0.0,1.06,0,none,0,none
U007,2024-09-02 04:15:00,77.7,1,0.0,1.03,0,none,0,none
U007,2024-09-02 04:20:00,78.5,1,0.0,0.81,0,none,0,none
U007,2024-09-02 04:25:00,78.0,1,0.0,1.15,0,none,0,none
U007,2024-09-02 04:30:00,77.7,1,0.0,0.83,0,none,0,none
U007,2024-09-02 04:40:00,77.9,1,0.0,1.18,0,none,0,none
U007,2024-09-02 04:45:00,77.3,1,0.0,0.91,0,none,0,none
U007,2024-09-02 04:55:00,78.9,1,0.0,1.13,0,none,0,none
U007,2024-09-02 05:00:00,77.4,1,0.0,0.91,0,none,4121,low
U007,2024-09-02 05:10:00,77.8,1,0.0,0.88,0,none,0,none
U007,2024-09-02 05:15:00,78.2,1,0.0,0.95,0,none,0,none
U007,2024-09-02 05:35:00,77.0,1,0.0,1.16,0,none,0,none
U007,2024-09-02 05:40:00,76.7,1,0.0,1.06,0,none,0,none
U007,2024-09-02 05:55:00,77.9,1,0.0,1.1,0,none,0,none
U007,2024-09-02 06:00:00,78.4,1,0.0,1.11,0,none,0,none
U007,2024-09-02 06:10:00,78.9,1,0.0,1.11,0,none,0,none
U007,2024-09-02 06:15:00,77.5,1,5.1,0.99,60,snack,0,none
U007,2024-09-02 06:25:00,76.8,1,0.0,1.04,0,none,0,none
U007,2024-09-02 06:35:00,76.9,1,0.0,1.01,0,none,0,none
U007,2024-09-02 06:45:00,76.5,1,0.0,1.17,0,none,0,none
U007,2024-09-02 06:50:00,77.5,1,0.0,1.09,0,none,0,none
U007,2024-09-02 06:55:00,77.1,1,0.0,1.1,0,none,0,none
U007,2024-09-02 07:05:00,77.4,1,0.0,1.13,0,none,0,none
U007,2024-09-02 07:15:00,77.5,1,0.0,1.07,0,none,0,none
U007,2024-09-02 07:20:00,77.6,1,0.0,1.08,0,none,0,none
U007,2024-09-02 07:25:00,77.1,1,0.0,0.9,0,none,0,none
U007,2024-09-02 07:30:00,77.0,1,0.0,1.18,0,none,0,none
U007,2024-09-02 07:35:00,77.4,1,0.0,0.82,0,none,0,none
U007,2024-09-02 07:40:00,77.2,1,0.0,0.85,0,none,0,none
U007,2024-09-02 07:45:00,77.0,1,0.0,1.05,0,none,0,none
U007,2024-09-02 07:50:00,76.8,1,0.0,1.16,0,none,0,none
U007,2024-09-02 07:55:00,76.6,1,0.0,1.07,0,none,0,none
U007,2024-09-02 08:10:00,77.8,1,0.0,1.12,0,none,0,none
U007,2024-09-02 08:15:00,77.3,1,0.0,1.05,0,none,0,none
U007,2024-09-02 08:25:00,77.3,1,0.0,1.08,0,none,0,none
U007,2024-09-02 08:30:00,77.5,1,0.0,0.88,0,none,0,none
U007,2024-09-02 08:35:00,77.8,1,0.0,1.1,0,none,0,none
U007,2024-09-02 08:50:00,76.7,1,0.0,1.09,0,none,0,none
U007,2024-09-02 09:00:00,76.7,1,0.0,1.1,0,none,0,none
U007,2024-09-02 09:15:00,75.3,1,0.0,0.88,0,none,0,none
U007,2024-09-02 09:20:00,75.0,1,0.0,1.12,0,none,0,none
U007,2024-09-02 09:25:00,74.8,1,0.0,0.84,0,none,0,none
U007,2024-09-02 09:30:00,74.2,1,0.0,0.95,0,none,0,none
U007,2024-09-02 09:35:00,73.8,1,0.0,0.98,0,none,0,none
U007,2024-09-02 09:40:00,74.7,1,0.0,0.98,0,none,0,none
U007,2024-09-02 09:45:00,74.8,1,0.0,1.04,30,snack,0,none
U007,2024-09-02 09:50:00,74.3,1,0.0,1.15,0,none,0,none
U007,2024-09-02 10:00:00,74.2,1,0.0,0.95,0,none,0,none
U007,2024-09-02 10:25:00,74.4,1,0.0,1.15,0,none,0,none
U007,2024-09-02 10:30:00,74.9,1,0.0,0.95,0,none,0,none
U007,2024-09-02 10:35:00,74.7,1,0.0,0.85,0,none,0,none
U007,2024-09-02 10:40:00,74.6,1,0.0,1.08,0,none,0,none
U007,2024-09-02 11:00:00,74.1,1,0.0,1.06,0,none,0,none
U007,2024-09-02 11:10:00,73.0,1,0.0,1.18,0,none,0,none
U007,2024-09-02 11:20:00,72.0,1,0.0,1.15,0,none,0,none
U007,2024-09-02 11:35:00,72.8,1,0.0,0.91,0,none,0,none
U007,2024-09-02 11:40:00,72.1,1,0.0,0.98,0,none,0,none
U007,2024-09-02 11:50:00,70.9,1,0.0,0.88,0,none,0,none
U007,2024-09-02 11:55:00,70.9,1,0.0,1.09,0,none,0,none
U007,2024-09-02 12:15:00,71.5,1,0.0,0.93,0,none,0,none
U007,2024-09-02 12:20:00,71.6,1,0.0,0.84,0,none,0,none
U007,2024-09-02 12:25:00,72.0,1,0.0,0.81,0,none,0,none
U007,2024-09-02 12:35:00,70.6,1,0.0,0.88,0,none,0,none
U007,2024-09-02 12:40:00,70.0,1,0.0,0.89,0,none,0,none
U007,2024-09-02 12:45:00,70.3,0,0.0,1.02,0,none,0,none
U007,2024-09-02 12:50:00,70.0,1,0.0,0.98,0,none,0,none
U007,2024-09-02 13:10:00,70.6,1,4.9,1.08,60,snack,0,none
U007,2024-09-02 13:15:00,71.1,1,0.0,1.2,0,none,0,none
U007,2024-09-02 13:30:00,72.3,1,0.0,0.82,60,dinner,0,none
U007,2024-09-02 13:35:00,71.2,1,0.0,1.01,0,none,0,none
U007,2024-09-02 13:45:00,71.9,1,0.0,0.92,0,none,0,none
U007,2024-09-02 14:00:00,71.2,1,0.0,0.95,0,none,0,none
U007,2024-09-02 14:05:00,70.7,1,0.0,1.1,0,none,0,none
U007,2024-09-02 14:30:00,70.5,1,0.0,1.03,0,none,0,none
U007,2024-09-02 14:40:00,70.8,1,0.0,0.83,0,none,0,none
U007,2024-09-02 14:45:00,70.4,1,0.0,1.04,0,none,0,none
U007,2024-09-02 14:50:00,70.1,1,0.0,0.86,0,none,0,none
U007,2024-09-02 15:05:00,70.0,1,0.0,1.02,0,none,0,none
U007,2024-09-02 15:15:00,71.1,1,0.0,0.89,0,none,0,none
U007,2024-09-02 15:20:00,71.3,1,0.0,0.84,0,none,0,none
U007,2024-09-02 15:25:00,70.6,1,0.0,1.03,0,none,0,none
U007,2024-09-02 15:30:00,71.0,1,0.0,1.16,0,none,0,none
U007,2024-09-02 15:40:00,71.3,1,0.0,1.05,0,none,0,none
U007,2024-09-02 15:45:00,72.3,1,0.0,1.04,0,none,0,none
U007,2024-09-02 15:55:00,71.9,1,0.0,1.0,0,none,0,none
U007,2024-09-02 16:00:00,72.7,1,0.0,1.05,0,none,0,none
U007,2024-09-02 16:05:00,72.8,1,0.0,1.18,0,none,0,none
U007,2024-09-02 16:20:00,73.1,1,8.4,1.19,90,dinner,0,none
U007,2024-09-02 16:25:00,73.4,1,0.0,0.81,0,none,0,none
U007,2024-09-02 16:35:00,71.8,1,0.0,1.09,0,none,0,none
U007,2024-09-02 16:40:00,71.9,1,0.0,0.94,0,none,0,none
U007,2024-09-02 16:55:00,71.2,1,0.0,1.0,0,none,0,none
U007,2024-09-02 17:05:00,70.7,1,0.0,0.95,0,none,0,none
U007,2024-09-02 17:10:00,70.4,1,0.0,1.04,0,none,0,none
U007,2024-09-02 17:15:00,70.4,1,0.0,0.97,0,none,0,none
U007,2024-09-02 17:30:00,71.4,1,0.0,0.82,0,none,0,none
U007,2024-09-02 17:35:00,72.0,1,0.0,0.85,0,none,0,none
U007,2024-09-02 17:40:00,70.8,1,0.0,0.89,0,none,2722,low
U007,2024-09-02 17:45:00,70.0,1,0.0,0.87,0,none,2739,medium
U007,2024-09-02 17:50:00,70.1,1,0.0,1.13,0,none,0,none
U007,2024-09-02 18:00:00,70.0,1,0.0,1.19,0,none,1722,medium
U007,2024-09-02 18:05:00,70.5,1,0.0,0.98,0,none,0,none
U007,2024-09-02 18:10:00,70.0,1,0.0,0.99,0,none,0,none
U007,2024-09-02 18:25:00,70.8,1,0.0,1.19,0,none,0,none
U007,2024-09-02 18:30:00,71.2,1,0.0,1.18,0,none,0,none
U007,2024-09-02 18:35:00,72.2,1,0.0,0.84,0,none,0,none
U007,2024-09-02 18:45:00,71.9,1,0.0,1.15,0,none,0,none
U007,2024-09-02 18:50:00,71.3,1,0.0,1.17,0,none,0,none
U007,2024-09-02 18:55:00,70.7,1,0.0,1.03,0,none,0,none
U007,2024-09-02 19:05:00,71.7,1,0.0,0.82,0,none,0,none
U007,2024-09-02 19:10:00,72.2,1,0.0,1.19,0,none,0,none
U007,2024-09-02 19:15:00,73.0,1,0.0,1.05,90,lunch,0,none
U007,2024-09-02 19:25:00,71.8,0,0.0,0.89,0,none,0,none
U007,2024-09-02 19:35:00,72.2,1,0.0,0.8,0,none,0,none
U007,2024-09-02 19:40:00,72.0,1,0.0,0.9,0,none,0,none
U007,2024-09-02 19:45:00,72.7,1,0.0,1.03,0,none,0,none
U007,2024-09-02 19:50:00,73.1,1,0.0,0.84,0,none,0,none
U007,2024-09-02 20:05:00,73.5,1,0.0,0.89,0,none,0,none
U007,2024-09-02 20:10:00,74.0,1,0.0,0.96,0,none,0,none
U007,2024-09-02 20:20:00,75.1,1,0.0,0.89,0,none,0,none
U007,2024-09-02 20:25:00,75.0,1,0.0,0.95,0,none,0,none
U007,2024-09-02 20:35:00,74.2,1,0.0,1.13,0,none,0,none
U007,2024-09-02 20:40:00,73.5,1,0.0,1.17,0,none,0,none
U007,2024-09-02 20:45:00,72.4,1,0.0,0.86,0,none,0,none
U007,2024-09-02 20:50:00,71.3,1,0.0,0.99,0,none,0,none
U007,2024-09-02 20:55:00,71.8,1,0.0,0.96,0,none,0,none
U007,2024-09-02 21:00:00,71.6,1,0.0,0.84,0,none,0,none
U007,2024-09-02 21:10:00,71.4,1,0.0,1.01,0,none,0,none
U007,2024-09-02 21:15:00,71.1,1,0.0,0.82,0,none,0,none
U007,2024-09-02 21:20:00,71.0,1,0.0,0.92,0,none,0,none
U007,2024-09-02 21:25:00,70.9,1,0.0,1.14,0,none,0,none
U007,2024-09-02 21:30:00,70.6,1,0.0,0.89,0,none,0,none
U007,2024-09-02 21:35:00,70.8,0,0.0,1.07,0,none,0,none
U007,2024-09-02 21:40:00,70.7,1,0.0,0.87,0,none,0,none
U007,2024-09-02 22:05:00,70.7,1,0.0,0.92,0,none,0,none
U007,2024-09-02 22:15:00,71.7,1,0.0,0.83,0,none,0,none
U007,2024-09-02 22:45:00,70.3,1,0.0,0.83,0,none,0,none
U007,2024-09-02 22:50:00,70.5,1,0.0,1.01,0,none,0,none
U007,2024-09-02 23:05:00,70.1,1,0.0,1.17,0,none,0,none
U007,2024-09-02 23:10:00,70.2,1,0.0,0.94,0,none,0,none
U007,2024-09-02 23:25:00,70.8,1,0.0,0.84,0,none,0,none
U007,2024-09-02 23:30:00,70.1,1,0.0,1.06,0,none,0,none
U007,2024-09-02 23:40:00,70.0,1,0.0,1.1,0,none,0,none
U007,2024-09-02 23:45:00,70.3,1,0.0,1.09,0,none,0,none
U007,2024-09-03 00:05:00,70.4,1,0.0,0.94,0,none,0,none
U007,2024-09-03 00:30:00,70.4,1,0.0,0.92,0,none,0,none
U007,2024-09-03 00:40:00,72.8,1,0.0,0.91,0,none,0,none
U007,2024-09-03 00:50:00,73.6,1,0.0,1.02,0,none,0,none
U007,2024-09-03 00:55:00,73.5,1,0.0,1.13,0,none,0,none
U007,2024-09-03 01:00:00,73.3,1,0.0,1.01,0,none,0,none
U007,2024-09-03 01:05:00,73.2,1,0.0,0.85,0,none,0,none
U007,2024-09-03 01:20:00,73.7,1,0.0,0.92,0,none,0,none
U007,2024-09-03 01:25:00,73.4,1,0.0,1.16,0,none,0,none
U007,2024-09-03 01:50:00,73.9,1,0.0,1.01,0,none,0,none
U007,2024-09-03 01:55:00,73.4,1,0.0,0.82,0,none,0,none
U007,2024-09-03 02:00:00,73.2,1,0.0,1.09,0,none,0,none
U007,2024-09-03 02:05:00,72.8,1,2.4,0.95,30,snack,0,none
U007,2024-09-03 02:10:00,73.0,1,0.0,1.0,0,none,0,none
U007,2024-09-03 02:15:00,73.0,1,0.0,0.92,0,none,0,none
U007,2024-09-03 02:35:00,71.9,1,0.0,1.17,0,none,0,none
U007,2024-09-03 02:45:00,73.3,1,0.0,1.17,0,none,0,none
U007,2024-09-03 02:55:00,74.5,1,0.0,1.0,0,none,0,none
U007,2024-09-03 03:00:00,73.8,1,0.0,1.02,0,none,0,none
U007,2024-09-03 03:05:00,74.4,1,0.0,1.09,0,none,0,none
U007,2024-09-03 03:20:00,75.3,1,0.0,0.86,0,none,0,none
U007,2024-09-03 03:25:00,75.6,1,0.0,1.0,0,none,0,none
U007,2024-09-03 03:30:00,76.0,1,0.0,0.96,0,none,0,none
U007,2024-09-03 03:40:00,76.1,1,0.0,1.15,0,none,0,none
U007,2024-09-03 03:45:00,76.2,1,0.0,1.15,0,none,0,none
U007,2024-09-03 03:50:00,75.4,1,0.0,1.0,0,none,0,none
U007,2024-09-03 04:00:00,76.4,1,0.0,1.01,0,none,0,none
U007,2024-09-03 04:10:00,76.4,1,0.0,1.04,0,none,0,none
U007,2024-09-03 04:15:00,76.0,1,0.0,1.11,0,none,0,none
U007,2024-09-03 04:20:00,76.3,1,0.0,0.96,0,none,0,none
U007,2024-09-03 04:25:00,76.2,1,0.0,0.83,0,none,0,none
U007,2024-09-03 04:30:00,77.0,1,0.0,0.99,0,none,0,none
U007,2024-09-03 04:35:00,77.2,1,0.0,0.83,0,none,0,none
U007,2024-09-03 04:40:00,77.1,1,0.0,0.97,0,none,0,none
U007,2024-09-03 04:45:00,77.0,1,0.0,1.12,0,none,0,none
U007,2024-09-03 04:50:00,77.4,1,0.0,1.08,0,none,0,none
U007,2024-09-03 04:55:00,77.6,1,0.0,1.09,0,none,0,none
U007,2024-09-03 05:10:00,77.6,1,5.2,0.93,60,snack,0,none
U007,2024-09-03 05:20:00,78.0,1,0.0,0.94,0,none,0,none
U007,2024-09-03 05:30:00,77.5,1,7.2,1.07,75,breakfast,0,none
U007,2024-09-03 05:45:00,77.4,1,0.0,0.9,0,none,0,none
U007,2024-09-03 05:50:00,77.5,1,0.0,0.91,0,none,0,none
U007,2024-09-03 05:55:00,77.7,1,0.0,1.19,0,none,0,none
U007,2024-09-03 06:10:00,77.7,1,0.0,1.08,0,none,0,none
U007,2024-09-03 06:15:00,76.6,1,0.0,0.94,0,none,0,none
U007,2024-09-03 06:20:00,75.9,1,0.0,0.99,0,none,0,none
U007,2024-09-03 06:30:00,75.3,1,0.0,1.05,0,none,0,none
U007,2024-09-03 06:40:00,75.3,1,0.0,1.16,0,none,0,none
U007,2024-09-03 06:45:00,75.6,1,0.0,1.19,0,none,0,none
U007,2024-09-03 06:50:00,75.3,1,0.0,1.02,0,none,0,none
U007,2024-09-03 06:55:00,75.3,1,0.0,0.96,0,none,0,none
U007,2024-09-03 07:00:00,75.8,1,0.0,1.09,0,none,0,none
U007,2024-09-03 07:15:00,77.3,1,0.0,0.92,0,none,0,none
U007,2024-09-03 07:20:00,77.4,1,0.0,1.08,0,none,0,none
U007,2024-09-03 07:30:00,76.5,1,0.0,1.12,0,none,0,none
U007,2024-09-03 07:45:00,76.9,1,4.7,1.1,60,dinner,0,none
U007,2024-09-03 07:50:00,76.6,1,0.0,0.85,0,none,0,none
U007,2024-09-03 08:00:00,77.1,1,0.0,0.96,0,none,0,none
U007,2024-09-03 08:05:00,77.1,1,0.0,1.17,0,none,0,none
U007,2024-09-03 08:15:00,77.0,1,0.0,1.08,0,none,0,none
U007,2024-09-03 08:20:00,76.8,1,0.0,1.02,0,none,0,none
U007,2024-09-03 08:25:00,76.0,1,0.0,0.86,0,none,0,none
U007,2024-09-03 08:30:00,75.4,1,0.0,1.14,0,none,0,none
U007,2024-09-03 08:45:00,77.0,1,0.0,0.83,0,none,0,none
U007,2024-09-03 08:50:00,77.6,1,0.0,0.88,0,none,0,none
U007,2024-09-03 09:05:00,77.9,1,0.0,0.83,0,none,0,none
U007,2024-09-03 09:10:00,77.6,1,0.0,1.06,0,none,0,none
U007,2024-09-03 09:20:00,77.8,1,0.0,0.96,0,none,0,none
U007,2024-09-03 09:30:00,78.0,1,0.0,0.81,0,none,0,none
U007,2024-09-03 09:35:00,77.2,1,3.9,1.19,45,dinner,0,none
U007,2024-09-03 09:40:00,77.0,1,0.0,1.12,0,none,0,none
U007,2024-09-03 09:50:00,77.9,1,0.0,1.06,0,none,0,none
U007,2024-09-03 10:00:00,78.4,1,0.0,0.98,0,none,0,none
U007,2024-09-03 10:05:00,77.6,1,0.0,0.89,0,none,0,none
U007,2024-09-03 10:15:00,77.4,1,0.0,1.06,0,none,0,none
U007,2024-09-03 10:25:00,77.4,1,6.6,1.18,75,breakfast,0,none
U007,2024-09-03 10:35:00,76.7,1,0.0,0.89,0,none,0,none
U007,2024-09-03 10:45:00,77.0,1,0.0,1.01,0,none,0,none
U007,2024-09-03 10:50:00,77.3,1,0.0,0.82,0,none,0,none
U007,2024-09-03 11:05:00,77.3,1,0.0,0.85,0,none,0,none
U007,2024-09-03 11:10:00,77.3,1,0.0,1.15,0,none,0,none
U007,2024-09-03 11:25:00,77.0,1,0.0,0.93,0,none,0,none
U007,2024-09-03 11:35:00,76.6,1,0.0,0.81,0,none,0,none
U007,2024-09-03 11:45:00,76.8,1,0.0,1.1,0,none,0,none
U007,2024-09-03 12:05:00,77.5,1,0.0,0.83,0,none,0,none
U007,2024-09-03 12:15:00,76.3,1,0.0,1.16,0,none,0,none
U007,2024-09-03 12:20:00,76.4,1,0.0,0.95,0,none,0,none
U007,2024-09-03 12:30:00,76.8,1,0.0,0.83,0,none,0,none
U007,2024-09-03 12:40:00,77.9,1,0.0,1.14,0,none,0,none
U007,2024-09-03 12:45:00,78.7,1,0.0,1.02,0,none,0,none
U007,2024-09-03 12:50:00,79.3,1,0.0,0.98,0,none,0,none
U007,2024-09-03 12:55:00,78.4,1,0.0,0.92,0,none,0,none
U007,2024-09-03 13:05:00,79.7,1,0.0,1.11,0,none,0,none
U007,2024-09-03 13:20:00,77.8,1,0.0,0.89,0,none,0,none
U007,2024-09-03 13:25:00,78.5,1,0.0,0.84,0,none,0,none
U007,2024-09-03 13:30:00,78.5,1,0.0,1.15,0,none,0,none
U007,2024-09-03 13:35:00,78.1,1,0.0,0.99,0,none,0,none
U007,2024-09-03 13:40:00,77.8,1,0.0,0.84,0,none,0,none
U007,2024-09-03 13:50:00,78.5,1,0.0,1.02,0,none,0,none
U007,2024-09-03 13:55:00,78.2,1,0.0,0.85,0,none,4938,medium
U007,2024-09-03 14:05:00,78.0,1,0.0,1.0,0,none,0,none
U007,2024-09-03 14:20:00,78.1,1,0.0,1.02,0,none,0,none
U007,2024-09-03 14:25:00,78.2,1,0.0,1.08,0,none,0,none
U007,2024-09-03 14:30:00,78.0,1,0.0,0.85,0,none,0,none
U007,2024-09-03 14:35:00,79.0,1,0.0,1.01,0,none,0,none
U007,2024-09-03 14:40:00,78.5,1,0.0,1.12,0,none,0,none
U007,2024-09-03 14:45:00,78.7,1,0.0,0.95,0,none,0,none
U007,2024-09-03 14:50:00,79.0,1,0.0,1.17,0,none,0,none
U007,2024-09-03 15:10:00,81.0,1,0.0,1.17,0,none,0,none
U007,2024-09-03 15:15:00,80.7,1,0.0,1.09,0,none,0,none
U007,2024-09-03 15:30:00,80.8,1,0.0,0.97,0,none,0,none
U007,2024-09-03 15:35:00,81.6,1,0.0,0.95,0,none,0,none
U007,2024-09-03 15:40:00,81.5,1,0.0,1.07,0,none,0,none
U007,2024-09-03 15:45:00,82.4,1,0.0,1.1,0,none,0,none
U007,2024-09-03 15:50:00,82.6,1,0.0,0.87,0,none,0,none
U007,2024-09-03 16:00:00,81.8,1,0.0,1.12,0,none,1944,high
U007,2024-09-03 16:05:00,81.1,1,0.0,0.86,0,none,0,none
U007,2024-09-03 16:10:00,80.1,1,0.0,0.83,0,none,0,none
U007,2024-09-03 16:35:00,81.1,1,0.0,1.02,0,none,0,none
U007,2024-09-03 16:40:00,81.8,1,0.0,0.91,0,none,0,none
U007,2024-09-03 16:45:00,81.1,1,0.0,0.89,0,none,0,none
U007,2024-09-03 16:55:00,79.4,1,0.0,1.03,0,none,3032,medium
U007,2024-09-03 17:05:00,79.1,1,0.0,0.98,0,none,0,none
U007,2024-09-03 17:15:00,79.6,1,0.0,1.07,0,none,0,none
U007,2024-09-03 17:20:00,78.8,1,0.0,0.97,0,none,0,none
U007,2024-09-03 17:30:00,78.5,1,0.0,0.95,0,none,0,none
U007,2024-09-03 17:35:00,78.7,1,0.0,1.11,0,none,0,none
U007,2024-09-03 17:45:00,78.2,1,0.0,0.84,0,none,0,none
U007,2024-09-03 17:50:00,78.0,1,0.0,0.81,0,none,0,none
U007,2024-09-03 17:55:00,78.0,1,0.0,1.11,0,none,0,none
U007,2024-09-03 18:05:00,79.0,1,0.0,1.03,0,none,0,none
U007,2024-09-03 18:15:00,78.4,1,0.0,0.83,0,none,0,none
U007,2024-09-03 18:25:00,77.1,1,0.0,1.13,0,none,0,none
U007,2024-09-03 18:30:00,77.4,1,0.0,1.03,0,none,0,none
U007,2024-09-03 18:40:00,77.4,1,0.0,0.93,0,none,0,none
U007,2024-09-03 18:45:00,77.6,1,0.0,0.95,0,none,0,none
U007,2024-09-03 18:50:00,77.8,1,0.0,1.02,0,none,0,none
U007,2024-09-03 19:00:00,78.3,1,0.0,1.16,0,none,0,none
U007,2024-09-03 19:05:00,78.5,1,0.0,1.13,0,none,0,none
U007,2024-09-03 19:25:00,77.5,1,0.0,0.83,0,none,0,none
U007,2024-09-03 19:30:00,77.4,1,0.0,0.9,0,none,0,none
U007,2024-09-03 19:35:00,78.1,1,0.0,0.96,0,none,0,none
U007,2024-09-03 19:40:00,77.8,1,0.0,0.95,0,none,0,none
U007,2024-09-03 20:00:00,79.0,1,0.0,0.91,0,none,0,none
U007,2024-09-03 20:05:00,79.5,1,0.0,0.92,0,none,0,none
U007,2024-09-03 20:15:00,79.2,1,0.0,1.02,0,none,0,none
U007,2024-09-03 20:20:00,78.4,1,0.0,0.92,0,none,0,none
U007,2024-09-03 20:25:00,78.0,1,0.0,0.94,0,none,0,none
U007,2024-09-03 20:35:00,76.2,1,0.0,1.03,0,none,0,none
U007,2024-09-03 20:40:00,76.0,1,0.0,0.8,0,none,0,none
U007,2024-09-03 20:45:00,76.6,1,0.0,1.1,0,none,0,none
U007,2024-09-03 20:50:00,76.6,1,0.0,1.13,0,none,0,none
U007,2024-09-03 20:55:00,76.0,1,0.0,0.86,0,none,0,none
U007,2024-09-03 21:00:00,76.6,1,0.0,0.91,0,none,0,none
U007,2024-09-03 21:05:00,76.6,1,0.0,1.09,0,none,0,none
U007,2024-09-03 21:20:00,76.7,1,0.0,1.08,0,none,0,none
U007,2024-09-03 21:25:00,76.5,1,0.0,1.15,0,none,0,none
U007,2024-09-03 21:30:00,76.5,1,0.0,1.16,0,none,0,none
U007,2024-09-03 21:35:00,76.1,1,0.0,0.84,0,none,0,none
U007,2024-09-03 21:40:00,76.0,1,0.0,0.83,0,none,0,none
U007,2024-09-03 21:45:00,77.0,1,0.0,1.15,0,none,0,none
U007,2024-09-03 21:50:00,77.4,1,0.0,1.16,0,none,0,none
U007,2024-09-03 21:55:00,77.2,1,0.0,1.0,0,none,0,none
U007,2024-09-03 22:00:00,77.0,1,0.0,0.84,0,none,0,none
U007,2024-09-03 22:25:00,76.8,1,0.0,1.16,0,none,4076,low
U007,2024-09-03 22:40:00,76.7,1,0.0,0.89,0,none,0,none
U007,2024-09-03 22:45:00,76.6,1,0.0,0.86,0,none,0,none
U007,2024-09-03 22:55:00,77.9,1,0.0,1.07,0,none,0,none
U007,2024-09-03 23:00:00,78.3,1,0.0,1.13,0,none,0,none
U007,2024-09-03 23:05:00,78.9,1,0.0,1.06,0,none,0,none
U007,2024-09-03 23:10:00,78.3,1,0.0,1.07,0,none,0,none
U007,2024-09-03 23:15:00,78.2,1,0.0,0.91,0,none,0,none
U007,2024-09-03 23:25:00,78.5,1,0.0,1.0,0,none,0,none
U007,2024-09-03 23:30:00,78.7,1,0.0,1.01,0,none,0,none
U007,2024-09-03 23:35:00,79.0,1,0.0,0.82,0,none,0,none
U007,2024-09-03 23:40:00,79.2,1,0.0,1.1,0,none,0,none
U007,2024-09-04 00:00:00,79.3,1,0.0,1.08,0,none,0,none
U007,2024-09-04 00:05:00,79.4,1,0.0,0.82,0,none,0,none
U007,2024-09-04 00:15:00,79.7,1,0.0,0.99,0,none,0,none
U007,2024-09-04 00:20:00,79.6,1,0.0,0.86,0,none,0,none
U007,2024-09-04 00:25:00,79.5,1,3.0,0.97,45,lunch,0,none
U007,2024-09-04 00:30:00,78.9,1,0.0,1.1,0,none,0,none
U007,2024-09-04 00:55:00,78.8,1,0.0,0.91,0,none,0,none
U007,2024-09-04 01:10:00,77.6,1,0.0,1.14,0,none,0,none
U007,2024-09-04 01:15:00,77.2,1,0.0,0.86,0,none,0,none
U007,2024-09-04 01:20:00,77.8,1,0.0,0.81,0,none,0,none
U007,2024-09-04 01:25:00,78.2,1,0.0,0.9,0,none,0,none
U007,2024-09-04 01:30:00,78.1,1,0.0,1.12,0,none,0,none
U007,2024-09-04 01:35:00,78.7,1,0.0,1.02,0,none,0,none
U007,2024-09-04 01:45:00,77.9,1,0.0,0.93,0,none,0,none
U007,2024-09-04 01:50:00,78.3,1,0.0,0.89,0,none,0,none
U007,2024-09-04 01:55:00,77.6,1,0.0,0.97,0,none,0,none
U007,2024-09-04 02:00:00,77.7,1,0.0,0.96,0,none,0,none
U007,2024-09-04 02:05:00,78.5,1,0.0,1.15,0,none,0,none
U007,2024-09-04 02:10:00,79.4,1,0.0,1.18,0,none,0,none
U007,2024-09-04 02:15:00,79.5,1,0.0,1.19,0,none,0,none
U007,2024-09-04 02:30:00,79.4,1,0.0,0.92,0,none,0,none
U007,2024-09-04 02:35:00,79.8,1,0.0,1.18,0,none,0,none
U007,2024-09-04 02:40:00,79.2,1,0.0,1.09,0,none,0,none
U007,2024-09-04 02:55:00,79.3,1,0.0,0.92,0,none,0,none
U007,2024-09-04 03:00:00,79.1,1,0.0,1.17,0,none,0,none
U007,2024-09-04 03:05:00,78.9,1,0.0,1.18,0,none,0,none
U007,2024-09-04 03:10:00,79.1,1,0.0,1.08,0,none,0,none
U007,2024-09-04 03:15:00,79.3,1,0.0,0.91,0,none,0,none
U007,2024-09-04 03:35:00,79.2,1,0.0,0.84,0,none,0,none
U007,2024-09-04 03:50:00,78.5,1,0.0,0.85,45,breakfast,0,none
U007,2024-09-04 03:55:00,78.8,1,0.0,1.11,0,none,0,none
U007,2024-09-04 04:00:00,78.6,1,0.0,0.97,0,none,0,none
U007,2024-09-04 04:10:00,78.6,1,0.0,1.01,0,none,0,none
U007,2024-09-04 04:20:00,77.7,1,0.0,0.96,0,none,0,none
U007,2024-09-04 04:25:00,77.8,1,0.0,0.91,0,none,0,none
U007,2024-09-04 04:30:00,77.9,1,0.0,0.83,0,none,0,none
U007,2024-09-04 04:35:00,78.7,1,0.0,0.93,0,none,0,none
U007,2024-09-04 04:40:00,77.5,1,0.0,1.13,0,none,0,none
U007,2024-09-04 04:45:00,77.9,1,0.0,1.13,0,none,0,none
U007,2024-09-04 04:50:00,78.3,1,0.0,0.93,0,none,0,none
U007,2024-09-04 04:55:00,79.2,1,0.0,0.96,0,none,0,none
U007,2024-09-04 05:00:00,79.6,1,0.0,0.86,0,none,0,none
U007,2024-09-04 05:20:00,79.5,1,0.0,1.01,0,none,0,none
U007,2024-09-04 05:25:00,80.4,1,0.0,0.95,0,none,0,none
U007,2024-09-04 05:30:00,80.6,1,0.0,0.91,0,none,0,none
U007,2024-09-04 05:50:00,81.2,1,0.0,0.87,0,none,0,none
U007,2024-09-04 05:55:00,81.3,1,0.0,0.94,0,none,0,none
U007,2024-09-04 06:05:00,81.8,1,0.0,0.99,0,none,0,none
U007,2024-09-04 06:25:00,83.3,1,0.0,0.93,0,none,0,none
U007,2024-09-04 06:35:00,84.2,1,0.0,0.83,0,none,0,none
U007,2024-09-04 06:40:00,84.3,1,0.0,0.89,0,none,0,none
U007,2024-09-04 06:45:00,84.3,1,0.0,0.87,0,none,0,none
U007,2024-09-04 06:50:00,85.1,1,0.0,0.98,0,none,0,none
U007,2024-09-04 07:05:00,86.0,1,0.0,1.05,0,none,0,none
U007,2024-09-04 07:30:00,85.2,1,0.0,0.89,0,none,0,none
U007,2024-09-04 07:40:00,86.0,1,0.0,1.05,0,none,0,none
U007,2024-09-04 07:55:00,86.2,1,0.0,0.98,0,none,0,none
U007,2024-09-04 08:00:00,86.4,1,0.0,0.96,0,none,0,none
U007,2024-09-04 08:05:00,86.3,1,0.0,1.04,0,none,0,none
U007,2024-09-04 08:10:00,86.7,1,0.0,0.96,0,none,0,none
U007,2024-09-04 08:15:00,86.3,1,0.0,1.11,0,none,0,none
U007,2024-09-04 08:25:00,86.0,1,0.0,0.89,0,none,0,none
U007,2024-09-04 08:30:00,86.7,1,0.0,1.11,0,none,0,none
U007,2024-09-04 08:45:00,85.9,1,0.0,0.92,0,none,0,none
U007,2024-09-04 08:50:00,86.1,1,0.0,0.82,0,none,0,none
U007,2024-09-04 09:05:00,86.4,1,0.0,1.02,0,none,0,none
U007,2024-09-04 09:15:00,84.0,1,0.0,1.1,0,none,0,none
U007,2024-09-04 09:20:00,84.5,1,2.5,1.02,30,dinner,0,none
U007,2024-09-04 09:25:00,85.5,1,0.0,1.13,0,none,0,none
U007,2024-09-04 09:30:00,85.0,1,0.0,0.93,0,none,0,none
U007,2024-09-04 09:35:00,85.9,1,0.0,0.96,0,none,0,none
U007,2024-09-04 09:40:00,85.8,1,0.0,0.99,0,none,0,none
U007,2024-09-04 09:45:00,85.2,1,0.0,0.82,0,none,0,none
U007,2024-09-04 09:50:00,85.4,1,0.0,1.03,0,none,0,none
U007,2024-09-04 09:55:00,85.9,1,0.0,0.94,0,none,0,none
U007,2024-09-04 10:05:00,85.9,1,0.0,0.8,0,none,0,none
U007,2024-09-04 10:15:00,86.8,1,0.0,1.04,0,none,0,none
U007,2024-09-04 10:25:00,87.5,1,0.0,0.84,0,none,0,none
U007,2024-09-04 10:35:00,89.0,1,0.0,1.16,0,none,0,none
U007,2024-09-04 10:40:00,88.8,1,0.0,1.09,0,none,0,none
U007,2024-09-04 10:45:00,89.2,1,0.0,0.88,0,none,0,none
U007,2024-09-04 10:50:00,89.4,1,0.0,1.07,0,none,0,none
U007,2024-09-04 11:00:00,88.5,1,0.0,0.92,0,none,0,none
U007,2024-09-04 11:05:00,87.7,1,0.0,1.13,0,none,0,none
U007,2024-09-04 11:15:00,88.3,1,0.0,1.02,0,none,0,none
U007,2024-09-04 11:25:00,88.8,1,0.0,0.95,0,none,0,none
U007,2024-09-04 11:35:00,88.5,1,0.0,1.07,0,none,0,none
U007,2024-09-04 11:40:00,88.6,1,0.0,1.07,0,none,0,none
U007,2024-09-04 11:45:00,88.6,1,0.0,1.15,0,none,0,none
U007,2024-09-04 11:50:00,89.2,1,0.0,0.91,0,none,0,none
U007,2024-09-04 11:55:00,89.5,1,0.0,0.95,0,none,0,none
U007,2024-09-04 12:05:00,87.8,1,0.0,0.84,0,none,4646,high
U007,2024-09-04 12:15:00,88.1,1,0.0,1.12,0,none,0,none
U007,2024-09-04 12:20:00,87.9,1,0.0,0.82,0,none,0,none
U007,2024-09-04 12:25:00,88.3,1,0.0,1.15,0,none,0,none
U007,2024-09-04 12:30:00,89.3,1,0.0,0.93,0,none,0,none
U007,2024-09-04 12:40:00,88.7,1,3.7,1.11,45,lunch,0,none
U007,2024-09-04 12:55:00,88.4,1,0.0,0.91,0,none,0,none
U007,2024-09-04 13:15:00,87.8,1,0.0,0.85,0,none,0,none
U007,2024-09-04 13:25:00,87.6,1,0.0,1.08,0,none,0,none
U007,2024-09-04 13:30:00,88.0,1,0.0,1.02,0,none,0,none
U007,2024-09-04 13:35:00,87.2,1,0.0,0.91,0,none,0,none
U007,2024-09-04 13:40:00,87.7,1,2.4,1.0,30,breakfast,0,none
U007,2024-09-04 13:45:00,88.2,1,0.0,0.93,0,none,0,none
U007,2024-09-04 13:50:00,88.8,1,0.0,1.07,0,none,0,none
U007,2024-09-04 13:55:00,88.5,1,0.0,0.98,0,none,0,none
U007,2024-09-04 14:00:00,88.3,1,0.0,1.04,0,none,0,none
U007,2024-09-04 14:10:00,88.5,1,0.0,1.15,0,none,0,none
U007,2024-09-04 14:30:00,88.6,1,0.0,0.81,0,none,0,none
U007,2024-09-04 14:35:00,88.6,1,0.0,0.91,0,none,0,none
U007,2024-09-04 14:45:00,88.0,1,0.0,0.86,0,none,0,none
U007,2024-09-04 14:50:00,88.1,1,4.3,1.08,45,dinner,0,none
U007,2024-09-04 15:05:00,89.4,1,0.0,0.93,0,none,0,none
U007,2024-09-04 15:15:00,89.6,1,0.0,0.81,0,none,0,none
U007,2024-09-04 15:20:00,89.6,1,0.0,0.94,0,none,0,none
U007,2024-09-04 15:25:00,89.6,1,0.0,0.91,0,none,0,none
U007,2024-09-04 15:30:00,89.2,1,0.0,1.14,0,none,0,none
U007,2024-09-04 15:40:00,88.9,1,7.0,1.17,75,breakfast,0,none
U007,2024-09-04 15:45:00,89.1,1,0.0,1.0,0,none,0,none
U007,2024-09-04 15:50:00,89.9,1,0.0,0.81,0,none,0,none
U007,2024-09-04 16:00:00,90.3,1,0.0,1.05,0,none,0,none
U007,2024-09-04 16:10:00,91.1,1,0.0,1.05,0,none,0,none
U007,2024-09-04 16:15:00,90.1,1,0.0,0.92,0,none,0,none
U007,2024-09-04 16:20:00,89.7,1,0.0,1.04,0,none,0,none
U007,2024-09-04 16:35:00,90.7,1,0.0,0.83,0,none,0,none
U007,2024-09-04 16:40:00,90.9,1,0.0,0.85,0,none,0,none
U007,2024-09-04 16:45:00,90.7,1,0.0,0.81,0,none,0,none
U007,2024-09-04 16:55:00,91.0,1,0.0,1.08,0,none,0,none
U007,2024-09-04 17:00:00,91.1,1,0.0,1.07,0,none,0,none
U007,2024-09-04 17:05:00,91.1,1,0.0,1.0,0,none,0,none
U007,2024-09-04 17:20:00,91.6,1,0.0,1.15,0,none,0,none
U007,2024-09-04 17:25:00,91.9,1,0.0,1.1,0,none,0,none
U007,2024-09-04 17:45:00,91.9,1,0.0,1.14,0,none,0,none
U007,2024-09-04 17:50:00,89.6,1,4.0,0.89,45,dinner,0,none
U007,2024-09-04 18:00:00,90.2,1,0.0,1.11,0,none,0,none
U007,2024-09-04 18:05:00,89.6,0,2.8,1.07,30,breakfast,0,none
U007,2024-09-04 18:10:00,88.4,1,0.0,1.03,0,none,0,none
U007,2024-09-04 18:35:00,90.4,1,6.2,0.82,75,breakfast,0,none
U007,2024-09-04 18:50:00,89.2,1,0.0,1.18,0,none,0,none
U007,2024-09-04 19:15:00,88.6,1,0.0,0.97,0,none,0,none
U007,2024-09-04 19:20:00,88.2,1,0.0,1.05,0,none,0,none
U007,2024-09-04 19:30:00,87.5,1,6.2,1.06,75,lunch,0,none
U007,2024-09-04 19:35:00,87.4,1,0.0,0.83,0,none,0,none
U007,2024-09-04 19:45:00,87.7,1,0.0,1.05,0,none,0,none
U007,2024-09-04 19:50:00,87.5,1,0.0,1.03,0,none,0,none
U007,2024-09-04 19:55:00,87.1,1,0.0,1.01,0,none,0,none
U007,2024-09-04 20:05:00,88.5,1,0.0,0.99,0,none,0,none
U007,2024-09-04 20:15:00,87.5,1,0.0,0.96,0,none,0,none
U007,2024-09-04 20:20:00,88.0,1,0.0,0.89,0,none,0,none
U007,2024-09-04 20:25:00,87.6,1,0.0,1.01,0,none,0,none
U007,2024-09-04 20:40:00,87.3,1,0.0,0.92,0,none,0,none
U007,2024-09-04 20:45:00,87.9,1,5.4,1.05,75,breakfast,0,none
U007,2024-09-04 20:50:00,87.4,1,0.0,0.9,0,none,0,none
U007,2024-09-04 20:55:00,87.8,1,0.0,0.88,0,none,0,none
U007,2024-09-04 21:00:00,88.2,1,0.0,0.96,0,none,0,none
U007,2024-09-04 21:10:00,89.8,1,0.0,1.04,0,none,0,none
U007,2024-09-04 21:15:00,89.1,1,0.0,1.03,0,none,0,none
U007,2024-09-04 21:20:00,88.4,1,0.0,0.89,0,none,0,none
U007,2024-09-04 21:30:00,89.7,1,0.0,1.08,0,none,0,none
U007,2024-09-04 21:35:00,89.2,1,0.0,1.09,0,none,0,none
U007,2024-09-04 21:45:00,87.9,1,0.0,1.01,0,none,0,none
U007,2024-09-04 21:50:00,87.0,1,0.0,0.82,0,none,0,none
U007,2024-09-04 21:55:00,86.1,1,0.0,0.86,0,none,0,none
U007,2024-09-04 22:10:00,86.5,1,0.0,1.08,0,none,0,none
U007,2024-09-04 22:20:00,87.8,1,0.0,1.19,0,none,0,none
U007,2024-09-04 22:30:00,85.8,1,0.0,1.01,0,none,0,none
U007,2024-09-04 22:35:00,86.3,1,0.0,1.05,0,none,0,none
U007,2024-09-04 23:05:00,86.6,1,0.0,1.12,0,none,0,none
U007,2024-09-04 23:10:00,86.7,1,0.0,0.82,0,none,0,none
U007,2024-09-04 23:15:00,86.6,1,4.4,1.06,60,lunch,0,none
U007,2024-09-04 23:20:00,86.7,1,0.0,0.83,0,none,0,none
U007,2024-09-04 23:25:00,85.8,1,0.0,1.11,0,none,0,none
U007,2024-09-04 23:30:00,86.1,1,0.0,1.16,0,none,0,none
U007,2024-09-04 23:40:00,86.4,1,0.0,0.89,0,none,0,none
U007,2024-09-04 23:50:00,86.9,1,0.0,1.14,0,none,0,none
U007,2024-09-05 00:05:00,84.1,1,0.0,0.99,0,none,0,none
U007,2024-09-05 00:10:00,83.6,1,0.0,0.94,0,none,0,none
U007,2024-09-05 00:20:00,83.8,1,0.0,0.98,0,none,0,none
U007,2024-09-05 00:25:00,84.2,1,0.0,0.9,0,none,0,none
U007,2024-09-05 00:30:00,83.8,1,0.0,1.01,0,none,0,none
U007,2024-09-05 00:35:00,84.5,1,0.0,0.96,0,none,0,none
U007,2024-09-05 00:40:00,84.8,1,0.0,0.93,0,none,0,none
U007,2024-09-05 00:45:00,85.4,1,0.0,0.84,0,none,0,none
U007,2024-09-05 00:50:00,85.7,1,0.0,1.14,0,none,0,none
U007,2024-09-05 00:55:00,86.0,1,0.0,1.12,0,none,0,none
U007,2024-09-05 01:00:00,85.2,1,0.0,0.95,0,none,0,none
U007,2024-09-05 01:05:00,85.1,1,0.0,1.07,0,none,0,none
U007,2024-09-05 01:10:00,85.7,1,0.0,0.81,0,none,0,none
U007,2024-09-05 01:15:00,85.4,1,0.0,0.97,0,none,0,none
U007,2024-09-05 01:20:00,85.4,1,0.0,1.13,0,none,0,none
U007,2024-09-05 01:45:00,85.7,1,0.0,1.11,0,none,0,none
U007,2024-09-05 01:50:00,87.1,1,0.0,1.12,0,none,0,none
U007,2024-09-05 01:55:00,85.7,1,0.0,1.09,0,none,0,none
U007,2024-09-05 02:20:00,85.2,1,0.0,1.04,0,none,0,none
U007,2024-09-05 02:30:00,84.9,1,0.0,0.96,0,none,0,none
U007,2024-09-05 02:35:00,84.0,1,0.0,1.06,0,none,0,none
U007,2024-09-05 02:45:00,84.3,1,0.0,1.15,0,none,0,none
U007,2024-09-05 02:50:00,84.5,1,0.0,0.99,0,none,0,none
U007,2024-09-05 03:05:00,84.8,1,0.0,1.18,0,none,0,none
U007,2024-09-05 03:10:00,84.4,1,0.0,0.87,0,none,0,none
U007,2024-09-05 03:15:00,83.2,1,0.0,0.88,0,none,0,none
U007,2024-09-05 03:25:00,85.6,1,0.0,1.03,0,none,0,none
U007,2024-09-05 03:30:00,85.8,1,0.0,0.96,0,none,0,none
U007,2024-09-05 03:45:00,85.2,1,0.0,1.01,0,none,0,none
U007,2024-09-05 03:50:00,85.2,1,0.0,0.94,0,none,0,none
U007,2024-09-05 03:55:00,86.4,1,7.0,1.03,90,snack,0,none
U007,2024-09-05 04:00:00,86.4,1,0.0,0.81,0,none,0,none
U007,2024-09-05 04:10:00,87.2,1,0.0,0.88,0,none,0,none
U007,2024-09-05 04:15:00,87.4,1,0.0,1.09,0,none,0,none
U007,2024-09-05 04:20:00,87.3,1,0.0,0.89,0,none,0,none
U007,2024-09-05 04:25:00,87.1,0,0.0,1.05,0,none,0,none
U007,2024-09-05 04:55:00,87.5,1,0.0,0.99,0,none,0,none
U007,2024-09-05 05:00:00,87.0,1,0.0,1.0,0,none,0,none
U007,2024-09-05 05:05:00,87.1,1,0.0,0.88,0,none,0,none
U007,2024-09-05 05:30:00,85.2,1,0.0,0.8,0,none,1880,medium
U007,2024-09-05 05:35:00,85.0,1,0.0,0.92,0,none,0,none
U007,2024-09-05 05:45:00,84.9,1,0.0,0.9,0,none,0,none
U007,2024-09-05 05:50:00,86.2,1,0.0,0.91,0,none,0,none
U007,2024-09-05 06:10:00,85.7,1,0.0,0.95,0,none,0,none
U007,2024-09-05 06:15:00,85.6,1,0.0,1.12,0,none,0,none
U007,2024-09-05 06:30:00,84.0,1,0.0,1.11,0,none,0,none
U007,2024-09-05 06:40:00,84.1,1,0.0,0.86,0,none,0,none
U007,2024-09-05 06:45:00,84.5,1,0.0,0.87,0,none,0,none
U007,2024-09-05 06:50:00,84.6,1,0.0,1.19,0,none,0,none
U007,2024-09-05 07:00:00,85.5,1,0.0,1.14,0,none,0,none
U007,2024-09-05 07:05:00,85.4,1,0.0,1.19,0,none,0,none
U007,2024-09-05 07:15:00,85.7,1,0.0,0.96,0,none,0,none
U007,2024-09-05 07:30:00,85.5,0,0.0,0.86,0,none,0,none
U007,2024-09-05 07:35:00,86.0,1,0.0,1.1,0,none,0,none
U007,2024-09-05 07:45:00,86.2,1,0.0,0.94,0,none,0,none
U007,2024-09-05 07:55:00,86.1,1,0.0,1.14,0,none,0,none
U007,2024-09-05 08:00:00,86.4,1,0.0,1.02,0,none,0,none
U007,2024-09-05 08:05:00,86.5,1,0.0,1.1,0,none,0,none
U007,2024-09-05 08:10:00,86.2,1,0.0,1.14,0,none,0,none
U007,2024-09-05 08:15:00,86.1,1,0.0,1.19,0,none,0,none
U007,2024-09-05 08:35:00,85.1,1,0.0,0.96,0,none,0,none
U007,2024-09-05 08:40:00,85.5,1,0.0,1.07,0,none,0,none
U007,2024-09-05 08:45:00,84.8,1,2.5,0.96,30,lunch,0,none
U007,2024-09-05 08:55:00,83.7,1,0.0,0.94,0,none,0,none
U007,2024-09-05 09:05:00,84.5,1,0.0,0.97,0,none,0,none
U007,2024-09-05 09:20:00,84.4,1,0.0,0.99,0,none,0,none
U007,2024-09-05 09:25:00,85.0,1,0.0,0.99,0,none,0,none
U007,2024-09-05 09:35:00,85.8,1,0.0,1.09,0,none,0,none
U007,2024-09-05 09:40:00,85.7,1,0.0,1.08,0,none,0,none
U007,2024-09-05 09:45:00,86.5,1,0.0,0.96,0,none,0,none
U007,2024-09-05 10:00:00,84.9,1,0.0,0.97,0,none,0,none
U007,2024-09-05 10:05:00,84.9,1,0.0,1.08,0,none,0,none
U007,2024-09-05 10:10:00,85.1,1,0.0,1.05,0,none,0,none
U007,2024-09-05 10:20:00,84.6,1,0.0,1.03,0,none,0,none
U007,2024-09-05 10:30:00,85.1,0,0.0,0.89,0,none,0,none
U007,2024-09-05 10:35:00,84.5,1,0.0,1.12,0,none,0,none
U007,2024-09-05 10:40:00,84.2,1,0.0,0.99,0,none,0,none
U007,2024-09-05 10:45:00,84.0,1,0.0,0.92,0,none,0,none
U007,2024-09-05 10:50:00,83.9,1,0.0,1.18,0,none,0,none
U007,2024-09-05 10:55:00,83.5,1,0.0,1.18,0,none,0,none
U007,2024-09-05 11:00:00,83.3,1,0.0,0.82,0,none,0,none
U007,2024-09-05 11:20:00,83.0,1,0.0,0.86,0,none,0,none
U007,2024-09-05 11:30:00,83.0,1,0.0,0.89,0,none,0,none
U007,2024-09-05 11:40:00,83.8,1,0.0,1.02,0,none,0,none
U007,2024-09-05 11:45:00,83.0,1,2.5,0.88,30,snack,0,none
U007,2024-09-05 12:05:00,82.5,1,0.0,0.96,0,none,0,none
U007,2024-09-05 12:10:00,82.4,1,0.0,0.99,0,none,0,none
U007,2024-09-05 12:15:00,83.6,1,0.0,1.16,0,none,0,none
U007,2024-09-05 12:20:00,83.5,1,0.0,0.88,0,none,0,none
U007,2024-09-05 12:25:00,82.7,1,0.0,1.17,0,none,0,none
U007,2024-09-05 12:50:00,81.4,1,0.0,0.89,0,none,0,none
U007,2024-09-05 12:55:00,81.5,1,0.0,0.82,0,none,0,none
U007,2024-09-05 13:00:00,82.1,1,0.0,1.03,0,none,0,none
U007,2024-09-05 13:05:00,82.9,1,0.0,1.16,0,none,0,none
U007,2024-09-05 13:20:00,82.0,1,0.0,0.98,0,none,0,none
U007,2024-09-05 13:25:00,81.7,1,0.0,0.88,0,none,0,none
U007,2024-09-05 13:30:00,81.2,1,0.0,1.05,0,none,0,none
U007,2024-09-05 13:50:00,80.9,1,0.0,0.92,0,none,0,none
U007,2024-09-05 13:55:00,80.8,1,0.0,1.02,0,none,0,none
U007,2024-09-05 14:05:00,79.5,1,0.0,0.92,0,none,1599,low
U007,2024-09-05 14:10:00,79.0,1,0.0,1.1,0,none,0,none
U007,2024-09-05 14:15:00,79.0,1,0.0,0.99,0,none,0,none
U007,2024-09-05 14:25:00,78.1,1,0.0,1.12,0,none,0,none
U007,2024-09-05 14:30:00,77.6,1,0.0,0.86,0,none,0,none
U007,2024-09-05 14:35:00,77.6,1,0.0,0.95,0,none,0,none
U007,2024-09-05 14:50:00,78.1,1,0.0,0.99,0,none,0,none
U007,2024-09-05 14:55:00,77.6,1,5.6,1.19,60,lunch,0,none
U007,2024-09-05 15:05:00,76.8,1,0.0,1.09,0,none,0,none
U007,2024-09-05 15:10:00,77.0,1,0.0,0.92,0,none,0,none
U007,2024-09-05 15:15:00,76.7,0,0.0,0.88,0,none,3264,high
U007,2024-09-05 15:25:00,75.9,1,0.0,1.06,0,none,0,none
U007,2024-09-05 15:35:00,75.4,1,0.0,0.98,0,none,0,none
U007,2024-09-05 15:40:00,75.0,1,0.0,1.09,0,none,0,none
U007,2024-09-05 15:50:00,76.0,1,0.0,1.16,0,none,0,none
U007,2024-09-05 16:00:00,76.3,1,7.3,1.11,90,snack,0,none
U007,2024-09-05 16:05:00,76.1,1,0.0,0.96,0,none,0,none
U007,2024-09-05 16:10:00,75.6,1,0.0,0.8,0,none,0,none
U007,2024-09-05 16:15:00,75.7,1,0.0,1.18,0,none,0,none
U007,2024-09-05 16:20:00,75.8,1,0.0,1.07,0,none,0,none
U007,2024-09-05 16:25:00,75.7,1,0.0,1.07,0,none,0,none
U007,2024-09-05 16:40:00,75.5,1,0.0,1.04,0,none,0,none
U007,2024-09-05 16:45:00,75.6,1,0.0,0.89,0,none,0,none
U007,2024-09-05 16:50:00,76.3,1,0.0,1.18,0,none,0,none
U007,2024-09-05 16:55:00,76.8,1,0.0,0.8,0,none,0,none
U007,2024-09-05 17:00:00,76.8,1,0.0,1.14,0,none,0,none
U007,2024-09-05 17:05:00,76.9,1,0.0,1.05,0,none,0,none
U007,2024-09-05 17:10:00,76.8,1,0.0,0.82,0,none,0,none
U007,2024-09-05 17:15:00,75.5,1,0.0,0.86,0,none,2678,high
U007,2024-09-05 17:20:00,76.3,1,0.0,0.98,0,none,0,none
U007,2024-09-05 17:25:00,76.6,1,0.0,1.07,0,none,0,none
U007,2024-09-05 17:30:00,77.0,1,0.0,1.02,0,none,0,none
U007,2024-09-05 17:35:00,77.7,1,0.0,1.16,0,none,0,none
U007,2024-09-05 17:45:00,77.8,1,0.0,0.84,0,none,0,none
U007,2024-09-05 17:50:00,77.2,1,0.0,1.18,0,none,4363,medium
U007,2024-09-05 18:10:00,76.4,1,0.0,0.9,0,none,0,none
U007,2024-09-05 18:15:00,76.5,1,0.0,0.84,0,none,0,none
U007,2024-09-05 18:20:00,75.2,1,0.0,1.07,0,none,0,none
U007,2024-09-05 18:25:00,75.8,1,0.0,1.18,0,none,0,none
U007,2024-09-05 18:30:00,75.8,1,0.0,0.95,0,none,0,none
U007,2024-09-05 18:35:00,74.4,1,8.2,0.89,90,snack,3053,low
U007,2024-09-05 18:40:00,75.2,1,0.0,1.02,0,none,0,none
U007,2024-09-05 18:45:00,75.7,1,0.0,0.96,0,none,0,none
U007,2024-09-05 18:50:00,76.0,1,0.0,0.8,0,none,0,none
U007,2024-09-05 18:55:00,75.3,1,0.0,1.19,0,none,0,none
U007,2024-09-05 19:00:00,75.4,1,0.0,0.9,0,none,0,none
U007,2024-09-05 19:05:00,75.7,1,0.0,0.86,0,none,0,none
U007,2024-09-05 19:10:00,75.8,1,0.0,0.97,0,none,0,none
U007,2024-09-05 19:20:00,75.2,1,0.0,0.89,0,none,0,none
U007,2024-09-05 19:25:00,74.9,1,0.0,0.82,0,none,0,none
U007,2024-09-05 19:40:00,75.8,1,0.0,0.92,0,none,0,none
U007,2024-09-05 19:45:00,76.0,1,0.0,1.19,0,none,0,none
U007,2024-09-05 19:50:00,75.9,1,0.0,0.96,0,none,0,none
U007,2024-09-05 20:00:00,74.5,1,0.0,0.99,0,none,4743,low
U007,2024-09-05 20:05:00,74.6,1,0.0,0.86,0,none,0,none
U007,2024-09-05 20:15:00,74.5,1,0.0,0.94,0,none,0,none
U007,2024-09-05 20:20:00,74.4,1,0.0,1.01,0,none,0,none
U007,2024-09-05 20:45:00,74.0,1,0.0,0.94,0,none,0,none
U007,2024-09-05 20:55:00,73.5,1,0.0,0.84,0,none,0,none
U007,2024-09-05 21:00:00,74.0,1,0.0,1.01,0,none,0,none
U007,2024-09-05 21:10:00,73.3,1,6.2,1.16,75,breakfast,1366,medium
U007,2024-09-05 21:15:00,72.8,1,0.0,1.1,0,none,0,none
U007,2024-09-05 21:25:00,72.1,1,0.0,0.95,0,none,0,none
U007,2024-09-05 21:35:00,72.1,1,0.0,1.12,0,none,0,none
U007,2024-09-05 21:45:00,71.4,1,0.0,0.98,0,none,0,none
U007,2024-09-05 21:50:00,71.2,1,7.6,1.17,90,dinner,0,none
U007,2024-09-05 21:55:00,71.2,1,0.0,0.91,0,none,0,none
U007,2024-09-05 22:10:00,71.2,1,0.0,1.09,0,none,0,none
U007,2024-09-05 22:15:00,70.8,1,0.0,1.0,0,none,0,none
U007,2024-09-05 22:20:00,70.9,1,0.0,0.94,0,none,0,none
U007,2024-09-05 22:30:00,70.4,1,0.0,1.03,0,none,0,none
U007,2024-09-05 22:35:00,71.3,1,0.0,0.96,0,none,0,none
U007,2024-09-05 22:45:00,71.0,1,0.0,1.11,0,none,0,none
U007,2024-09-05 22:50:00,71.2,1,0.0,0.95,0,none,0,none
U007,2024-09-05 22:55:00,71.3,1,0.0,1.11,0,none,0,none
U007,2024-09-05 23:05:00,70.0,1,0.0,0.92,0,none,0,none
U007,2024-09-05 23:15:00,70.1,1,0.0,0.96,0,none,0,none
U007,2024-09-05 23:20:00,71.1,1,0.0,1.08,0,none,0,none
U007,2024-09-05 23:25:00,71.3,1,0.0,1.01,0,none,0,none
U007,2024-09-05 23:30:00,70.9,1,0.0,0.97,0,none,0,none
U007,2024-09-05 23:45:00,71.8,1,0.0,0.94,0,none,0,none
U007,2024-09-05 23:50:00,72.2,1,0.0,1.07,0,none,0,none
U007,2024-09-05 23:55:00,72.2,1,0.0,0.8,0,none,0,none
U007,2024-09-06 00:10:00,72.0,1,0.0,1.1,0,none,0,none
U007,2024-09-06 00:20:00,73.6,1,0.0,1.14,0,none,0,none
U007,2024-09-06 00:25:00,72.7,1,0.0,1.12,0,none,0,none
U007,2024-09-06 00:30:00,72.6,1,0.0,1.09,0,none,0,none
U007,2024-09-06 00:40:00,73.3,1,0.0,0.99,0,none,0,none
U007,2024-09-06 00:45:00,73.3,1,0.0,0.92,0,none,0,none
U007,2024-09-06 00:50:00,72.8,1,0.0,1.13,0,none,0,none
U007,2024-09-06 01:05:00,73.3,1,0.0,1.03,0,none,0,none
U007,2024-09-06 01:15:00,71.5,1,0.0,1.1,0,none,0,none
U007,2024-09-06 01:20:00,72.9,1,0.0,1.08,0,none,0,none
U007,2024-09-06 01:25:00,72.6,1,0.0,0.97,0,none,0,none
U007,2024-09-06 01:35:00,72.1,1,0.0,1.01,0,none,0,none
U007,2024-09-06 01:45:00,72.1,1,0.0,0.89,0,none,0,none
U007,2024-09-06 01:50:00,71.8,1,0.0,0.87,0,none,0,none
U007,2024-09-06 02:00:00,72.0,1,0.0,0.86,0,none,0,none
U007,2024-09-06 02:05:00,71.8,1,0.0,1.14,0,none,0,none
U007,2024-09-06 02:10:00,72.1,1,0.0,1.09,0,none,0,none
U007,2024-09-06 02:20:00,71.8,1,0.0,0.93,0,none,0,none
U007,2024-09-06 02:30:00,72.1,1,0.0,1.13,0,none,0,none
U007,2024-09-06 02:35:00,71.3,1,0.0,1.05,0,none,2346,medium
U007,2024-09-06 02:50:00,71.6,1,0.0,1.06,0,none,0,none
U007,2024-09-06 03:00:00,70.4,1,0.0,0.91,0,none,0,none
U007,2024-09-06 03:10:00,70.8,1,0.0,1.01,0,none,0,none
U007,2024-09-06 03:20:00,71.4,1,0.0,0.86,0,none,0,none
U007,2024-09-06 03:25:00,71.6,1,0.0,0.93,0,none,0,none
U007,2024-09-06 03:40:00,71.8,1,0.0,0.97,0,none,0,none
U007,2024-09-06 04:00:00,72.3,1,0.0,0.81,0,none,0,none
U007,2024-09-06 04:05:00,72.7,1,0.0,1.02,0,none,0,none
U007,2024-09-06 04:20:00,72.2,1,0.0,0.82,0,none,0,none
U007,2024-09-06 04:35:00,73.1,1,0.0,0.96,0,none,0,none
U007,2024-09-06 04:50:00,73.7,1,0.0,0.83,0,none,0,none
U007,2024-09-06 04:55:00,73.4,1,0.0,1.08,0,none,0,none
U007,2024-09-06 05:15:00,74.3,1,0.0,1.01,0,none,0,none
U007,2024-09-06 05:20:00,73.9,1,0.0,0.87,0,none,0,none
U007,2024-09-06 05:30:00,74.3,1,0.0,1.08,0,none,0,none
U007,2024-09-06 05:35:00,74.7,1,0.0,0.95,0,none,0,none
U007,2024-09-06 05:40:00,75.3,1,0.0,1.04,0,none,0,none
U007,2024-09-06 05:45:00,75.7,1,0.0,1.04,0,none,0,none
U007,2024-09-06 05:50:00,75.8,1,0.0,0.97,0,none,0,none
U007,2024-09-06 05:55:00,76.8,1,0.0,0.99,0,none,0,none
U007,2024-09-06 06:00:00,76.2,1,0.0,0.97,0,none,1465,low
U007,2024-09-06 06:05:00,76.8,1,0.0,0.81,0,none,0,none
U007,2024-09-06 06:10:00,76.9,1,0.0,0.97,0,none,0,none
U007,2024-09-06 06:15:00,76.9,1,0.0,1.16,0,none,0,none
U007,2024-09-06 06:20:00,78.3,1,0.0,0.96,0,none,0,none
U007,2024-09-06 06:35:00,79.3,1,0.0,1.02,0,none,0,none
U007,2024-09-06 06:50:00,78.9,1,0.0,1.09,0,none,0,none
U007,2024-09-06 07:00:00,78.6,1,0.0,0.96,0,none,0,none
U007,2024-09-06 07:20:00,80.3,1,0.0,1.07,0,none,0,none
U007,2024-09-06 07:40:00,79.0,1,0.0,0.93,0,none,0,none
U007,2024-09-06 07:45:00,78.7,1,3.8,0.82,45,dinner,0,none
U007,2024-09-06 07:55:00,77.2,0,0.0,0.91,0,none,0,none
U007,2024-09-06 08:00:00,77.3,1,0.0,1.13,0,none,0,none
U007,2024-09-06 08:20:00,77.9,1,0.0,0.89,0,none,0,none
U007,2024-09-06 08:25:00,78.6,1,0.0,0.96,0,none,0,none
U007,2024-09-06 08:35:00,77.9,1,0.0,1.02,0,none,0,none
U007,2024-09-06 08:40:00,77.5,1,0.0,1.2,0,none,0,none
U007,2024-09-06 08:45:00,78.1,1,0.0,1.14,0,none,0,none
U007,2024-09-06 08:55:00,78.2,1,0.0,1.15,0,none,0,none
U007,2024-09-06 09:05:00,78.6,1,0.0,0.84,0,none,0,none
U007,2024-09-06 09:15:00,78.6,1,0.0,1.17,0,none,0,none
U007,2024-09-06 09:30:00,78.2,1,0.0,1.16,0,none,0,none
U007,2024-09-06 09:35:00,78.1,1,0.0,1.06,0,none,0,none
U007,2024-09-06 09:45:00,79.5,1,4.4,0.9,60,breakfast,0,none
U007,2024-09-06 09:50:00,80.1,1,0.0,0.91,0,none,0,none
U007,2024-09-06 09:55:00,79.7,1,0.0,1.2,0,none,0,none
U007,2024-09-06 10:15:00,78.3,1,0.0,1.1,0,none,0,none
U007,2024-09-06 10:25:00,77.4,1,4.5,0.81,60,snack,0,none
U007,2024-09-06 10:30:00,77.7,1,0.0,1.09,0,none,0,none
U007,2024-09-06 10:35:00,77.6,1,0.0,1.01,0,none,0,none
U007,2024-09-06 10:50:00,78.0,1,0.0,0.95,0,none,0,none
U007,2024-09-06 10:55:00,77.9,1,0.0,1.03,0,none,0,none
U007,2024-09-06 11:05:00,79.5,1,0.0,1.05,0,none,0,none
U007,2024-09-06 11:10:00,79.5,1,0.0,1.13,0,none,0,none
U007,2024-09-06 11:15:00,78.7,1,0.0,0.81,0,none,0,none
U007,2024-09-06 11:30:00,79.5,1,4.3,0.9,45,breakfast,0,none
U007,2024-09-06 11:35:00,79.3,1,0.0,0.87,0,none,0,none
U007,2024-09-06 11:50:00,78.6,1,0.0,0.97,0,none,0,none
U007,2024-09-06 11:55:00,78.6,1,0.0,1.01,0,none,0,none
U007,2024-09-06 12:05:00,79.9,1,0.0,1.0,0,none,0,none
U007,2024-09-06 12:20:00,79.9,0,0.0,0.88,0,none,0,none
U007,2024-09-06 12:45:00,80.1,1,0.0,0.86,0,none,0,none
U007,2024-09-06 13:00:00,80.3,1,0.0,0.93,0,none,0,none
U007,2024-09-06 13:05:00,81.0,1,0.0,1.04,0,none,0,none
U007,2024-09-06 13:10:00,81.3,1,0.0,0.96,0,none,0,none
U007,2024-09-06 13:25:00,82.0,1,0.0,0.85,0,none,0,none
U007,2024-09-06 13:30:00,82.2,1,0.0,0.93,0,none,0,none
U007,2024-09-06 13:35:00,82.4,1,0.0,1.07,0,none,0,none
U007,2024-09-06 13:55:00,82.0,1,0.0,0.83,0,none,0,none
U007,2024-09-06 14:10:00,81.7,1,0.0,1.08,0,none,0,none
U007,2024-09-06 14:15:00,81.0,1,0.0,1.03,0,none,0,none
U007,2024-09-06 14:20:00,80.5,1,0.0,0.91,0,none,0,none
U007,2024-09-06 14:25:00,80.5,1,0.0,0.9,0,none,0,none
U007,2024-09-06 14:30:00,80.3,1,2.6,1.16,30,dinner,0,none
U007,2024-09-06 14:40:00,79.3,1,0.0,1.03,0,none,0,none
U007,2024-09-06 14:50:00,79.3,1,0.0,1.02,0,none,0,none
U007,2024-09-06 14:55:00,80.2,1,0.0,0.84,0,none,0,none
U007,2024-09-06 15:05:00,79.7,1,0.0,0.84,0,none,0,none
U007,2024-09-06 15:10:00,79.6,1,0.0,0.85,0,none,0,none
U007,2024-09-06 15:20:00,79.5,1,0.0,1.14,0,none,0,none
U007,2024-09-06 15:30:00,78.4,1,0.0,1.17,0,none,0,none
U007,2024-09-06 15:45:00,79.5,1,0.0,1.18,0,none,0,none
U007,2024-09-06 15:50:00,79.2,1,0.0,0.92,0,none,0,none
U007,2024-09-06 16:20:00,79.8,1,0.0,1.13,0,none,0,none
U007,2024-09-06 16:25:00,81.1,1,0.0,1.19,0,none,0,none
U007,2024-09-06 16:35:00,82.1,1,0.0,0.88,0,none,0,none
U007,2024-09-06 16:40:00,82.2,1,0.0,0.85,0,none,0,none
U007,2024-09-06 16:50:00,82.6,1,0.0,0.95,0,none,0,none
U007,2024-09-06 17:05:00,80.7,1,0.0,0.94,0,none,0,none
U007,2024-09-06 17:10:00,79.6,1,0.0,1.07,0,none,0,none
U007,2024-09-06 17:20:00,79.8,1,7.9,0.96,90,snack,0,none
U007,2024-09-06 17:30:00,79.5,1,0.0,1.19,0,none,0,none
U007,2024-09-06 17:40:00,80.2,1,0.0,0.93,0,none,0,none
U007,2024-09-06 17:50:00,79.5,1,0.0,1.2,0,none,0,none
U007,2024-09-06 18:00:00,80.3,1,0.0,1.09,0,none,0,none
U007,2024-09-06 18:10:00,79.3,1,0.0,1.1,0,none,0,none
U007,2024-09-06 18:15:00,78.9,1,0.0,1.19,0,none,0,none
U007,2024-09-06 18:20:00,79.3,1,2.6,0.87,30,breakfast,0,none
U007,2024-09-06 18:25:00,79.8,1,0.0,1.09,0,none,0,none
U007,2024-09-06 18:40:00,79.5,1,0.0,0.81,0,none,0,none
U007,2024-09-06 18:45:00,79.3,1,0.0,0.82,0,none,0,none
U007,2024-09-06 18:55:00,78.5,1,0.0,0.85,0,none,0,none
U007,2024-09-06 19:10:00,79.2,0,0.0,1.09,0,none,0,none
U007,2024-09-06 19:20:00,79.0,1,0.0,1.14,0,none,0,none
U007,2024-09-06 19:30:00,78.7,1,0.0,1.12,0,none,0,none
U007,2024-09-06 19:35:00,78.8,1,0.0,1.0,0,none,0,none
U007,2024-09-06 19:40:00,78.8,1,0.0,1.05,0,none,0,none
U007,2024-09-06 19:45:00,78.8,1,0.0,0.82,0,none,0,none
U007,2024-09-06 19:50:00,78.3,1,0.0,0.82,0,none,0,none
U007,2024-09-06 19:55:00,78.8,1,0.0,1.19,0,none,0,none
U007,2024-09-06 20:05:00,77.6,1,0.0,0.92,0,none,0,none
U007,2024-09-06 20:20:00,76.8,1,0.0,1.12,0,none,0,none
U007,2024-09-06 20:25:00,77.0,1,0.0,1.08,0,none,0,none
U007,2024-09-06 20:30:00,76.7,1,0.0,1.1,0,none,0,none
U007,2024-09-06 20:35:00,76.8,1,0.0,1.07,0,none,0,none
U007,2024-09-06 20:40:00,77.2,1,0.0,1.16,0,none,0,none
U007,2024-09-06 20:50:00,77.7,1,0.0,0.92,0,none,0,none
U007,2024-09-06 20:55:00,77.4,1,0.0,1.15,0,none,0,none
U007,2024-09-06 21:05:00,78.2,1,0.0,0.91,0,none,0,none
U007,2024-09-06 21:15:00,76.6,1,0.0,0.97,0,none,0,none
U007,2024-09-06 21:20:00,77.9,1,0.0,1.09,0,none,0,none
U007,2024-09-06 21:25:00,78.0,1,0.0,0.91,0,none,0,none
U007,2024-09-06 21:35:00,75.9,1,0.0,0.98,0,none,4623,medium
U007,2024-09-06 21:45:00,75.8,1,0.0,1.09,0,none,0,none
U007,2024-09-06 21:50:00,75.6,1,0.0,0.91,0,none,0,none
U007,2024-09-06 22:00:00,76.2,1,0.0,0.81,0,none,0,none
U007,2024-09-06 22:15:00,76.0,1,0.0,1.07,0,none,0,none
U007,2024-09-06 22:20:00,75.9,1,0.0,0.98,0,none,0,none
U007,2024-09-06 22:25:00,76.5,1,0.0,1.09,0,none,0,none
U007,2024-09-06 22:30:00,76.6,1,0.0,1.13,0,none,0,none
U007,2024-09-06 22:35:00,77.4,1,0.0,1.15,0,none,0,none
U007,2024-09-06 22:45:00,75.5,1,0.0,1.06,0,none,1634,medium
U007,2024-09-06 23:05:00,77.1,1,0.0,0.94,0,none,0,none
U007,2024-09-06 23:10:00,76.2,1,0.0,1.18,0,none,0,none
U007,2024-09-06 23:20:00,76.4,1,0.0,1.11,0,none,0,none
U007,2024-09-06 23:35:00,75.9,1,0.0,0.92,0,none,0,none
U007,2024-09-06 23:45:00,75.5,1,0.0,1.15,0,none,0,none
U007,2024-09-06 23:50:00,75.9,1,0.0,0.87,0,none,0,none
U007,2024-09-06 23:55:00,74.8,1,0.0,0.88,0,none,0,none
U007,2024-09-07 00:00:00,74.7,1,0.0,1.14,0,none,0,none
U007,2024-09-07 00:05:00,73.8,1,0.0,1.06,0,none,0,none
U007,2024-09-07 00:10:00,73.5,1,0.0,0.96,0,none,0,none
U007,2024-09-07 00:15:00,72.7,1,0.0,0.91,0,none,0,none
U007,2024-09-07 00:20:00,72.4,1,0.0,0.87,0,none,0,none
U007,2024-09-07 00:25:00,73.6,1,0.0,1.17,0,none,0,none
U007,2024-09-07 00:30:00,74.1,1,5.8,1.14,75,dinner,0,none
U007,2024-09-07 00:35:00,74.6,1,0.0,1.06,0,none,0,none
U007,2024-09-07 00:50:00,75.5,1,0.0,1.2,0,none,0,none
U007,2024-09-07 00:55:00,75.4,1,0.0,1.16,0,none,0,none
U007,2024-09-07 01:00:00,74.1,1,0.0,1.19,0,none,0,none
U007,2024-09-07 01:05:00,73.5,1,0.0,0.9,0,none,0,none
U007,2024-09-07 01:10:00,73.5,1,0.0,1.14,0,none,0,none
U007,2024-09-07 01:20:00,73.5,1,3.3,1.17,45,breakfast,0,none
U007,2024-09-07 01:25:00,73.0,1,0.0,0.85,0,none,0,none
U007,2024-09-07 01:30:00,72.7,1,0.0,0.93,0,none,0,none
U007,2024-09-07 01:35:00,73.1,1,0.0,1.05,0,none,0,none
U007,2024-09-07 01:45:00,72.2,1,0.0,0.95,0,none,0,none
U007,2024-09-07 01:50:00,72.3,1,0.0,0.85,0,none,0,none
U007,2024-09-07 01:55:00,73.2,1,0.0,0.92,0,none,0,none
U007,2024-09-07 02:00:00,73.5,1,0.0,1.09,0,none,0,none
U007,2024-09-07 02:05:00,73.9,1,0.0,1.11,0,none,0,none
U007,2024-09-07 02:25:00,73.2,1,0.0,1.18,0,none,0,none
U007,2024-09-07 02:30:00,73.5,1,0.0,0.83,0,none,0,none
U007,2024-09-07 02:40:00,73.4,1,0.0,1.12,0,none,0,none
U007,2024-09-07 02:55:00,73.3,1,0.0,0.85,0,none,0,none
U007,2024-09-07 03:00:00,74.0,1,0.0,1.14,0,none,0,none
U007,2024-09-07 03:05:00,74.2,1,0.0,1.04,0,none,0,none
U007,2024-09-07 03:10:00,73.6,1,0.0,1.04,0,none,0,none
U007,2024-09-07 03:20:00,73.7,1,0.0,1.0,0,none,0,none
U007,2024-09-07 03:40:00,75.2,1,0.0,1.18,0,none,0,none
U007,2024-09-07 03:45:00,75.7,1,0.0,1.17,0,none,0,none
U007,2024-09-07 03:50:00,75.7,1,0.0,0.89,0,none,0,none
U007,2024-09-07 03:55:00,75.2,1,0.0,1.01,0,none,0,none
U007,2024-09-07 04:05:00,75.2,1,0.0,1.11,0,none,0,none
U007,2024-09-07 04:15:00,74.3,1,0.0,1.12,0,none,0,none
U007,2024-09-07 04:20:00,74.6,1,0.0,0.9,0,none,0,none
U007,2024-09-07 04:25:00,75.7,1,0.0,1.17,0,none,0,none
U007,2024-09-07 04:30:00,74.9,1,0.0,0.96,0,none,0,none
U007,2024-09-07 04:45:00,74.3,1,0.0,1.18,0,none,0,none
U007,2024-09-07 04:50:00,74.4,1,0.0,0.99,0,none,0,none
U007,2024-09-07 04:55:00,75.0,1,0.0,1.13,0,none,0,none
U007,2024-09-07 05:00:00,72.5,1,0.0,1.03,0,none,1298,low
U007,2024-09-07 05:05:00,73.0,1,0.0,1.14,0,none,0,none
U007,2024-09-07 05:15:00,71.7,1,6.3,1.02,75,snack,0,none
U007,2024-09-07 05:20:00,71.6,1,0.0,0.83,0,none,0,none
U007,2024-09-07 05:35:00,72.0,1,0.0,1.01,0,none,0,none
U007,2024-09-07 05:40:00,71.0,1,0.0,1.17,0,none,2884,high
U007,2024-09-07 05:45:00,70.0,1,0.0,1.06,0,none,734,low
U007,2024-09-07 05:50:00,70.0,1,0.0,0.98,0,none,2222,medium
U007,2024-09-07 06:00:00,70.0,1,0.0,1.1,0,none,0,none
U007,2024-09-07 06:05:00,71.0,1,0.0,1.12,0,none,0,none
U007,2024-09-07 06:25:00,70.2,1,0.0,1.02,0,none,0,none
U007,2024-09-07 06:30:00,70.0,1,0.0,1.09,0,none,0,none
U007,2024-09-07 06:40:00,70.3,1,0.0,0.99,0,none,0,none
U007,2024-09-07 06:50:00,71.3,1,7.9,0.94,90,breakfast,0,none
U007,2024-09-07 07:00:00,71.1,1,0.0,0.9,0,none,0,none
U007,2024-09-07 07:15:00,71.3,1,3.3,1.12,30,lunch,0,none
U007,2024-09-07 07:20:00,72.0,1,0.0,1.2,0,none,0,none
U007,2024-09-07 07:25:00,71.2,1,0.0,1.12,0,none,0,none
U007,2024-09-07 07:30:00,71.2,1,0.0,1.2,0,none,0,none
U007,2024-09-07 07:35:00,71.2,1,0.0,0.95,0,none,0,none
U007,2024-09-07 07:45:00,71.1,1,0.0,1.05,0,none,0,none
U007,2024-09-07 08:05:00,72.7,1,0.0,1.03,0,none,0,none
U007,2024-09-07 08:15:00,72.6,1,0.0,1.1,0,none,0,none
U007,2024-09-07 08:25:00,73.3,1,0.0,1.01,0,none,0,none
U007,2024-09-07 08:30:00,73.4,1,7.3,1.04,90,lunch,0,none
U007,2024-09-07 08:35:00,73.2,1,0.0,0.94,0,none,0,none
U007,2024-09-07 08:45:00,73.2,1,0.0,0.9,0,none,0,none
U007,2024-09-07 08:55:00,73.5,1,0.0,0.8,0,none,0,none
U007,2024-09-07 09:10:00,73.3,1,0.0,0.94,0,none,0,none
U007,2024-09-07 09:15:00,73.1,1,0.0,1.07,0,none,0,none
U007,2024-09-07 09:20:00,72.6,1,0.0,0.82,0,none,0,none
U007,2024-09-07 09:25:00,72.6,1,0.0,1.0,0,none,0,none
U007,2024-09-07 09:35:00,73.6,1,0.0,1.01,0,none,0,none
U007,2024-09-07 09:40:00,74.2,1,0.0,0.84,0,none,0,none
U007,2024-09-07 09:45:00,73.5,1,0.0,0.88,0,none,0,none
U007,2024-09-07 09:50:00,72.8,1,0.0,0.87,0,none,0,none
U007,2024-09-07 10:00:00,72.9,1,0.0,1.04,0,none,0,none
U007,2024-09-07 10:05:00,72.5,1,0.0,1.16,0,none,0,none
U007,2024-09-07 10:10:00,72.0,1,0.0,1.17,0,none,0,none
U007,2024-09-07 10:20:00,72.5,1,0.0,1.03,0,none,0,none
U007,2024-09-07 10:30:00,72.8,1,0.0,1.16,0,none,0,none
U007,2024-09-07 10:35:00,73.5,1,0.0,0.9,0,none,0,none
U007,2024-09-07 10:45:00,71.9,1,0.0,0.83,0,none,0,none
U007,2024-09-07 11:00:00,72.5,1,0.0,1.05,0,none,0,none
U007,2024-09-07 11:05:00,72.0,1,0.0,0.86,0,none,0,none
U007,2024-09-07 11:10:00,72.7,1,0.0,1.12,0,none,0,none
U007,2024-09-07 11:35:00,72.4,1,0.0,0.83,0,none,0,none
U007,2024-09-07 11:40:00,72.5,0,0.0,1.17,0,none,0,none
U007,2024-09-07 11:45:00,73.6,1,0.0,0.96,0,none,0,none
U007,2024-09-07 11:55:00,73.9,1,0.0,1.17,0,none,0,none
U007,2024-09-07 12:05:00,73.6,1,3.0,0.8,45,lunch,0,none
U007,2024-09-07 12:20:00,73.8,1,0.0,1.09,0,none,0,none
U007,2024-09-07 12:25:00,74.0,1,0.0,0.83,0,none,0,none
U007,2024-09-07 12:30:00,74.3,1,0.0,1.03,0,none,0,none
U007,2024-09-07 12:40:00,72.9,1,0.0,1.03,0,none,0,none
U007,2024-09-07 12:45:00,73.2,1,0.0,1.0,0,none,0,none
U007,2024-09-07 13:05:00,73.4,1,0.0,0.91,0,none,0,none
U007,2024-09-07 13:10:00,71.5,1,0.0,1.19,0,none,4346,low
U007,2024-09-07 13:20:00,71.7,1,0.0,1.09,0,none,0,none
U007,2024-09-07 13:30:00,71.6,1,0.0,0.89,0,none,0,none
U007,2024-09-07 13:35:00,72.3,1,0.0,1.1,0,none,0,none
U007,2024-09-07 13:55:00,73.4,1,0.0,0.96,0,none,0,none
U007,2024-09-07 14:05:00,73.7,1,4.2,0.98,60,snack,0,none
U007,2024-09-07 14:10:00,73.2,1,0.0,1.04,0,none,0,none
U007,2024-09-07 14:25:00,71.8,1,0.0,0.89,0,none,0,none
U007,2024-09-07 14:40:00,73.1,1,0.0,0.99,0,none,0,none
U007,2024-09-07 14:50:00,72.3,1,0.0,0.94,0,none,0,none
U007,2024-09-07 15:00:00,73.7,0,0.0,1.17,0,none,0,none
U007,2024-09-07 15:15:00,73.1,1,0.0,1.01,0,none,0,none
U007,2024-09-07 15:25:00,73.6,1,0.0,0.93,0,none,0,none
U007,2024-09-07 15:30:00,73.9,1,0.0,1.02,0,none,0,none
U007,2024-09-07 15:40:00,73.9,1,0.0,0.83,0,none,0,none
U007,2024-09-07 15:45:00,73.2,1,0.0,1.19,0,none,0,none
U007,2024-09-07 15:55:00,74.4,1,0.0,1.03,0,none,0,none
U007,2024-09-07 16:10:00,74.5,1,0.0,1.03,0,none,0,none
U007,2024-09-07 16:20:00,74.8,1,0.0,0.98,0,none,0,none
U007,2024-09-07 16:25:00,74.6,1,0.0,0.99,0,none,0,none
U007,2024-09-07 16:35:00,74.2,1,0.0,0.84,0,none,0,none
U007,2024-09-07 16:40:00,74.3,1,0.0,0.88,0,none,0,none
U007,2024-09-07 16:45:00,73.9,1,0.0,1.18,0,none,0,none
U007,2024-09-07 17:10:00,71.4,1,0.0,0.87,0,none,0,none
U007,2024-09-07 17:35:00,71.1,1,0.0,1.05,0,none,0,none
U007,2024-09-07 17:40:00,71.7,1,0.0,0.96,0,none,0,none
U007,2024-09-07 17:45:00,71.3,1,0.0,1.19,0,none,0,none
U007,2024-09-07 17:55:00,70.9,1,0.0,1.14,0,none,0,none
U007,2024-09-07 18:00:00,71.6,1,0.0,0.84,0,none,0,none
U007,2024-09-07 18:05:00,71.9,1,0.0,1.18,0,none,0,none
U007,2024-09-07 18:10:00,71.8,1,0.0,1.16,0,none,0,none
U007,2024-09-07 18:15:00,71.8,1,0.0,0.82,0,none,0,none
U007,2024-09-07 18:20:00,71.8,1,0.0,1.17,0,none,0,none
U007,2024-09-07 18:30:00,71.4,1,0.0,0.87,0,none,0,none
U007,2024-09-07 18:35:00,71.9,1,0.0,0.91,0,none,0,none
U007,2024-09-07 18:40:00,71.2,1,0.0,1.04,0,none,0,none
U007,2024-09-07 18:45:00,71.1,1,0.0,0.82,0,none,0,none
U007,2024-09-07 19:00:00,70.4,1,0.0,1.08,0,none,0,none
U007,2024-09-07 19:05:00,70.0,0,0.0,1.12,0,none,0,none
U007,2024-09-07 19:20:00,70.0,1,0.0,0.86,0,none,0,none
U007,2024-09-07 19:25:00,70.0,1,0.0,0.93,0,none,0,none
U007,2024-09-07 19:35:00,71.1,1,0.0,1.12,0,none,0,none
U007,2024-09-07 19:40:00,71.4,1,0.0,1.07,0,none,0,none
U007,2024-09-07 19:45:00,71.5,1,0.0,1.19,0,none,0,none
U007,2024-09-07 19:50:00,70.9,1,0.0,1.11,0,none,0,none
U007,2024-09-07 19:55:00,71.3,1,0.0,1.14,0,none,0,none
U007,2024-09-07 20:00:00,72.1,1,0.0,0.91,0,none,0,none
U007,2024-09-07 20:05:00,72.1,1,0.0,1.09,0,none,0,none
U007,2024-09-07 20:10:00,72.3,1,0.0,1.07,0,none,0,none
U007,2024-09-07 20:15:00,71.5,1,0.0,1.08,0,none,0,none
U007,2024-09-07 20:20:00,70.8,1,0.0,1.1,0,none,0,none
U007,2024-09-07 20:25:00,70.7,1,0.0,0.93,0,none,0,none
U007,2024-09-07 20:45:00,71.7,1,0.0,0.83,0,none,0,none
U007,2024-09-07 21:05:00,72.8,1,0.0,1.14,0,none,0,none
U007,2024-09-07 21:20:00,73.6,1,0.0,1.07,0,none,0,none
U007,2024-09-07 21:25:00,73.7,1,0.0,1.14,0,none,0,none
U007,2024-09-07 21:35:00,73.4,1,0.0,1.03,0,none,0,none
U007,2024-09-07 21:45:00,72.8,1,0.0,1.14,0,none,0,none
U007,2024-09-07 21:50:00,72.6,1,0.0,1.0,0,none,0,none
U007,2024-09-07 22:00:00,73.4,1,0.0,1.04,0,none,0,none
U007,2024-09-07 22:05:00,73.0,1,0.0,0.87,0,none,0,none
U007,2024-09-07 22:15:00,72.8,1,0.0,0.9,0,none,0,none
U007,2024-09-07 22:25:00,72.7,1,0.0,0.99,0,none,0,none
U007,2024-09-07 22:30:00,73.3,1,0.0,0.96,0,none,0,none
U007,2024-09-07 22:35:00,73.0,1,0.0,0.97,0,none,0,none
U007,2024-09-07 22:45:00,73.9,1,0.0,0.87,0,none,0,none
U007,2024-09-07 22:50:00,73.5,1,0.0,1.0,0,none,0,none
U007,2024-09-07 22:55:00,73.2,1,0.0,1.02,0,none,0,none
U007,2024-09-07 23:05:00,73.3,1,0.0,1.1,60,lunch,0,none
U007,2024-09-07 23:10:00,73.5,1,0.0,0.82,0,none,0,none
U007,2024-09-07 23:15:00,73.2,1,0.0,0.94,0,none,0,none
U007,2024-09-07 23:20:00,73.4,1,0.0,1.08,0,none,0,none
U007,2024-09-07 23:50:00,73.8,1,0.0,1.18,0,none,0,none
U007,2024-09-08 00:05:00,73.9,1,0.0,0.9,0,none,0,none
U007,2024-09-08 00:30:00,73.5,1,0.0,1.07,0,none,0,none
U007,2024-09-08 00:40:00,73.2,1,0.0,0.97,0,none,0,none
U007,2024-09-08 00:45:00,70.5,1,0.0,0.85,90,breakfast,1293,low
U007,2024-09-08 00:50:00,71.3,1,0.0,1.07,0,none,0,none
U007,2024-09-08 00:55:00,71.3,1,0.0,1.0,0,none,0,none
U007,2024-09-08 01:00:00,71.2,1,0.0,0.95,0,none,0,none
U007,2024-09-08 01:05:00,70.7,1,0.0,1.19,0,none,0,none
U007,2024-09-08 01:10:00,71.1,1,0.0,1.0,0,none,0,none
U007,2024-09-08 01:15:00,70.5,1,0.0,1.08,0,none,0,none
U007,2024-09-08 01:20:00,70.5,1,0.0,0.85,0,none,0,none
U007,2024-09-08 01:25:00,70.3,1,0.0,1.06,0,none,0,none
U007,2024-09-08 01:30:00,70.8,1,0.0,1.19,0,none,0,none
U007,2024-09-08 01:35:00,70.6,1,0.0,1.2,0,none,0,none
U007,2024-09-08 01:40:00,70.0,1,4.2,1.02,45,lunch,0,none
U007,2024-09-08 01:45:00,70.0,1,0.0,0.88,0,none,0,none
U007,2024-09-08 01:50:00,70.0,1,0.0,1.09,0,none,0,none
U007,2024-09-08 01:55:00,70.0,1,0.0,1.13,0,none,0,none
U007,2024-09-08 02:15:00,72.0,1,0.0,1.01,0,none,0,none
U007,2024-09-08 02:40:00,73.5,1,0.0,1.11,0,none,0,none
U007,2024-09-08 02:45:00,74.3,1,0.0,1.11,0,none,0,none
U007,2024-09-08 02:55:00,74.6,1,0.0,1.14,0,none,0,none
U007,2024-09-08 03:05:00,74.3,1,0.0,1.12,0,none,0,none
U007,2024-09-08 03:20:00,74.5,1,0.0,0.84,0,none,0,none
U007,2024-09-08 03:25:00,74.2,1,0.0,1.02,0,none,0,none
U007,2024-09-08 03:30:00,73.6,1,0.0,1.13,0,none,0,none
U007,2024-09-08 03:35:00,73.5,1,0.0,0.98,0,none,0,none
U007,2024-09-08 03:40:00,73.4,1,0.0,0.92,0,none,0,none
U007,2024-09-08 03:50:00,73.5,1,0.0,1.05,0,none,0,none
U007,2024-09-08 03:55:00,74.2,1,0.0,0.95,0,none,0,none
U007,2024-09-08 04:00:00,73.2,1,0.0,0.99,0,none,0,none
U007,2024-09-08 04:05:00,71.9,1,0.0,1.14,0,none,1988,medium
U007,2024-09-08 04:10:00,71.3,1,0.0,0.89,0,none,0,none
U007,2024-09-08 04:40:00,72.1,1,0.0,0.82,0,none,0,none
U007,2024-09-08 04:45:00,72.3,1,0.0,0.92,0,none,0,none
U007,2024-09-08 04:50:00,73.2,1,0.0,1.11,0,none,0,none
U007,2024-09-08 05:10:00,74.1,1,0.0,0.93,0,none,0,none
U007,2024-09-08 05:20:00,75.4,1,0.0,1.13,0,none,0,none
U007,2024-09-08 05:35:00,75.5,1,0.0,0.81,0,none,0,none
U007,2024-09-08 05:45:00,75.6,1,0.0,1.19,0,none,0,none
U007,2024-09-08 05:55:00,76.1,1,1.6,0.87,30,dinner,0,none
U007,2024-09-08 06:00:00,76.7,1,0.0,1.18,0,none,0,none
U007,2024-09-08 06:05:00,76.4,1,0.0,0.92,0,none,0,none
U007,2024-09-08 06:10:00,76.1,1,0.0,0.92,0,none,0,none
U007,2024-09-08 06:15:00,76.5,1,0.0,0.99,0,none,0,none
U007,2024-09-08 06:20:00,76.0,1,0.0,1.1,0,none,0,none
U007,2024-09-08 06:25:00,76.6,1,0.0,1.15,0,none,0,none
U007,2024-09-08 06:35:00,77.5,1,0.0,1.04,0,none,0,none
U007,2024-09-08 06:40:00,78.2,1,0.0,1.0,0,none,0,none
U007,2024-09-08 06:45:00,78.6,1,0.0,0.93,0,none,0,none
U007,2024-09-08 06:50:00,78.8,1,0.0,0.86,0,none,0,none
U007,2024-09-08 07:00:00,76.1,1,0.0,1.07,0,none,0,none
U007,2024-09-08 07:05:00,76.4,1,0.0,0.98,0,none,0,none
U007,2024-09-08 07:10:00,76.5,1,0.0,0.84,0,none,0,none
U007,2024-09-08 07:15:00,76.6,1,0.0,0.85,0,none,0,none
U007,2024-09-08 07:20:00,76.1,1,0.0,1.05,0,none,0,none
U007,2024-09-08 07:30:00,76.1,1,0.0,0.94,0,none,0,none
U007,2024-09-08 07:35:00,76.3,1,0.0,0.82,0,none,0,none
U007,2024-09-08 07:45:00,75.7,1,0.0,0.95,0,none,0,none
U007,2024-09-08 07:55:00,77.0,1,0.0,1.12,0,none,0,none
U007,2024-09-08 08:00:00,76.8,1,0.0,0.8,0,none,0,none
U007,2024-09-08 08:10:00,76.7,1,0.0,1.06,0,none,0,none
U007,2024-09-08 08:15:00,76.5,1,5.0,0.95,60,breakfast,0,none
U007,2024-09-08 08:20:00,76.9,1,0.0,0.9,0,none,0,none
U007,2024-09-08 08:25:00,76.7,1,0.0,0.96,0,none,0,none
U007,2024-09-08 08:30:00,75.9,1,0.0,1.1,0,none,0,none
U007,2024-09-08 08:35:00,74.0,1,0.0,1.0,0,none,3126,medium
U007,2024-09-08 08:45:00,74.7,1,0.0,1.18,0,none,0,none
U007,2024-09-08 09:10:00,74.2,1,0.0,0.96,0,none,0,none
U007,2024-09-08 09:15:00,75.0,1,0.0,1.08,0,none,0,none
U007,2024-09-08 09:20:00,75.9,1,0.0,0.89,0,none,0,none
U007,2024-09-08 09:25:00,75.9,1,0.0,0.96,0,none,0,none
U007,2024-09-08 09:45:00,77.1,1,0.0,0.84,0,none,0,none
U007,2024-09-08 09:50:00,77.5,1,0.0,0.93,0,none,0,none
U007,2024-09-08 10:00:00,77.7,1,0.0,0.99,0,none,0,none
U007,2024-09-08 10:15:00,79.5,1,0.0,1.13,0,none,0,none
U007,2024-09-08 10:20:00,79.4,1,0.0,0.97,0,none,0,none
U007,2024-09-08 10:25:00,78.9,1,0.0,1.12,0,none,0,none
U007,2024-09-08 10:35:00,80.0,1,0.0,1.04,0,none,0,none
U007,2024-09-08 10:45:00,79.9,1,0.0,1.04,0,none,0,none
U007,2024-09-08 10:50:00,80.0,1,6.7,0.83,90,breakfast,0,none
U007,2024-09-08 10:55:00,80.5,1,0.0,0.83,0,none,0,none
U007,2024-09-08 11:10:00,81.3,1,5.0,0.98,60,dinner,0,none
U007,2024-09-08 11:20:00,82.1,1,0.0,0.88,0,none,0,none
U007,2024-09-08 11:25:00,82.1,1,0.0,1.15,0,none,0,none
U007,2024-09-08 11:30:00,82.0,1,0.0,0.91,0,none,0,none
U007,2024-09-08 11:40:00,81.7,1,0.0,0.88,0,none,0,none
U007,2024-09-08 11:45:00,81.9,1,0.0,1.07,0,none,0,none
U007,2024-09-08 11:50:00,82.2,1,0.0,1.05,0,none,0,none
U007,2024-09-08 11:55:00,82.7,1,0.0,0.83,0,none,0,none
U007,2024-09-08 12:00:00,82.8,1,0.0,0.99,0,none,0,none
U007,2024-09-08 12:05:00,83.8,1,0.0,1.16,0,none,0,none
U007,2024-09-08 12:15:00,83.5,1,0.0,1.04,0,none,0,none
U007,2024-09-08 12:25:00,84.7,1,7.6,1.19,90,dinner,0,none
U007,2024-09-08 12:30:00,84.5,1,0.0,0.93,0,none,0,none
U007,2024-09-08 12:35:00,84.5,1,0.0,1.18,0,none,0,none
U007,2024-09-08 12:40:00,85.2,1,0.0,0.99,0,none,0,none
U007,2024-09-08 12:55:00,85.1,1,0.0,0.98,0,none,0,none
U007,2024-09-08 13:00:00,84.8,1,0.0,1.11,0,none,0,none
U007,2024-09-08 13:20:00,85.7,1,0.0,0.91,0,none,0,none
U007,2024-09-08 13:30:00,85.5,1,0.0,1.1,0,none,0,none
U007,2024-09-08 14:05:00,85.7,1,0.0,0.95,0,none,0,none
U007,2024-09-08 14:10:00,85.7,1,0.0,1.12,0,none,0,none
U007,2024-09-08 14:20:00,86.3,1,0.0,0.84,0,none,0,none
U007,2024-09-08 14:30:00,86.4,1,0.0,0.84,0,none,0,none
U007,2024-09-08 14:35:00,87.1,1,3.7,1.1,45,dinner,0,none
U007,2024-09-08 14:45:00,87.1,1,0.0,0.84,0,none,0,none
U007,2024-09-08 15:00:00,86.1,1,0.0,0.85,0,none,0,none
U007,2024-09-08 15:05:00,87.2,1,0.0,0.95,0,none,0,none
U007,2024-09-08 15:10:00,86.6,1,0.0,0.83,0,none,0,none
U007,2024-09-08 15:15:00,87.1,1,0.0,0.89,0,none,0,none
U007,2024-09-08 15:25:00,86.5,1,5.9,1.05,75,snack,0,none
U007,2024-09-08 15:45:00,87.0,1,0.0,1.01,0,none,0,none
U007,2024-09-08 15:50:00,87.1,1,0.0,1.17,0,none,0,none
U007,2024-09-08 15:55:00,86.1,1,0.0,0.98,0,none,0,none
U007,2024-09-08 16:00:00,86.7,1,0.0,0.97,0,none,0,none
U007,2024-09-08 16:05:00,86.6,1,0.0,0.92,0,none,0,none
U007,2024-09-08 16:10:00,86.3,1,0.0,0.98,0,none,0,none
U007,2024-09-08 16:25:00,85.9,1,0.0,0.92,0,none,0,none
U007,2024-09-08 16:30:00,85.6,1,0.0,0.89,0,none,0,none
U007,2024-09-08 16:45:00,85.2,1,0.0,0.99,0,none,0,none
U007,2024-09-08 16:50:00,85.5,1,0.0,1.16,0,none,0,none
U007,2024-09-08 16:55:00,85.6,1,0.0,1.04,0,none,0,none
U007,2024-09-08 17:05:00,85.7,1,0.0,1.16,0,none,0,none
U007,2024-09-08 17:20:00,85.2,1,0.0,0.96,0,none,0,none
U007,2024-09-08 17:25:00,85.7,1,0.0,1.05,0,none,0,none
U007,2024-09-08 17:30:00,85.4,1,0.0,1.07,0,none,0,none
U007,2024-09-08 17:35:00,85.6,1,0.0,1.04,0,none,0,none
U007,2024-09-08 17:40:00,85.7,1,0.0,0.88,0,none,0,none
U007,2024-09-08 17:50:00,86.2,1,0.0,0.98,0,none,0,none
U007,2024-09-08 17:55:00,85.6,1,0.0,1.17,0,none,0,none
U007,2024-09-08 18:00:00,85.8,1,0.0,0.83,0,none,0,none
U007,2024-09-08 18:05:00,85.6,1,0.0,1.11,0,none,0,none
U007,2024-09-08 18:10:00,85.4,1,0.0,0.91,0,none,0,none
U007,2024-09-08 18:15:00,86.1,1,0.0,1.0,0,none,0,none
U007,2024-09-08 18:30:00,86.6,1,0.0,0.8,0,none,0,none
U007,2024-09-08 18:40:00,87.1,1,0.0,1.16,0,none,0,none
U007,2024-09-08 18:45:00,86.3,1,0.0,1.2,0,none,0,none
U007,2024-09-08 18:55:00,86.0,1,0.0,0.83,0,none,0,none
U007,2024-09-08 19:00:00,85.4,1,0.0,1.18,0,none,0,none
U007,2024-09-08 19:05:00,85.3,1,0.0,0.91,0,none,0,none
U007,2024-09-08 19:10:00,84.6,1,0.0,1.18,0,none,0,none
U007,2024-09-08 19:20:00,86.1,1,0.0,0.93,0,none,0,none
U007,2024-09-08 19:25:00,86.6,1,0.0,1.09,0,none,0,none
U007,2024-09-08 19:30:00,86.3,1,0.0,0.8,0,none,0,none
U007,2024-09-08 19:35:00,86.4,1,0.0,0.97,0,none,0,none
U007,2024-09-08 19:40:00,86.6,1,0.0,0.95,0,none,0,none
U007,2024-09-08 19:45:00,86.9,1,0.0,0.96,0,none,0,none
U007,2024-09-08 19:55:00,87.8,1,0.0,1.01,0,none,0,none
U007,2024-09-08 20:00:00,87.9,1,8.2,1.06,90,snack,0,none
U007,2024-09-08 20:15:00,89.7,1,0.0,0.95,0,none,0,none
U007,2024-09-08 20:20:00,89.3,1,0.0,1.06,0,none,0,none
U007,2024-09-08 20:25:00,89.1,1,0.0,0.92,0,none,0,none
U007,2024-09-08 20:35:00,88.2,1,0.0,0.91,0,none,0,none
U007,2024-09-08 20:40:00,87.4,1,0.0,1.15,0,none,0,none
U007,2024-09-08 20:45:00,87.7,1,0.0,1.19,0,none,0,none
U007,2024-09-08 20:50:00,88.5,1,0.0,0.91,0,none,0,none
U007,2024-09-08 20:55:00,88.3,1,0.0,1.01,0,none,0,none
U007,2024-09-08 21:05:00,87.6,1,0.0,1.04,0,none,0,none
U007,2024-09-08 21:10:00,87.2,1,0.0,0.88,0,none,0,none
U007,2024-09-08 21:20:00,86.8,1,5.3,0.81,75,lunch,0,none
U007,2024-09-08 21:25:00,87.2,1,0.0,0.89,0,none,0,none
U007,2024-09-08 21:35:00,88.1,1,0.0,0.95,0,none,0,none
U007,2024-09-08 21:50:00,87.8,1,0.0,0.92,0,none,0,none
U007,2024-09-08 22:10:00,87.2,1,0.0,1.09,0,none,0,none
U007,2024-09-08 22:25:00,88.0,1,0.0,0.84,0,none,0,none
U007,2024-09-08 22:35:00,88.9,1,0.0,1.19,0,none,0,none
U007,2024-09-08 22:50:00,90.8,1,0.0,0.99,0,none,0,none
U007,2024-09-08 22:55:00,90.8,1,0.0,0.84,0,none,0,none
U007,2024-09-08 23:00:00,90.6,1,0.0,0.92,0,none,0,none
U007,2024-09-08 23:05:00,90.6,1,0.0,0.91,0,none,0,none
U007,2024-09-08 23:20:00,88.9,1,6.5,0.88,90,snack,0,none
U007,2024-09-08 23:25:00,89.3,1,0.0,0.8,0,none,0,none
U007,2024-09-08 23:30:00,90.2,1,0.0,1.09,0,none,0,none
U007,2024-09-08 23:40:00,90.8,1,0.0,0.85,0,none,0,none
U007,2024-09-08 23:45:00,89.8,1,0.0,0.87,0,none,0,none
U007,2024-09-09 00:05:00,89.6,1,0.0,0.81,0,none,0,none
U007,2024-09-09 00:15:00,90.9,1,0.0,1.17,0,none,0,none
U007,2024-09-09 00:20:00,91.4,1,0.0,0.89,0,none,0,none
U007,2024-09-09 00:25:00,92.1,1,3.3,0.88,45,lunch,0,none
U007,2024-09-09 00:50:00,93.1,1,0.0,1.16,0,none,0,none
U007,2024-09-09 00:55:00,92.7,1,0.0,0.8,0,none,0,none
U007,2024-09-09 01:00:00,93.0,1,0.0,1.17,0,none,0,none
U007,2024-09-09 01:10:00,93.6,1,0.0,0.83,0,none,0,none
U007,2024-09-09 01:15:00,92.7,0,2.8,1.0,30,dinner,0,none
U007,2024-09-09 01:20:00,92.8,1,0.0,1.0,0,none,0,none
U007,2024-09-09 01:30:00,93.3,1,0.0,1.17,0,none,0,none
U007,2024-09-09 01:45:00,92.7,1,0.0,1.08,0,none,0,none
U007,2024-09-09 01:55:00,93.1,1,0.0,0.86,0,none,0,none
U007,2024-09-09 02:00:00,92.7,1,0.0,0.84,0,none,0,none
U007,2024-09-09 02:05:00,93.1,1,0.0,1.04,0,none,0,none
U007,2024-09-09 02:10:00,93.9,1,0.0,0.9,0,none,0,none
U007,2024-09-09 02:15:00,95.1,1,0.0,0.85,0,none,0,none
U007,2024-09-09 02:45:00,93.4,1,0.0,0.91,0,none,0,none
U007,2024-09-09 02:55:00,93.7,1,0.0,1.06,0,none,0,none
U007,2024-09-09 03:05:00,94.2,1,5.5,1.17,75,snack,0,none
U007,2024-09-09 03:10:00,93.6,1,0.0,1.16,0,none,0,none
U007,2024-09-09 03:15:00,93.8,1,0.0,0.87,0,none,0,none
U007,2024-09-09 03:25:00,93.4,1,0.0,0.89,0,none,0,none
U007,2024-09-09 03:35:00,92.6,1,0.0,0.92,0,none,0,none
U007,2024-09-09 03:45:00,93.6,1,0.0,0.88,0,none,0,none
U007,2024-09-09 03:55:00,93.5,1,0.0,0.85,0,none,0,none
U007,2024-09-09 04:00:00,93.2,1,0.0,1.05,0,none,0,none
U007,2024-09-09 04:05:00,93.4,1,0.0,0.8,0,none,0,none
U007,2024-09-09 04:10:00,94.2,1,0.0,1.09,0,none,0,none
U007,2024-09-09 04:25:00,94.3,1,0.0,0.81,0,none,0,none
U007,2024-09-09 04:35:00,92.2,1,0.0,0.83,0,none,0,none
U007,2024-09-09 04:40:00,92.9,1,0.0,1.08,0,none,0,none
U007,2024-09-09 04:55:00,92.1,1,0.0,0.96,0,none,0,none
U007,2024-09-09 05:00:00,91.6,1,0.0,0.94,0,none,0,none
U007,2024-09-09 05:05:00,92.0,1,0.0,1.15,0,none,0,none
U007,2024-09-09 05:10:00,92.6,1,0.0,1.05,0,none,0,none
U007,2024-09-09 05:30:00,91.4,1,0.0,0.91,0,none,0,none
U007,2024-09-09 05:40:00,92.4,1,0.0,0.97,0,none,0,none
U007,2024-09-09 05:45:00,93.0,1,0.0,1.11,0,none,0,none
U007,2024-09-09 05:55:00,95.0,1,0.0,0.87,0,none,0,none
U007,2024-09-09 06:00:00,95.5,1,0.0,1.14,0,none,0,none
U007,2024-09-09 06:15:00,94.0,1,0.0,1.09,0,none,0,none
U007,2024-09-09 06:20:00,94.1,1,0.0,0.93,0,none,0,none
U007,2024-09-09 06:30:00,94.4,1,0.0,0.92,0,none,0,none
U007,2024-09-09 06:35:00,94.2,1,0.0,0.88,0,none,0,none
U007,2024-09-09 06:40:00,94.7,1,0.0,1.04,0,none,0,none
U007,2024-09-09 06:55:00,96.6,1,0.0,1.0,0,none,0,none
U007,2024-09-09 07:05:00,97.8,1,0.0,1.08,0,none,0,none
U007,2024-09-09 07:10:00,97.3,1,0.0,1.03,0,none,0,none
U007,2024-09-09 07:20:00,95.5,1,0.0,1.03,0,none,0,none
U007,2024-09-09 07:40:00,94.8,1,0.0,1.01,0,none,0,none
U007,2024-09-09 07:45:00,95.2,1,0.0,1.18,0,none,0,none
U007,2024-09-09 07:50:00,95.4,1,2.8,0.84,30,lunch,0,none
U007,2024-09-09 07:55:00,96.1,1,0.0,1.15,0,none,0,none
U007,2024-09-09 08:00:00,96.3,1,0.0,0.88,0,none,0,none
U007,2024-09-09 08:10:00,95.7,1,0.0,1.01,0,none,0,none
U007,2024-09-09 08:15:00,96.2,1,0.0,0.9,0,none,0,none
U007,2024-09-09 08:20:00,97.0,1,0.0,0.93,0,none,0,none
U007,2024-09-09 08:40:00,97.2,1,0.0,0.94,0,none,0,none
U007,2024-09-09 08:45:00,97.4,1,0.0,1.12,0,none,0,none
U007,2024-09-09 09:05:00,96.6,1,0.0,0.83,0,none,0,none
U007,2024-09-09 09:10:00,96.9,1,0.0,1.02,0,none,0,none
U007,2024-09-09 09:15:00,97.4,1,0.0,0.89,0,none,0,none
U007,2024-09-09 09:20:00,97.2,1,0.0,1.02,0,none,0,none
U007,2024-09-09 09:25:00,97.8,1,0.0,0.83,0,none,0,none
U007,2024-09-09 09:30:00,97.6,1,0.0,1.03,0,none,0,none
U007,2024-09-09 09:45:00,97.9,1,0.0,0.94,0,none,0,none
U007,2024-09-09 09:55:00,97.8,1,0.0,0.81,0,none,0,none
U007,2024-09-09 10:05:00,98.0,1,0.0,0.97,0,none,0,none
U007,2024-09-09 10:15:00,97.7,1,0.0,0.9,0,none,2916,medium
U007,2024-09-09 10:25:00,97.2,1,0.0,0.99,0,none,0,none
U007,2024-09-09 10:35:00,97.6,1,0.0,1.02,0,none,0,none
U007,2024-09-09 10:40:00,96.4,1,0.0,0.98,0,none,0,none
U007,2024-09-09 10:50:00,96.4,1,0.0,1.02,0,none,0,none
U007,2024-09-09 10:55:00,96.9,0,0.0,0.89,0,none,0,none
U007,2024-09-09 11:05:00,96.6,1,5.8,1.07,60,snack,0,none
U007,2024-09-09 11:15:00,95.4,1,0.0,1.17,0,none,0,none
U007,2024-09-09 11:20:00,95.4,1,0.0,1.08,0,none,0,none
U007,2024-09-09 11:40:00,95.4,1,0.0,1.17,0,none,0,none
U007,2024-09-09 11:50:00,95.6,1,0.0,1.01,0,none,0,none
U007,2024-09-09 11:55:00,96.2,1,0.0,1.06,0,none,0,none
U007,2024-09-09 12:05:00,97.1,1,0.0,1.15,0,none,0,none
U007,2024-09-09 12:20:00,95.9,1,0.0,1.17,0,none,0,none
U007,2024-09-09 12:25:00,95.8,1,0.0,0.86,0,none,0,none
U007,2024-09-09 12:30:00,95.3,1,0.0,0.88,0,none,0,none
U007,2024-09-09 12:35:00,95.3,1,0.0,1.14,0,none,0,none
U007,2024-09-09 12:40:00,95.0,1,0.0,0.83,0,none,0,none
U007,2024-09-09 12:45:00,95.0,1,0.0,0.97,0,none,0,none
U007,2024-09-09 12:50:00,94.3,1,0.0,1.05,0,none,0,none
U007,2024-09-09 12:55:00,93.5,1,0.0,1.02,0,none,0,none
U007,2024-09-09 13:05:00,94.0,1,0.0,0.9,0,none,0,none
U007,2024-09-09 13:10:00,93.5,1,0.0,1.11,0,none,0,none
U007,2024-09-09 13:20:00,93.6,1,0.0,0.99,0,none,0,none
U007,2024-09-09 13:25:00,92.0,1,0.0,0.94,0,none,0,none
U007,2024-09-09 13:30:00,93.2,1,0.0,0.93,0,none,0,none
U007,2024-09-09 13:40:00,92.6,1,0.0,0.83,0,none,0,none
U007,2024-09-09 13:45:00,92.7,1,0.0,1.18,0,none,0,none
U007,2024-09-09 14:05:00,92.5,1,0.0,1.06,0,none,0,none
U007,2024-09-09 14:15:00,93.2,1,0.0,0.97,0,none,0,none
U007,2024-09-09 14:20:00,92.0,1,0.0,1.14,0,none,0,none
U007,2024-09-09 14:35:00,92.4,1,0.0,0.97,0,none,0,none
U007,2024-09-09 14:40:00,92.5,1,0.0,0.93,0,none,0,none
U007,2024-09-09 14:45:00,92.3,1,0.0,1.04,0,none,0,none
U007,2024-09-09 14:50:00,92.3,1,0.0,0.84,0,none,0,none
U007,2024-09-09 15:00:00,93.4,1,0.0,0.82,0,none,0,none
U007,2024-09-09 15:05:00,93.5,1,0.0,0.89,0,none,0,none
U007,2024-09-09 15:15:00,92.9,1,0.0,0.96,0,none,0,none
U007,2024-09-09 15:20:00,92.4,1,0.0,0.96,0,none,0,none
U007,2024-09-09 15:25:00,92.8,1,0.0,1.19,0,none,0,none
U007,2024-09-09 15:30:00,92.7,1,0.0,1.07,0,none,0,none
U007,2024-09-09 15:45:00,92.6,1,0.0,1.03,0,none,0,none
U007,2024-09-09 16:00:00,92.7,1,0.0,0.81,0,none,0,none
U007,2024-09-09 16:10:00,92.9,1,0.0,1.18,0,none,0,none
U007,2024-09-09 16:20:00,92.0,1,0.0,1.08,0,none,0,none
U007,2024-09-09 16:35:00,91.9,1,0.0,0.91,0,none,0,none
U007,2024-09-09 16:40:00,93.3,1,0.0,1.12,0,none,0,none
U007,2024-09-09 16:50:00,94.2,1,0.0,0.82,0,none,0,none
U007,2024-09-09 16:55:00,95.0,1,0.0,1.14,0,none,0,none
U007,2024-09-09 17:35:00,95.3,1,0.0,1.15,0,none,0,none
U007,2024-09-09 17:40:00,95.4,1,0.0,1.14,0,none,0,none
U007,2024-09-09 17:50:00,96.3,1,0.0,1.07,0,none,0,none
U007,2024-09-09 17:55:00,97.1,1,0.0,0.85,0,none,0,none
U007,2024-09-09 18:10:00,99.0,1,0.0,0.9,0,none,0,none
U007,2024-09-09 18:20:00,99.2,1,0.0,0.84,0,none,0,none
U007,2024-09-09 18:25:00,99.4,1,0.0,1.09,0,none,0,none
U007,2024-09-09 18:30:00,99.9,1,0.0,1.14,0,none,0,none
U007,2024-09-09 18:40:00,99.7,1,0.0,1.09,0,none,0,none
U007,2024-09-09 18:45:00,99.6,1,5.7,0.93,75,dinner,0,none
U007,2024-09-09 18:55:00,100.4,1,5.4,0.92,60,lunch,0,none
U007,2024-09-09 19:00:00,100.2,1,0.0,1.19,0,none,0,none
U007,2024-09-09 19:05:00,100.5,1,0.0,1.09,0,none,0,none
U007,2024-09-09 19:15:00,100.4,1,0.0,1.03,0,none,0,none
U007,2024-09-09 19:25:00,100.7,1,0.0,1.11,0,none,0,none
U007,2024-09-09 19:30:00,100.8,1,3.0,0.94,30,lunch,0,none
U007,2024-09-09 19:35:00,101.1,1,0.0,1.15,0,none,0,none
U007,2024-09-09 19:40:00,101.1,1,0.0,1.15,0,none,0,none
U007,2024-09-09 19:45:00,101.4,1,0.0,0.99,0,none,0,none
U007,2024-09-09 19:50:00,102.1,1,0.0,1.11,0,none,0,none
U007,2024-09-09 19:55:00,102.4,1,0.0,1.12,0,none,0,none
U007,2024-09-09 20:00:00,102.3,1,0.0,1.13,0,none,0,none
U007,2024-09-09 20:05:00,102.8,1,6.8,1.04,75,snack,0,none
U007,2024-09-09 20:10:00,102.2,1,0.0,1.04,0,none,0,none
U007,2024-09-09 20:20:00,102.2,1,0.0,1.0,0,none,0,none
U007,2024-09-09 20:40:00,102.7,1,0.0,0.97,0,none,0,none
U007,2024-09-09 20:45:00,102.8,1,0.0,0.83,0,none,0,none
U007,2024-09-09 20:50:00,103.0,1,0.0,0.9,0,none,0,none
U007,2024-09-09 20:55:00,102.6,1,7.2,1.15,90,breakfast,0,none
U007,2024-09-09 21:00:00,102.2,1,3.7,0.87,45,snack,0,none
U007,2024-09-09 21:05:00,102.5,1,0.0,1.05,0,none,0,none
U007,2024-09-09 21:10:00,102.6,1,0.0,0.94,0,none,0,none
U007,2024-09-09 21:15:00,102.1,1,0.0,1.07,0,none,0,none
U007,2024-09-09 21:20:00,101.6,1,0.0,1.12,0,none,0,none
U007,2024-09-09 21:25:00,102.3,1,0.0,0.94,0,none,0,none
U007,2024-09-09 21:30:00,102.0,1,0.0,1.05,0,none,0,none
U007,2024-09-09 21:35:00,102.8,1,0.0,0.81,0,none,0,none
U007,2024-09-09 21:40:00,102.0,1,0.0,1.07,0,none,0,none
U007,2024-09-09 21:45:00,103.0,1,0.0,1.07,0,none,0,none
U007,2024-09-09 21:55:00,103.2,1,0.0,0.99,0,none,0,none
U007,2024-09-09 22:00:00,102.8,1,0.0,1.02,0,none,0,none
U007,2024-09-09 22:05:00,103.4,1,0.0,0.86,0,none,0,none
U007,2024-09-09 22:10:00,103.4,1,0.0,0.96,0,none,0,none
U007,2024-09-09 22:15:00,103.5,1,0.0,1.01,0,none,0,none
U007,2024-09-09 22:20:00,103.4,1,0.0,1.05,0,none,0,none
U008,2024-09-01 00:00:00,129.6,1,0.0,0.98,0,none,0,none
U008,2024-09-01 00:15:00,129.6,1,0.0,0.84,0,none,0,none
U008,2024-09-01 00:20:00,129.9,1,0.0,0.9,0,none,0,none
U008,2024-09-01 00:25:00,129.4,1,0.0,0.83,0,none,0,none
U008,2024-09-01 00:35:00,130.2,1,0.0,1.1,0,none,0,none
U008,2024-09-01 00:50:00,130.1,1,0.0,0.81,0,none,0,none
U008,2024-09-01 00:55:00,130.6,1,0.0,0.84,0,none,0,none
U008,2024-09-01 01:10:00,130.7,1,4.8,1.09,60,snack,0,none
U008,2024-09-01 01:15:00,130.4,1,0.0,1.1,0,none,0,none
U008,2024-09-01 01:20:00,128.0,1,6.0,0.9,60,snack,0,none
U008,2024-09-01 01:50:00,113.5,1,0.0,0.95,0,none,0,none
U008,2024-09-01 01:55:00,112.2,1,0.0,1.14,0,none,0,none
U008,2024-09-01 02:00:00,110.9,1,0.0,1.1,0,none,0,none
U008,2024-09-01 02:05:00,110.2,1,0.0,0.84,0,none,0,none
U008,2024-09-01 02:15:00,109.0,1,0.0,1.15,0,none,0,none
U008,2024-09-01 02:20:00,108.3,1,0.0,0.99,0,none,0,none
U008,2024-09-01 02:25:00,107.8,1,0.0,0.9,0,none,4348,high
U008,2024-09-01 02:35:00,107.8,1,0.0,1.0,0,none,0,none
U008,2024-09-01 02:40:00,107.3,1,0.0,0.92,0,none,0,none
U008,2024-09-01 02:45:00,107.4,1,0.0,0.88,0,none,0,none
U008,2024-09-01 02:55:00,108.2,1,0.0,1.15,0,none,0,none
U008,2024-09-01 03:10:00,109.3,1,0.0,1.11,0,none,0,none
U008,2024-09-01 03:30:00,109.2,1,0.0,0.88,0,none,0,none
U008,2024-09-01 03:35:00,109.3,1,7.6,0.89,75,breakfast,0,none
U008,2024-09-01 03:40:00,110.2,1,0.0,0.81,0,none,0,none
U008,2024-09-01 03:50:00,110.5,1,0.0,0.94,0,none,0,none
U008,2024-09-01 04:00:00,109.2,1,0.0,1.05,0,none,2503,high
U008,2024-09-01 04:20:00,109.4,1,7.2,0.95,90,lunch,0,none
U008,2024-09-01 04:30:00,109.5,0,0.0,1.11,0,none,0,none
U008,2024-09-01 04:35:00,108.3,1,0.0,0.85,0,none,0,none
U008,2024-09-01 04:40:00,108.0,1,0.0,0.84,0,none,0,none
U008,2024-09-01 04:45:00,107.6,1,0.0,1.09,0,none,0,none
U008,2024-09-01 04:50:00,107.5,1,0.0,1.08,0,none,0,none
U008,2024-09-01 05:05:00,107.7,1,0.0,0.83,0,none,0,none
U008,2024-09-01 05:20:00,108.2,1,0.0,0.98,0,none,0,none
U008,2024-09-01 05:25:00,108.6,1,0.0,0.8,0,none,0,none
U008,2024-09-01 05:35:00,109.1,1,0.0,1.18,0,none,0,none
U008,2024-09-01 05:40:00,109.6,1,0.0,1.09,0,none,0,none
U008,2024-09-01 05:50:00,109.9,1,0.0,0.93,0,none,0,none
U008,2024-09-01 05:55:00,110.5,1,0.0,0.99,0,none,0,none
U008,2024-09-01 06:00:00,111.7,1,0.0,0.9,0,none,0,none
U008,2024-09-01 06:05:00,112.0,1,0.0,1.12,0,none,0,none
U008,2024-09-01 06:10:00,112.7,1,0.0,0.8,0,none,0,none
U008,2024-09-01 06:15:00,112.3,1,0.0,0.96,0,none,0,none
U008,2024-09-01 06:20:00,111.4,1,0.0,1.08,0,none,0,none
U008,2024-09-01 06:30:00,111.5,1,0.0,1.01,0,none,0,none
U008,2024-09-01 06:45:00,112.2,1,0.0,0.94,0,none,0,none
U008,2024-09-01 07:00:00,113.0,1,0.0,0.87,0,none,0,none
U008,2024-09-01 07:15:00,111.3,1,0.0,0.87,0,none,0,none
U008,2024-09-01 07:30:00,111.9,1,0.0,1.04,0,none,0,none
U008,2024-09-01 07:35:00,112.1,1,0.0,1.05,0,none,0,none
U008,2024-09-01 07:45:00,111.5,1,0.0,1.19,0,none,0,none
U008,2024-09-01 07:50:00,110.0,1,0.0,1.11,0,none,2630,high
U008,2024-09-01 07:55:00,109.5,1,0.0,1.06,0,none,0,none
U008,2024-09-01 08:00:00,109.3,1,0.0,1.17,0,none,0,none
U008,2024-09-01 08:10:00,110.1,1,0.0,0.82,0,none,0,none
U008,2024-09-01 08:15:00,110.3,1,0.0,0.89,0,none,0,none
U008,2024-09-01 08:20:00,110.9,1,0.0,1.15,0,none,0,none
U008,2024-09-01 08:30:00,111.0,1,0.0,1.01,0,none,0,none
U008,2024-09-01 08:35:00,110.8,1,0.0,0.92,0,none,0,none
U008,2024-09-01 08:40:00,110.3,1,0.0,1.02,0,none,0,none
U008,2024-09-01 08:55:00,110.5,1,0.0,1.17,0,none,0,none
U008,2024-09-01 09:00:00,110.6,1,0.0,1.19,0,none,0,none
U008,2024-09-01 09:05:00,111.4,1,0.0,1.14,0,none,0,none
U008,2024-09-01 09:10:00,111.2,1,0.0,1.01,0,none,0,none
U008,2024-09-01 09:20:00,111.5,1,0.0,1.14,0,none,0,none
U008,2024-09-01 09:25:00,112.3,1,0.0,0.96,0,none,0,none
U008,2024-09-01 09:30:00,112.5,1,0.0,0.81,0,none,0,none
U008,2024-09-01 09:35:00,111.8,1,0.0,0.84,0,none,0,none
U008,2024-09-01 09:40:00,111.3,1,0.0,0.83,0,none,0,none
U008,2024-09-01 09:45:00,111.0,1,0.0,0.84,0,none,0,none
U008,2024-09-01 09:50:00,112.2,1,0.0,0.92,0,none,0,none
U008,2024-09-01 09:55:00,112.6,1,0.0,1.01,0,none,0,none
U008,2024-09-01 10:00:00,113.6,1,0.0,1.04,0,none,0,none
U008,2024-09-01 10:05:00,113.7,1,0.0,1.03,0,none,0,none
U008,2024-09-01 10:15:00,114.8,1,4.5,1.1,45,snack,0,none
U008,2024-09-01 10:25:00,115.3,1,0.0,0.9,0,none,0,none
U008,2024-09-01 10:30:00,115.1,1,0.0,1.1,0,none,0,none
U008,2024-09-01 10:40:00,115.5,1,0.0,1.14,0,none,0,none
U008,2024-09-01 10:45:00,114.2,1,0.0,1.17,0,none,1671,low
U008,2024-09-01 10:55:00,114.2,1,0.0,1.06,0,none,0,none
U008,2024-09-01 11:00:00,114.2,1,0.0,0.83,0,none,0,none
U008,2024-09-01 11:05:00,114.3,1,0.0,0.89,0,none,0,none
U008,2024-09-01 11:10:00,114.1,1,0.0,1.04,0,none,0,none
U008,2024-09-01 11:20:00,114.5,1,0.0,1.01,0,none,0,none
U008,2024-09-01 11:30:00,114.1,1,0.0,1.1,0,none,0,none
U008,2024-09-01 11:35:00,113.5,1,0.0,0.9,0,none,0,none
U008,2024-09-01 11:45:00,113.2,1,0.0,0.95,0,none,0,none
U008,2024-09-01 11:50:00,112.9,1,0.0,1.04,0,none,0,none
U008,2024-09-01 11:55:00,113.3,1,0.0,1.14,0,none,0,none
U008,2024-09-01 12:15:00,114.6,1,0.0,0.81,0,none,0,none
U008,2024-09-01 12:20:00,114.2,1,0.0,1.07,0,none,0,none
U008,2024-09-01 12:35:00,114.7,1,0.0,1.13,0,none,0,none
U008,2024-09-01 12:45:00,113.7,1,0.0,0.8,0,none,0,none
U008,2024-09-01 12:50:00,113.4,1,0.0,0.83,0,none,0,none
U008,2024-09-01 12:55:00,113.4,1,0.0,0.97,0,none,0,none
U008,2024-09-01 13:00:00,111.9,1,0.0,1.05,0,none,0,none
U008,2024-09-01 13:05:00,112.2,1,0.0,1.01,0,none,0,none
U008,2024-09-01 13:10:00,112.7,1,0.0,1.09,0,none,0,none
U008,2024-09-01 13:15:00,112.5,1,0.0,1.02,0,none,0,none
U008,2024-09-01 13:35:00,111.6,1,0.0,1.13,0,none,0,none
U008,2024-09-01 13:40:00,112.0,1,0.0,1.08,0,none,0,none
U008,2024-09-01 13:50:00,112.5,1,0.0,0.91,0,none,0,none
U008,2024-09-01 13:55:00,112.8,1,0.0,0.89,0,none,0,none
U008,2024-09-01 14:00:00,112.0,1,0.0,0.87,0,none,0,none
U008,2024-09-01 14:10:00,110.9,1,0.0,0.95,0,none,0,none
U008,2024-09-01 14:20:00,111.4,1,0.0,1.02,0,none,0,none
U008,2024-09-01 14:30:00,110.6,1,0.0,0.87,0,none,0,none
U008,2024-09-01 14:40:00,111.2,1,0.0,1.1,0,none,0,none
U008,2024-09-01 14:50:00,111.5,1,1.8,1.04,30,snack,0,none
U008,2024-09-01 14:55:00,111.7,1,0.0,0.91,0,none,0,none
U008,2024-09-01 15:00:00,112.7,1,0.0,0.82,0,none,0,none
U008,2024-09-01 15:05:00,113.1,1,0.0,0.91,0,none,0,none
U008,2024-09-01 15:15:00,112.9,1,0.0,0.91,0,none,0,none
U008,2024-09-01 15:30:00,112.0,1,0.0,1.19,0,none,0,none
U008,2024-09-01 15:35:00,111.5,1,0.0,0.91,0,none,0,none
U008,2024-09-01 15:45:00,111.9,1,0.0,1.13,0,none,0,none
U008,2024-09-01 15:50:00,112.1,1,0.0,1.02,0,none,0,none
U008,2024-09-01 16:05:00,112.4,1,0.0,1.12,0,none,0,none
U008,2024-09-01 16:10:00,111.1,1,0.0,1.15,0,none,1182,low
U008,2024-09-01 16:15:00,110.9,1,0.0,0.99,0,none,0,none
U008,2024-09-01 16:25:00,111.3,1,5.9,0.97,60,dinner,0,none
U008,2024-09-01 16:35:00,111.7,1,0.0,0.95,0,none,0,none
U008,2024-09-01 16:55:00,109.2,1,0.0,1.08,0,none,0,none
U008,2024-09-01 17:00:00,108.9,1,0.0,1.17,0,none,0,none
U008,2024-09-01 17:05:00,109.2,1,0.0,1.08,0,none,0,none
U008,2024-09-01 17:10:00,109.7,1,0.0,0.9,0,none,0,none
U008,2024-09-01 17:15:00,109.3,1,5.2,1.1,60,breakfast,0,none
U008,2024-09-01 17:20:00,109.7,1,0.0,0.81,0,none,0,none
U008,2024-09-01 17:25:00,108.4,1,0.0,0.84,0,none,2731,medium
U008,2024-09-01 17:40:00,108.1,1,0.0,1.11,0,none,0,none
U008,2024-09-01 17:45:00,107.9,1,0.0,1.08,0,none,0,none
U008,2024-09-01 17:55:00,108.7,1,0.0,0.86,0,none,0,none
U008,2024-09-01 18:05:00,108.1,1,0.0,1.03,0,none,0,none
U008,2024-09-01 18:10:00,108.1,1,0.0,0.93,0,none,0,none
U008,2024-09-01 18:25:00,108.3,1,0.0,1.11,0,none,0,none
U008,2024-09-01 18:35:00,108.8,1,0.0,0.84,0,none,0,none
U008,2024-09-01 18:40:00,108.9,1,0.0,0.98,0,none,0,none
U008,2024-09-01 18:45:00,107.9,1,0.0,0.81,0,none,0,none
U008,2024-09-01 18:55:00,108.3,1,0.0,0.88,0,none,0,none
U008,2024-09-01 19:00:00,107.7,1,0.0,0.93,0,none,0,none
U008,2024-09-01 19:05:00,107.5,1,0.0,1.08,0,none,0,none
U008,2024-09-01 19:30:00,108.5,1,0.0,0.86,0,none,0,none
U008,2024-09-01 19:35:00,106.4,1,0.0,0.86,0,none,1836,medium
U008,2024-09-01 19:40:00,106.3,1,0.0,0.91,0,none,0,none
U008,2024-09-01 19:45:00,107.8,1,0.0,1.17,0,none,0,none
U008,2024-09-01 19:55:00,108.6,1,0.0,1.19,0,none,0,none
U008,2024-09-01 20:10:00,108.7,1,0.0,0.88,0,none,0,none
U008,2024-09-01 20:35:00,107.5,1,0.0,0.86,0,none,0,none
U008,2024-09-01 20:50:00,107.7,1,0.0,0.93,0,none,0,none
U008,2024-09-01 20:55:00,107.8,1,0.0,0.89,0,none,0,none
U008,2024-09-01 21:15:00,107.3,1,0.0,1.03,0,none,0,none
U008,2024-09-01 21:20:00,108.1,1,0.0,1.15,0,none,0,none
U008,2024-09-01 21:30:00,109.0,1,0.0,0.99,0,none,0,none
U008,2024-09-01 21:35:00,108.3,0,0.0,0.81,0,none,0,none
U008,2024-09-01 21:45:00,107.9,1,0.0,0.99,0,none,0,none
U008,2024-09-01 21:55:00,107.8,1,0.0,0.97,0,none,0,none
U008,2024-09-01 22:00:00,108.3,1,0.0,0.99,0,none,0,none
U008,2024-09-01 22:05:00,108.3,1,0.0,0.92,0,none,0,none
U008,2024-09-01 22:10:00,108.9,1,0.0,1.06,0,none,0,none
U008,2024-09-01 22:25:00,110.4,1,0.0,0.97,0,none,0,none
U008,2024-09-01 22:30:00,111.4,1,0.0,1.03,0,none,0,none
U008,2024-09-01 22:35:00,110.8,1,0.0,1.1,0,none,0,none
U008,2024-09-01 22:40:00,110.7,1,0.0,1.05,0,none,0,none
U008,2024-09-01 23:10:00,113.0,1,0.0,0.99,0,none,0,none
U008,2024-09-01 23:25:00,113.7,1,0.0,1.08,0,none,0,none
U008,2024-09-01 23:35:00,115.2,1,0.0,1.06,0,none,0,none
U008,2024-09-01 23:40:00,115.6,1,0.0,1.03,0,none,0,none
U008,2024-09-01 23:55:00,116.8,1,0.0,0.88,0,none,0,none
U008,2024-09-02 00:00:00,117.0,1,0.0,0.84,0,none,0,none
U008,2024-09-02 00:15:00,116.7,1,0.0,1.1,0,none,0,none
U008,2024-09-02 00:20:00,116.6,1,0.0,0.87,0,none,0,none
U008,2024-09-02 00:30:00,117.5,1,0.0,1.08,0,none,0,none
U008,2024-09-02 00:35:00,117.1,1,0.0,0.84,0,none,0,none
U008,2024-09-02 00:40:00,117.3,1,0.0,0.83,0,none,0,none
U008,2024-09-02 00:45:00,117.4,1,7.5,1.02,90,lunch,0,none
U008,2024-09-02 00:55:00,117.0,1,0.0,0.93,0,none,0,none
U008,2024-09-02 01:15:00,115.2,1,0.0,0.82,0,none,2635,high
U008,2024-09-02 01:20:00,114.9,1,0.0,0.89,0,none,0,none
U008,2024-09-02 01:30:00,115.0,1,0.0,1.1,0,none,0,none
U008,2024-09-02 01:35:00,114.9,1,0.0,1.1,0,none,0,none
U008,2024-09-02 01:40:00,115.1,1,0.0,0.84,0,none,0,none
U008,2024-09-02 01:45:00,115.3,1,0.0,0.94,0,none,0,none
U008,2024-09-02 01:50:00,115.6,1,0.0,1.03,0,none,0,none
U008,2024-09-02 02:15:00,116.2,1,0.0,0.96,0,none,0,none
U008,2024-09-02 02:20:00,115.9,1,0.0,1.09,0,none,0,none
U008,2024-09-02 02:25:00,116.4,1,0.0,1.0,0,none,0,none
U008,2024-09-02 02:45:00,116.7,1,0.0,0.94,0,none,0,none
U008,2024-09-02 02:55:00,116.1,1,0.0,1.04,0,none,0,none
U008,2024-09-02 03:00:00,116.0,1,0.0,0.98,0,none,0,none
U008,2024-09-02 03:05:00,116.5,1,0.0,0.88,0,none,0,none
U008,2024-09-02 03:10:00,116.4,1,0.0,0.99,0,none,0,none
U008,2024-09-02 03:15:00,116.2,1,0.0,1.09,0,none,0,none
U008,2024-09-02 03:20:00,116.6,1,0.0,0.99,0,none,0,none
U008,2024-09-02 03:25:00,116.7,1,0.0,0.86,0,none,0,none
U008,2024-09-02 03:30:00,117.3,1,9.0,1.01,90,snack,0,none
U008,2024-09-02 03:35:00,117.5,1,0.0,0.88,0,none,0,none
U008,2024-09-02 03:50:00,117.3,1,0.0,1.13,0,none,0,none
U008,2024-09-02 03:55:00,116.8,1,0.0,1.18,0,none,0,none
U008,2024-09-02 04:00:00,117.5,1,0.0,1.02,0,none,0,none
U008,2024-09-02 04:05:00,117.7,1,0.0,1.16,0,none,0,none
U008,2024-09-02 04:10:00,117.5,1,0.0,0.87,0,none,0,none
U008,2024-09-02 04:30:00,117.4,1,0.0,1.13,0,none,0,none
U008,2024-09-02 04:40:00,116.9,1,0.0,0.92,0,none,0,none
U008,2024-09-02 04:50:00,117.9,1,0.0,0.86,0,none,0,none
U008,2024-09-02 04:55:00,117.3,1,6.1,1.2,60,breakfast,0,none
U008,2024-09-02 05:10:00,116.2,1,0.0,0.98,0,none,0,none
U008,2024-09-02 05:15:00,115.8,1,0.0,1.04,0,none,0,none
U008,2024-09-02 05:20:00,116.4,1,0.0,1.05,0,none,0,none
U008,2024-09-02 05:30:00,115.9,1,0.0,0.86,0,none,0,none
U008,2024-09-02 05:35:00,115.9,1,0.0,0.95,0,none,0,none
U008,2024-09-02 05:40:00,116.3,1,5.2,1.09,60,lunch,0,none
U008,2024-09-02 05:45:00,116.6,1,0.0,0.83,0,none,0,none
U008,2024-09-02 05:55:00,117.3,1,0.0,1.02,0,none,0,none
U008,2024-09-02 06:00:00,117.8,1,0.0,1.09,0,none,0,none
U008,2024-09-02 06:05:00,117.2,1,0.0,0.87,0,none,0,none
U008,2024-09-02 06:10:00,116.3,1,0.0,0.96,0,none,0,none
U008,2024-09-02 06:15:00,116.3,1,0.0,0.81,0,none,0,none
U008,2024-09-02 06:30:00,115.6,1,0.0,0.91,0,none,0,none
U008,2024-09-02 06:40:00,117.7,1,0.0,0.97,0,none,0,none
U008,2024-09-02 06:55:00,117.1,1,0.0,1.13,0,none,0,none
U008,2024-09-02 07:10:00,117.8,1,0.0,0.87,0,none,0,none
U008,2024-09-02 07:15:00,118.4,1,0.0,1.0,0,none,0,none
U008,2024-09-02 07:20:00,117.6,1,0.0,1.17,0,none,0,none
U008,2024-09-02 07:25:00,117.8,1,0.0,0.98,0,none,0,none
U008,2024-09-02 07:30:00,118.5,1,5.7,1.12,60,dinner,0,none
U008,2024-09-02 07:35:00,118.3,1,0.0,0.81,0,none,0,none
U008,2024-09-02 07:40:00,118.9,1,0.0,1.13,0,none,0,none
U008,2024-09-02 07:45:00,118.9,1,0.0,0.85,0,none,0,none
U008,2024-09-02 07:50:00,118.7,1,0.0,1.08,0,none,0,none
U008,2024-09-02 08:05:00,118.2,0,0.0,1.1,0,none,0,none
U008,2024-09-02 08:10:00,118.2,1,0.0,0.93,0,none,0,none
U008,2024-09-02 08:15:00,118.2,1,0.0,1.01,0,none,0,none
U008,2024-09-02 08:20:00,118.5,1,0.0,0.9,0,none,0,none
U008,2024-09-02 08:30:00,118.7,1,0.0,1.05,0,none,0,none
U008,2024-09-02 08:35:00,118.3,1,0.0,0.98,0,none,0,none
U008,2024-09-02 08:40:00,118.4,1,0.0,1.03,0,none,0,none
U008,2024-09-02 08:45:00,118.0,1,0.0,1.01,0,none,0,none
U008,2024-09-02 08:50:00,118.1,1,0.0,0.84,0,none,0,none
U008,2024-09-02 08:55:00,118.3,1,0.0,1.0,0,none,0,none
U008,2024-09-02 09:00:00,117.8,1,0.0,1.03,0,none,0,none
U008,2024-09-02 09:05:00,118.0,1,0.0,0.87,0,none,0,none
U008,2024-09-02 09:10:00,117.9,1,0.0,1.03,0,none,0,none
U008,2024-09-02 09:20:00,118.4,1,0.0,1.08,0,none,0,none
U008,2024-09-02 09:35:00,118.1,1,0.0,0.87,0,none,0,none
U008,2024-09-02 09:40:00,117.6,1,0.0,0.82,0,none,0,none
U008,2024-09-02 09:50:00,117.0,1,0.0,1.07,0,none,0,none
U008,2024-09-02 09:55:00,116.3,1,0.0,1.15,0,none,0,none
U008,2024-09-02 10:00:00,116.4,1,0.0,1.0,0,none,0,none
U008,2024-09-02 10:05:00,116.7,1,0.0,1.17,0,none,0,none
U008,2024-09-02 10:10:00,116.4,1,0.0,1.04,0,none,0,none
U008,2024-09-02 10:15:00,116.6,1,0.0,0.9,0,none,0,none
U008,2024-09-02 10:20:00,116.5,1,0.0,0.88,0,none,0,none
U008,2024-09-02 10:25:00,116.0,1,0.0,1.17,75,snack,0,none
U008,2024-09-02 10:50:00,115.5,1,0.0,0.89,0,none,0,none
U008,2024-09-02 10:55:00,115.8,1,0.0,1.17,0,none,0,none
U008,2024-09-02 11:10:00,115.9,1,3.9,0.91,45,dinner,0,none
U008,2024-09-02 11:15:00,116.1,1,0.0,1.09,0,none,0,none
U008,2024-09-02 11:25:00,116.4,1,0.0,0.87,0,none,0,none
U008,2024-09-02 11:35:00,115.7,1,6.3,1.17,75,lunch,0,none
U008,2024-09-02 11:40:00,116.4,1,8.4,0.9,90,lunch,0,none
U008,2024-09-02 11:50:00,117.0,1,2.2,0.92,30,dinner,0,none
U008,2024-09-02 11:55:00,116.9,1,0.0,0.93,0,none,0,none
U008,2024-09-02 12:20:00,114.6,1,0.0,0.87,0,none,0,none
U008,2024-09-02 12:25:00,114.3,1,0.0,1.15,0,none,0,none
U008,2024-09-02 12:40:00,115.7,1,0.0,1.05,0,none,0,none
U008,2024-09-02 12:50:00,116.1,1,0.0,0.81,0,none,0,none
U008,2024-09-02 13:00:00,116.4,1,0.0,0.91,0,none,0,none
U008,2024-09-02 13:05:00,116.5,1,0.0,1.18,90,lunch,0,none
U008,2024-09-02 13:10:00,116.6,1,0.0,1.18,0,none,0,none
U008,2024-09-02 13:20:00,116.5,1,0.0,1.16,0,none,0,none
U008,2024-09-02 13:25:00,116.7,1,0.0,1.16,0,none,0,none
U008,2024-09-02 13:30:00,117.7,1,0.0,1.16,0,none,0,none
U008,2024-09-02 13:35:00,118.6,1,0.0,0.94,0,none,0,none
U008,2024-09-02 13:40:00,118.5,1,0.0,0.91,0,none,0,none
U008,2024-09-02 13:45:00,118.3,1,0.0,1.05,0,none,0,none
U008,2024-09-02 13:50:00,118.5,1,0.0,0.86,0,none,0,none
U008,2024-09-02 13:55:00,118.7,1,0.0,0.89,0,none,0,none
U008,2024-09-02 14:00:00,119.4,1,0.0,1.18,0,none,0,none
U008,2024-09-02 14:05:00,118.2,1,0.0,1.08,0,none,506,medium
U008,2024-09-02 14:10:00,117.8,1,0.0,0.86,0,none,0,none
U008,2024-09-02 14:15:00,118.6,1,0.0,0.87,0,none,0,none
U008,2024-09-02 14:25:00,119.8,1,0.0,1.18,0,none,0,none
U008,2024-09-02 14:30:00,119.5,1,0.0,1.13,0,none,0,none
U008,2024-09-02 14:40:00,118.8,1,0.0,0.84,0,none,0,none
U008,2024-09-02 14:45:00,119.0,1,0.0,1.03,0,none,0,none
U008,2024-09-02 14:50:00,119.3,1,0.0,0.84,0,none,0,none
U008,2024-09-02 14:55:00,119.0,1,0.0,0.84,0,none,0,none
U008,2024-09-02 15:05:00,120.2,1,0.0,1.01,0,none,0,none
U008,2024-09-02 15:15:00,119.3,1,0.0,0.82,0,none,0,none
U008,2024-09-02 15:20:00,118.8,1,0.0,1.12,0,none,0,none
U008,2024-09-02 15:25:00,119.2,1,0.0,0.89,0,none,0,none
U008,2024-09-02 15:35:00,118.3,1,0.0,1.14,0,none,0,none
U008,2024-09-02 15:40:00,118.8,1,0.0,1.13,0,none,0,none
U008,2024-09-02 15:45:00,118.9,1,0.0,1.03,0,none,0,none
U008,2024-09-02 15:55:00,119.5,1,0.0,0.84,0,none,0,none
U008,2024-09-02 16:00:00,118.6,1,0.0,1.14,0,none,0,none
U008,2024-09-02 16:05:00,118.5,1,0.0,1.0,0,none,0,none
U008,2024-09-02 16:10:00,118.8,1,0.0,1.08,0,none,0,none
U008,2024-09-02 16:15:00,119.3,1,0.0,1.07,0,none,0,none
U008,2024-09-02 16:20:00,119.6,1,0.0,1.14,0,none,0,none
U008,2024-09-02 16:25:00,119.0,1,0.0,0.98,0,none,0,none
U008,2024-09-02 16:30:00,119.3,1,0.0,0.82,0,none,0,none
U008,2024-09-02 16:35:00,119.2,1,0.0,1.02,0,none,0,none
U008,2024-09-02 16:40:00,119.3,1,0.0,0.94,0,none,0,none
U008,2024-09-02 16:45:00,119.9,1,0.0,0.86,0,none,0,none
U008,2024-09-02 16:55:00,120.5,1,0.0,1.08,0,none,0,none
U008,2024-09-02 17:00:00,120.5,1,0.0,0.93,0,none,0,none
U008,2024-09-02 17:10:00,119.7,1,0.0,0.89,0,none,0,none
U008,2024-09-02 17:15:00,120.1,1,0.0,0.84,0,none,0,none
U008,2024-09-02 17:20:00,119.7,1,0.0,0.82,0,none,0,none
U008,2024-09-02 17:40:00,120.4,1,0.0,1.02,0,none,0,none
U008,2024-09-02 17:45:00,119.9,1,0.0,0.98,0,none,0,none
U008,2024-09-02 17:50:00,120.2,1,0.0,1.08,0,none,0,none
U008,2024-09-02 18:00:00,120.8,1,0.0,1.12,0,none,0,none
U008,2024-09-02 18:05:00,120.2,1,0.0,0.85,0,none,0,none
U008,2024-09-02 18:10:00,120.5,1,0.0,0.84,0,none,0,none
U008,2024-09-02 18:15:00,120.6,1,0.0,1.13,0,none,0,none
U008,2024-09-02 18:30:00,117.7,1,0.0,1.03,0,none,0,none
U008,2024-09-02 18:35:00,117.2,1,0.0,0.82,0,none,0,none
U008,2024-09-02 18:45:00,119.4,1,0.0,0.82,0,none,0,none
U008,2024-09-02 18:55:00,120.4,1,0.0,0.98,0,none,0,none
U008,2024-09-02 19:05:00,119.6,1,0.0,1.08,0,none,0,none
U008,2024-09-02 19:10:00,119.9,1,0.0,0.94,0,none,0,none
U008,2024-09-02 19:15:00,120.1,1,0.0,1.12,0,none,0,none
U008,2024-09-02 19:20:00,119.7,0,0.0,0.92,0,none,0,none
U008,2024-09-02 19:30:00,121.0,1,0.0,0.97,0,none,0,none
U008,2024-09-02 19:35:00,120.5,1,0.0,0.9,0,none,0,none
U008,2024-09-02 19:40:00,119.8,1,0.0,1.14,0,none,0,none
U008,2024-09-02 19:45:00,119.5,1,0.0,0.82,0,none,0,none
U008,2024-09-02 19:55:00,119.4,1,0.0,1.05,0,none,0,none
U008,2024-09-02 20:10:00,120.2,1,0.0,0.84,0,none,0,none
U008,2024-09-02 20:20:00,119.9,1,0.0,1.19,0,none,0,none
U008,2024-09-02 20:45:00,120.7,1,0.0,0.96,0,none,0,none
U008,2024-09-02 20:50:00,121.1,1,0.0,0.92,0,none,0,none
U008,2024-09-02 20:55:00,121.1,1,0.0,1.08,0,none,0,none
U008,2024-09-02 21:00:00,120.1,1,0.0,1.11,0,none,0,none
U008,2024-09-02 21:05:00,120.4,1,0.0,1.16,0,none,0,none
U008,2024-09-02 21:10:00,120.5,1,0.0,1.11,0,none,0,none
U008,2024-09-02 21:40:00,121.0,1,0.0,1.06,0,none,0,none
U008,2024-09-02 21:45:00,121.1,1,0.0,1.09,0,none,0,none
U008,2024-09-02 21:50:00,122.3,1,0.0,0.92,30,breakfast,0,none
U008,2024-09-02 21:55:00,122.2,1,0.0,0.99,0,none,0,none
U008,2024-09-02 22:00:00,122.2,1,0.0,1.03,0,none,0,none
U008,2024-09-02 22:20:00,122.9,1,0.0,1.16,0,none,0,none
U008,2024-09-02 22:30:00,123.1,1,0.0,1.17,0,none,0,none
U008,2024-09-02 22:35:00,123.0,1,0.0,0.96,0,none,0,none
U008,2024-09-02 22:40:00,123.8,1,0.0,1.12,0,none,0,none
U008,2024-09-02 22:45:00,124.1,1,0.0,0.8,0,none,0,none
U008,2024-09-02 22:50:00,124.6,1,0.0,1.01,0,none,0,none
U008,2024-09-02 23:05:00,124.0,1,0.0,0.94,0,none,0,none
U008,2024-09-02 23:10:00,123.8,1,0.0,0.86,0,none,0,none
U008,2024-09-02 23:15:00,125.2,1,0.0,0.89,0,none,0,none
U008,2024-09-02 23:25:00,125.7,1,0.0,1.0,0,none,0,none
U008,2024-09-02 23:35:00,125.5,1,0.0,0.9,0,none,0,none
U008,2024-09-02 23:40:00,125.6,1,0.0,0.81,0,none,0,none
U008,2024-09-02 23:45:00,125.3,1,0.0,0.95,0,none,0,none
U008,2024-09-03 00:15:00,125.5,1,0.0,1.06,0,none,0,none
U008,2024-09-03 00:25:00,125.3,1,0.0,1.17,0,none,0,none
U008,2024-09-03 00:30:00,125.9,1,0.0,0.93,0,none,0,none
U008,2024-09-03 00:35:00,125.7,1,0.0,0.95,0,none,0,none
U008,2024-09-03 00:40:00,126.6,1,0.0,0.86,0,none,0,none
U008,2024-09-03 00:45:00,126.4,1,0.0,0.93,0,none,0,none
U008,2024-09-03 00:50:00,126.4,1,0.0,0.89,0,none,0,none
U008,2024-09-03 00:55:00,126.8,1,0.0,1.07,0,none,0,none
U008,2024-09-03 01:00:00,127.1,1,0.0,1.19,0,none,0,none
U008,2024-09-03 01:05:00,126.8,1,0.0,0.95,0,none,0,none
U008,2024-09-03 01:15:00,125.2,1,0.0,1.1,0,none,0,none
U008,2024-09-03 01:20:00,125.2,1,0.0,0.84,0,none,0,none
U008,2024-09-03 01:30:00,125.9,1,5.2,0.86,60,snack,0,none
U008,2024-09-03 01:50:00,125.3,1,0.0,1.08,0,none,0,none
U008,2024-09-03 02:00:00,124.7,1,0.0,1.01,0,none,0,none
U008,2024-09-03 02:05:00,124.3,1,0.0,0.98,0,none,0,none
U008,2024-09-03 02:20:00,124.6,1,0.0,0.89,0,none,0,none
U008,2024-09-03 02:25:00,125.0,1,0.0,1.16,0,none,0,none
U008,2024-09-03 02:30:00,126.0,1,0.0,0.8,0,none,0,none
U008,2024-09-03 02:35:00,126.7,0,0.0,1.17,0,none,0,none
U008,2024-09-03 02:45:00,127.6,1,0.0,0.9,0,none,0,none
U008,2024-09-03 02:55:00,126.4,1,7.3,1.07,75,breakfast,0,none
U008,2024-09-03 03:00:00,126.5,1,0.0,1.12,0,none,0,none
U008,2024-09-03 03:10:00,127.7,1,0.0,0.88,0,none,0,none
U008,2024-09-03 03:30:00,129.6,1,0.0,0.81,0,none,0,none
U008,2024-09-03 03:55:00,130.5,1,0.0,0.86,0,none,0,none
U008,2024-09-03 04:00:00,131.1,1,0.0,0.84,0,none,0,none
U008,2024-09-03 04:05:00,129.2,1,0.0,1.01,0,none,1584,high
U008,2024-09-03 04:10:00,129.5,1,0.0,1.16,0,none,0,none
U008,2024-09-03 04:15:00,129.0,1,0.0,1.16,0,none,0,none
U008,2024-09-03 04:45:00,130.0,1,0.0,1.12,0,none,0,none
U008,2024-09-03 05:05:00,130.7,1,0.0,0.81,0,none,0,none
U008,2024-09-03 05:15:00,130.2,1,0.0,0.82,0,none,0,none
U008,2024-09-03 05:20:00,130.8,1,0.0,1.05,0,none,0,none
U008,2024-09-03 05:25:00,131.1,1,0.0,1.0,0,none,0,none
U008,2024-09-03 05:30:00,130.6,1,3.2,1.12,30,dinner,0,none
U008,2024-09-03 05:45:00,130.1,1,0.0,0.94,0,none,0,none
U008,2024-09-03 05:50:00,129.9,1,0.0,1.09,0,none,0,none
U008,2024-09-03 06:00:00,129.4,1,0.0,1.07,0,none,0,none
U008,2024-09-03 06:10:00,128.2,1,0.0,1.11,0,none,0,none
U008,2024-09-03 06:15:00,128.8,1,0.0,0.97,0,none,0,none
U008,2024-09-03 06:30:00,128.5,1,0.0,1.14,0,none,0,none
U008,2024-09-03 06:35:00,128.9,1,0.0,0.91,0,none,0,none
U008,2024-09-03 06:50:00,130.0,1,0.0,0.97,0,none,0,none
U008,2024-09-03 07:00:00,130.3,1,0.0,1.01,0,none,0,none
U008,2024-09-03 07:05:00,129.7,1,0.0,0.97,0,none,0,none
U008,2024-09-03 07:10:00,129.1,1,0.0,0.98,0,none,0,none
U008,2024-09-03 07:15:00,129.0,1,0.0,0.84,0,none,0,none
U008,2024-09-03 07:25:00,129.5,1,0.0,1.17,0,none,0,none
U008,2024-09-03 07:40:00,130.8,1,0.0,1.03,0,none,0,none
U008,2024-09-03 07:55:00,129.1,1,0.0,1.15,0,none,0,none
U008,2024-09-03 08:00:00,128.6,1,0.0,1.02,0,none,0,none
U008,2024-09-03 08:05:00,128.7,1,0.0,1.08,0,none,0,none
U008,2024-09-03 08:10:00,128.4,1,0.0,1.18,0,none,0,none
U008,2024-09-03 08:15:00,129.1,1,0.0,1.12,0,none,0,none
U008,2024-09-03 08:20:00,130.1,1,0.0,0.93,0,none,0,none
U008,2024-09-03 08:25:00,129.4,1,0.0,1.09,0,none,1570,low
U008,2024-09-03 08:45:00,129.0,1,0.0,1.15,0,none,0,none
U008,2024-09-03 08:55:00,128.1,1,0.0,1.11,0,none,0,none
U008,2024-09-03 09:05:00,128.6,1,0.0,0.85,0,none,0,none
U008,2024-09-03 09:10:00,128.8,1,0.0,0.91,0,none,0,none
U008,2024-09-03 09:15:00,128.5,1,0.0,0.94,0,none,0,none
U008,2024-09-03 09:20:00,128.6,1,0.0,0.9,0,none,0,none
U008,2024-09-03 09:30:00,129.1,1,3.0,0.94,30,snack,0,none
U008,2024-09-03 09:35:00,128.6,1,0.0,0.87,0,none,0,none
U008,2024-09-03 09:40:00,128.1,1,0.0,1.07,0,none,0,none
U008,2024-09-03 09:45:00,127.6,1,0.0,1.02,0,none,0,none
U008,2024-09-03 10:00:00,127.2,1,0.0,0.93,0,none,0,none
U008,2024-09-03 10:10:00,126.6,1,0.0,0.84,0,none,0,none
U008,2024-09-03 10:30:00,127.2,1,0.0,1.12,0,none,0,none
U008,2024-09-03 10:40:00,126.0,1,0.0,1.18,0,none,0,none
U008,2024-09-03 10:45:00,126.3,1,0.0,1.08,0,none,0,none
U008,2024-09-03 10:55:00,124.9,1,0.0,0.94,0,none,0,none
U008,2024-09-03 11:00:00,125.0,1,0.0,0.83,0,none,0,none
U008,2024-09-03 11:05:00,125.1,1,0.0,0.85,0,none,0,none
U008,2024-09-03 11:10:00,125.7,1,0.0,1.09,0,none,0,none
U008,2024-09-03 11:15:00,125.9,1,0.0,1.19,0,none,0,none
U008,2024-09-03 11:25:00,125.6,1,0.0,0.81,0,none,0,none
U008,2024-09-03 11:35:00,127.2,1,0.0,1.04,0,none,0,none
U008,2024-09-03 11:40:00,126.0,1,0.0,1.1,0,none,987,medium
U008,2024-09-03 11:45:00,126.6,1,0.0,0.9,0,none,0,none
U008,2024-09-03 11:50:00,126.8,1,0.0,1.07,0,none,0,none
U008,2024-09-03 12:00:00,127.5,1,0.0,1.17,0,none,0,none
U008,2024-09-03 12:05:00,127.1,1,0.0,1.18,0,none,0,none
U008,2024-09-03 12:20:00,127.2,1,0.0,0.98,0,none,0,none
U008,2024-09-03 12:25:00,127.2,1,3.4,1.16,30,lunch,0,none
U008,2024-09-03 12:30:00,128.0,1,0.0,1.17,0,none,0,none
U008,2024-09-03 12:35:00,128.4,1,0.0,1.06,0,none,0,none
U008,2024-09-03 12:45:00,127.5,1,0.0,1.01,0,none,0,none
U008,2024-09-03 12:50:00,125.3,1,0.0,0.91,0,none,4055,medium
U008,2024-09-03 12:55:00,125.3,1,0.0,1.13,0,none,0,none
U008,2024-09-03 13:05:00,125.1,1,0.0,0.83,0,none,0,none
U008,2024-09-03 13:15:00,123.3,1,0.0,0.96,0,none,0,none
U008,2024-09-03 13:20:00,124.3,1,7.4,1.13,90,dinner,0,none
U008,2024-09-03 13:40:00,122.2,0,0.0,0.86,0,none,0,none
U008,2024-09-03 13:55:00,122.9,1,0.0,0.81,0,none,0,none
U008,2024-09-03 14:05:00,123.3,1,0.0,1.11,0,none,0,none
U008,2024-09-03 14:10:00,122.8,1,0.0,1.09,0,none,0,none
U008,2024-09-03 14:20:00,122.6,1,0.0,0.94,0,none,0,none
U008,2024-09-03 14:25:00,121.0,1,0.0,1.08,0,none,0,none
U008,2024-09-03 14:30:00,122.0,1,0.0,0.85,0,none,0,none
U008,2024-09-03 14:40:00,122.4,1,0.0,1.09,0,none,0,none
U008,2024-09-03 14:45:00,122.7,1,0.0,0.89,0,none,0,none
U008,2024-09-03 14:55:00,122.9,1,0.0,0.9,0,none,0,none
U008,2024-09-03 15:05:00,121.6,1,0.0,1.03,0,none,0,none
U008,2024-09-03 15:10:00,121.7,1,0.0,1.05,0,none,0,none
U008,2024-09-03 15:30:00,121.4,1,0.0,0.84,0,none,0,none
U008,2024-09-03 15:35:00,120.7,1,0.0,1.18,0,none,0,none
U008,2024-09-03 15:40:00,120.7,1,5.7,1.19,60,dinner,0,none
U008,2024-09-03 15:45:00,121.0,1,0.0,1.05,0,none,0,none
U008,2024-09-03 16:00:00,122.0,1,5.9,1.19,60,breakfast,0,none
U008,2024-09-03 16:05:00,121.9,1,0.0,1.03,0,none,0,none
U008,2024-09-03 16:10:00,122.4,1,0.0,0.93,0,none,0,none
U008,2024-09-03 16:20:00,122.5,1,0.0,1.14,0,none,0,none
U008,2024-09-03 16:25:00,122.2,1,0.0,1.1,0,none,0,none
U008,2024-09-03 16:30:00,121.3,1,0.0,0.86,0,none,0,none
U008,2024-09-03 16:35:00,121.2,1,0.0,1.04,0,none,0,none
U008,2024-09-03 16:45:00,121.9,1,0.0,1.07,0,none,0,none
U008,2024-09-03 16:50:00,122.4,1,0.0,0.94,0,none,0,none
U008,2024-09-03 16:55:00,122.4,1,0.0,1.14,0,none,0,none
U008,2024-09-03 17:00:00,122.4,1,0.0,0.98,0,none,0,none
U008,2024-09-03 17:15:00,124.8,1,0.0,1.15,0,none,0,none
U008,2024-09-03 17:20:00,124.9,1,0.0,1.05,0,none,0,none
U008,2024-09-03 17:25:00,125.3,1,0.0,0.88,0,none,0,none
U008,2024-09-03 17:30:00,125.2,1,0.0,1.15,0,none,0,none
U008,2024-09-03 17:35:00,124.7,1,0.0,0.84,0,none,0,none
U008,2024-09-03 17:50:00,125.1,1,0.0,0.84,0,none,0,none
U008,2024-09-03 17:55:00,125.7,1,0.0,1.14,0,none,0,none
U008,2024-09-03 18:05:00,126.8,1,0.0,1.06,0,none,0,none
U008,2024-09-03 18:10:00,125.4,1,0.0,1.13,0,none,1507,medium
U008,2024-09-03 18:15:00,124.8,1,0.0,0.83,0,none,0,none
U008,2024-09-03 18:20:00,125.6,1,0.0,1.07,0,none,0,none
U008,2024-09-03 18:25:00,125.8,1,0.0,0.91,0,none,0,none
U008,2024-09-03 18:30:00,125.6,1,0.0,1.01,0,none,0,none
U008,2024-09-03 18:40:00,125.4,1,0.0,1.14,0,none,0,none
U008,2024-09-03 18:45:00,125.4,1,0.0,0.82,0,none,0,none
U008,2024-09-03 18:50:00,125.8,1,0.0,1.16,0,none,0,none
U008,2024-09-03 19:00:00,126.2,1,0.0,1.18,0,none,0,none
U008,2024-09-03 19:10:00,125.5,1,0.0,1.13,0,none,0,none
U008,2024-09-03 19:15:00,125.9,1,0.0,0.92,0,none,0,none
U008,2024-09-03 19:25:00,125.1,1,0.0,0.96,0,none,0,none
U008,2024-09-03 19:30:00,124.6,1,0.0,0.82,0,none,0,none
U008,2024-09-03 19:40:00,123.7,1,0.0,1.04,0,none,0,none
U008,2024-09-03 19:45:00,124.0,1,0.0,1.01,0,none,0,none
U008,2024-09-03 19:50:00,124.1,1,0.0,0.81,0,none,0,none
U008,2024-09-03 19:55:00,124.0,1,0.0,0.82,0,none,0,none
U008,2024-09-03 20:00:00,122.9,1,0.0,0.94,0,none,0,none
U008,2024-09-03 20:05:00,121.4,1,0.0,0.95,0,none,0,none
U008,2024-09-03 20:10:00,120.9,1,0.0,0.84,0,none,0,none
U008,2024-09-03 20:15:00,121.7,1,0.0,1.1,0,none,0,none
U008,2024-09-03 20:20:00,122.1,1,0.0,1.18,0,none,0,none
U008,2024-09-03 20:25:00,121.4,1,0.0,0.9,0,none,0,none
U008,2024-09-03 20:30:00,120.2,1,4.6,0.89,45,dinner,0,none
U008,2024-09-03 20:35:00,119.3,1,0.0,0.89,0,none,0,none
U008,2024-09-03 20:40:00,119.5,1,0.0,0.84,0,none,0,none
U008,2024-09-03 20:55:00,118.6,1,0.0,1.15,0,none,0,none
U008,2024-09-03 21:00:00,118.9,1,0.0,1.09,0,none,0,none
U008,2024-09-03 21:05:00,119.3,1,0.0,0.81,0,none,0,none
U008,2024-09-03 21:10:00,119.6,1,0.0,1.05,0,none,0,none
U008,2024-09-03 21:15:00,119.1,1,0.0,1.09,0,none,0,none
U008,2024-09-03 21:20:00,119.1,1,0.0,1.13,0,none,0,none
U008,2024-09-03 21:35:00,117.6,1,0.0,1.0,0,none,2997,medium
U008,2024-09-03 21:40:00,118.4,1,0.0,1.01,0,none,0,none
U008,2024-09-03 21:45:00,118.0,1,0.0,0.9,0,none,0,none
U008,2024-09-03 21:50:00,117.9,1,0.0,0.98,0,none,0,none
U008,2024-09-03 22:00:00,118.6,1,0.0,1.08,0,none,0,none
U008,2024-09-03 22:10:00,119.0,1,0.0,1.16,0,none,0,none
U008,2024-09-03 22:15:00,118.1,1,0.0,0.86,0,none,0,none
U008,2024-09-03 22:25:00,118.3,1,0.0,0.84,0,none,0,none
U008,2024-09-03 22:30:00,117.9,1,0.0,1.03,0,none,0,none
U008,2024-09-03 22:35:00,117.3,1,0.0,1.13,0,none,0,none
U008,2024-09-03 22:40:00,118.6,1,0.0,0.81,0,none,0,none
U008,2024-09-03 22:50:00,117.9,1,0.0,1.17,0,none,0,none
U008,2024-09-03 22:55:00,118.4,1,0.0,0.9,0,none,0,none
U008,2024-09-03 23:05:00,118.9,1,0.0,0.92,0,none,0,none
U008,2024-09-03 23:10:00,118.5,1,0.0,1.07,0,none,0,none
U008,2024-09-03 23:15:00,118.6,1,0.0,0.85,0,none,0,none
U008,2024-09-03 23:20:00,118.8,1,8.4,1.06,90,lunch,0,none
U008,2024-09-03 23:25:00,118.0,1,0.0,0.9,0,none,3721,low
U008,2024-09-03 23:30:00,118.0,1,0.0,0.89,0,none,0,none
U008,2024-09-03 23:35:00,117.5,0,0.0,1.1,75,breakfast,0,none
U008,2024-09-03 23:40:00,117.5,1,0.0,1.13,0,none,0,none
U008,2024-09-03 23:45:00,117.7,1,0.0,1.0,0,none,0,none
U008,2024-09-04 00:00:00,116.7,1,0.0,0.96,0,none,0,none
U008,2024-09-04 00:05:00,116.7,1,0.0,0.84,0,none,0,none
U008,2024-09-04 00:15:00,117.0,1,0.0,1.09,0,none,0,none
U008,2024-09-04 00:20:00,116.1,1,0.0,0.91,0,none,0,none
U008,2024-09-04 00:35:00,116.6,1,0.0,1.03,0,none,0,none
U008,2024-09-04 00:40:00,116.2,1,0.0,1.17,0,none,0,none
U008,2024-09-04 00:50:00,115.7,1,0.0,1.01,0,none,0,none
U008,2024-09-04 00:55:00,115.6,1,0.0,0.86,0,none,0,none
U008,2024-09-04 01:00:00,115.0,1,0.0,1.14,0,none,0,none
U008,2024-09-04 01:20:00,115.5,1,0.0,0.84,0,none,0,none
U008,2024-09-04 01:25:00,115.7,1,0.0,0.93,0,none,0,none
U008,2024-09-04 01:30:00,116.0,1,0.0,0.95,0,none,0,none
U008,2024-09-04 01:35:00,116.1,1,0.0,1.02,0,none,0,none
U008,2024-09-04 01:50:00,116.2,1,0.0,1.02,0,none,0,none
U008,2024-09-04 01:55:00,113.8,1,0.0,0.95,0,none,1574,medium
U008,2024-09-04 02:00:00,114.1,1,0.0,1.16,0,none,0,none
U008,2024-09-04 02:10:00,114.2,1,0.0,0.87,0,none,0,none
U008,2024-09-04 02:15:00,115.3,1,0.0,0.94,0,none,0,none
U008,2024-09-04 02:20:00,115.1,1,0.0,0.93,0,none,0,none
U008,2024-09-04 02:30:00,115.2,1,0.0,1.15,0,none,0,none
U008,2024-09-04 02:35:00,115.1,1,0.0,0.91,0,none,0,none
U008,2024-09-04 02:40:00,114.7,1,0.0,1.04,0,none,0,none
U008,2024-09-04 02:50:00,114.7,1,0.0,1.01,0,none,0,none
U008,2024-09-04 02:55:00,114.8,1,0.0,0.97,0,none,0,none
U008,2024-09-04 03:05:00,115.4,1,0.0,0.85,0,none,0,none
U008,2024-09-04 03:15:00,114.6,1,0.0,0.93,0,none,0,none
U008,2024-09-04 03:20:00,114.5,1,0.0,1.03,0,none,0,none
U008,2024-09-04 03:25:00,114.6,1,0.0,0.95,0,none,0,none
U008,2024-09-04 03:30:00,114.9,1,0.0,1.03,0,none,0,none
U008,2024-09-04 03:35:00,115.2,1,0.0,1.14,0,none,0,none
U008,2024-09-04 03:45:00,115.6,1,0.0,0.89,0,none,0,none
U008,2024-09-04 04:00:00,115.1,1,0.0,1.05,0,none,0,none
U008,2024-09-04 04:05:00,113.8,1,0.0,1.2,0,none,0,none
U008,2024-09-04 04:15:00,113.7,1,0.0,0.87,0,none,0,none
U008,2024-09-04 04:25:00,113.7,1,0.0,1.0,0,none,0,none
U008,2024-09-04 04:30:00,113.2,1,0.0,0.94,0,none,0,none
U008,2024-09-04 04:45:00,114.1,1,0.0,1.09,0,none,0,none
U008,2024-09-04 04:50:00,114.4,1,0.0,1.06,0,none,0,none
U008,2024-09-04 05:10:00,114.1,1,0.0,1.19,0,none,0,none
U008,2024-09-04 05:15:00,115.2,1,0.0,0.97,0,none,0,none
U008,2024-09-04 05:30:00,116.3,1,0.0,0.92,0,none,0,none
U008,2024-09-04 05:40:00,117.0,1,0.0,0.96,0,none,0,none
U008,2024-09-04 06:00:00,116.2,1,0.0,0.83,0,none,0,none
U008,2024-09-04 06:30:00,115.3,1,0.0,0.98,0,none,0,none
U008,2024-09-04 06:35:00,115.4,1,0.0,0.93,0,none,0,none
U008,2024-09-04 06:40:00,115.0,1,0.0,0.82,0,none,0,none
U008,2024-09-04 06:50:00,115.3,1,0.0,1.1,0,none,0,none
U008,2024-09-04 06:55:00,114.7,1,0.0,0.95,0,none,0,none
U008,2024-09-04 07:05:00,116.3,1,0.0,1.04,0,none,0,none
U008,2024-09-04 07:10:00,116.8,1,0.0,0.96,0,none,0,none
U008,2024-09-04 07:15:00,118.2,1,0.0,1.14,0,none,0,none
U008,2024-09-04 07:20:00,118.7,1,0.0,1.09,0,none,0,none
U008,2024-09-04 07:25:00,118.5,1,0.0,1.07,0,none,0,none
U008,2024-09-04 07:35:00,118.0,1,0.0,1.09,0,none,0,none
U008,2024-09-04 07:50:00,117.8,1,0.0,0.84,0,none,0,none
U008,2024-09-04 07:55:00,118.1,1,0.0,1.15,0,none,0,none
U008,2024-09-04 08:05:00,117.8,1,0.0,1.02,0,none,0,none
U008,2024-09-04 08:10:00,118.6,1,0.0,0.83,0,none,0,none
U008,2024-09-04 08:15:00,118.7,1,0.0,1.0,0,none,0,none
U008,2024-09-04 08:20:00,118.9,1,0.0,1.19,0,none,0,none
U008,2024-09-04 08:25:00,118.9,1,0.0,0.83,0,none,4267,low
U008,2024-09-04 08:40:00,119.1,1,0.0,1.1,0,none,0,none
U008,2024-09-04 08:45:00,119.1,1,0.0,0.85,0,none,0,none
U008,2024-09-04 09:10:00,118.2,1,0.0,0.91,0,none,0,none
U008,2024-09-04 09:15:00,118.0,1,0.0,0.85,0,none,0,none
U008,2024-09-04 09:20:00,117.8,1,0.0,0.97,0,none,0,none
U008,2024-09-04 09:30:00,117.4,1,0.0,1.1,0,none,0,none
U008,2024-09-04 09:45:00,116.9,1,0.0,1.19,0,none,0,none
U008,2024-09-04 09:50:00,117.4,1,0.0,0.85,0,none,0,none
U008,2024-09-04 10:05:00,117.6,1,0.0,1.12,0,none,0,none
U008,2024-09-04 10:10:00,117.7,1,0.0,0.98,0,none,0,none
U008,2024-09-04 10:20:00,118.4,1,0.0,0.82,0,none,0,none
U008,2024-09-04 10:25:00,118.8,1,7.4,1.19,75,breakfast,0,none
U008,2024-09-04 10:35:00,117.7,1,0.0,0.9,0,none,0,none
U008,2024-09-04 10:40:00,117.1,1,0.0,1.04,0,none,0,none
U008,2024-09-04 10:50:00,115.5,1,0.0,1.07,0,none,0,none
U008,2024-09-04 10:55:00,116.0,1,5.9,0.86,75,lunch,0,none
U008,2024-09-04 11:00:00,116.6,1,0.0,1.19,0,none,0,none
U008,2024-09-04 11:20:00,115.4,1,0.0,0.92,0,none,0,none
U008,2024-09-04 11:25:00,115.0,1,0.0,0.82,0,none,0,none
U008,2024-09-04 11:30:00,115.7,1,7.6,0.92,90,lunch,0,none
U008,2024-09-04 12:05:00,116.8,1,0.0,1.1,0,none,0,none
U008,2024-09-04 12:15:00,116.8,1,0.0,1.06,0,none,0,none
U008,2024-09-04 12:30:00,117.1,1,0.0,0.99,0,none,0,none
U008,2024-09-04 12:40:00,117.3,1,0.0,0.85,0,none,0,none
U008,2024-09-04 12:55:00,117.5,1,0.0,1.0,0,none,0,none
U008,2024-09-04 13:00:00,116.7,1,0.0,0.87,0,none,0,none
U008,2024-09-04 13:15:00,116.8,1,0.0,0.89,0,none,0,none
U008,2024-09-04 13:20:00,117.7,1,0.0,1.02,0,none,0,none
U008,2024-09-04 13:25:00,118.5,1,0.0,0.99,0,none,0,none
U008,2024-09-04 13:35:00,119.1,1,0.0,1.14,0,none,0,none
U008,2024-09-04 13:40:00,119.6,1,0.0,1.19,0,none,0,none
U008,2024-09-04 13:45:00,120.4,1,0.0,0.94,0,none,0,none
U008,2024-09-04 13:55:00,120.7,1,0.0,1.01,0,none,0,none
U008,2024-09-04 14:00:00,119.6,1,0.0,1.17,0,none,1652,medium
U008,2024-09-04 14:05:00,119.7,1,0.0,1.12,0,none,0,none
U008,2024-09-04 14:15:00,119.8,1,0.0,1.04,0,none,0,none
U008,2024-09-04 14:25:00,120.5,1,0.0,0.88,0,none,0,none
U008,2024-09-04 14:40:00,118.5,1,0.0,0.86,0,none,0,none
U008,2024-09-04 14:45:00,119.2,1,0.0,0.83,0,none,0,none
U008,2024-09-04 15:00:00,119.1,1,0.0,1.1,0,none,0,none
U008,2024-09-04 15:10:00,118.9,1,0.0,1.09,0,none,0,none
U008,2024-09-04 15:15:00,119.2,1,0.0,0.91,0,none,0,none
U008,2024-09-04 15:20:00,119.3,1,0.0,1.06,0,none,0,none
U008,2024-09-04 15:30:00,120.2,1,0.0,1.15,0,none,0,none
U008,2024-09-04 15:35:00,120.6,1,0.0,1.12,0,none,0,none
U008,2024-09-04 15:45:00,121.9,1,0.0,1.17,0,none,0,none
U008,2024-09-04 15:55:00,121.5,1,0.0,1.04,0,none,0,none
U008,2024-09-04 16:00:00,121.9,1,4.6,1.0,60,breakfast,0,none
U008,2024-09-04 16:05:00,121.7,1,0.0,0.84,0,none,0,none
U008,2024-09-04 16:10:00,121.8,1,0.0,1.15,0,none,0,none
U008,2024-09-04 16:15:00,122.1,1,0.0,0.8,0,none,0,none
U008,2024-09-04 16:30:00,124.0,1,0.0,1.2,0,none,0,none
U008,2024-09-04 16:45:00,126.0,1,0.0,1.2,0,none,0,none
U008,2024-09-04 16:55:00,127.0,1,0.0,1.02,0,none,0,none
U008,2024-09-04 17:00:00,126.9,1,0.0,1.08,0,none,0,none
U008,2024-09-04 17:10:00,126.9,1,0.0,1.1,0,none,0,none
U008,2024-09-04 17:15:00,126.6,1,0.0,1.09,0,none,0,none
U008,2024-09-04 17:20:00,126.8,1,0.0,1.16,0,none,0,none
U008,2024-09-04 17:30:00,126.0,1,0.0,1.11,0,none,0,none
U008,2024-09-04 17:45:00,125.3,1,0.0,0.96,0,none,0,none
U008,2024-09-04 17:50:00,125.0,1,0.0,0.9,0,none,0,none
U008,2024-09-04 17:55:00,124.9,1,0.0,1.04,0,none,0,none
U008,2024-09-04 18:00:00,124.9,1,0.0,1.01,0,none,0,none
U008,2024-09-04 18:10:00,125.5,1,0.0,1.17,0,none,0,none
U008,2024-09-04 18:20:00,126.3,1,0.0,0.85,0,none,0,none
U008,2024-09-04 18:35:00,126.9,0,0.0,0.95,0,none,0,none
U008,2024-09-04 18:40:00,126.7,1,0.0,1.07,0,none,0,none
U008,2024-09-04 18:45:00,126.7,1,0.0,1.04,0,none,0,none
U008,2024-09-04 18:50:00,126.4,1,0.0,0.86,0,none,0,none
U008,2024-09-04 19:05:00,126.2,1,7.0,0.82,75,lunch,0,none
U008,2024-09-04 19:10:00,126.4,1,0.0,0.92,0,none,0,none
U008,2024-09-04 19:25:00,125.6,1,0.0,0.9,0,none,0,none
U008,2024-09-04 19:35:00,125.5,1,0.0,0.86,0,none,0,none
U008,2024-09-04 19:50:00,124.0,1,0.0,1.0,0,none,0,none
U008,2024-09-04 19:55:00,124.4,1,0.0,0.91,0,none,0,none
U008,2024-09-04 20:20:00,124.8,1,0.0,1.12,0,none,0,none
U008,2024-09-04 20:35:00,125.9,1,0.0,0.87,0,none,0,none
U008,2024-09-04 20:50:00,126.3,1,0.0,0.9,0,none,0,none
U008,2024-09-04 20:55:00,125.7,1,0.0,1.02,0,none,0,none
U008,2024-09-04 21:15:00,126.9,1,0.0,1.02,0,none,0,none
U008,2024-09-04 21:25:00,126.9,1,0.0,1.18,0,none,0,none
U008,2024-09-04 21:30:00,126.5,1,0.0,1.08,0,none,0,none
U008,2024-09-04 21:35:00,127.1,1,0.0,0.83,0,none,0,none
U008,2024-09-04 21:40:00,127.5,1,0.0,1.11,0,none,0,none
U008,2024-09-04 21:50:00,127.5,1,0.0,1.03,0,none,0,none
U008,2024-09-04 21:55:00,128.2,1,0.0,0.87,0,none,0,none
U008,2024-09-04 22:05:00,128.9,1,0.0,1.14,0,none,0,none
U008,2024-09-04 22:10:00,129.3,1,0.0,0.95,0,none,0,none
U008,2024-09-04 22:15:00,129.8,1,0.0,0.83,0,none,0,none
U008,2024-09-04 22:20:00,129.0,1,0.0,0.92,0,none,0,none
U008,2024-09-04 22:25:00,129.5,1,6.2,1.01,75,breakfast,0,none
U008,2024-09-04 22:35:00,128.4,1,0.0,0.84,0,none,0,none
U008,2024-09-04 22:40:00,126.2,1,0.0,1.03,0,none,4746,high
U008,2024-09-04 22:55:00,125.9,1,0.0,0.82,0,none,0,none
U008,2024-09-04 23:15:00,126.2,1,0.0,0.93,45,breakfast,0,none
U008,2024-09-04 23:20:00,126.7,1,0.0,1.03,0,none,0,none
U008,2024-09-04 23:40:00,126.7,1,0.0,0.97,0,none,0,none
U008,2024-09-04 23:50:00,126.5,1,0.0,0.8,0,none,0,none
U008,2024-09-05 00:00:00,127.1,1,0.0,1.12,0,none,0,none
U008,2024-09-05 00:10:00,127.8,1,0.0,0.9,0,none,0,none
U008,2024-09-05 00:45:00,128.1,1,0.0,1.08,0,none,0,none
U008,2024-09-05 01:00:00,129.4,1,0.0,1.16,0,none,0,none
U008,2024-09-05 01:15:00,128.3,1,0.0,0.89,0,none,0,none
U008,2024-09-05 01:20:00,127.5,1,0.0,1.12,0,none,0,none
U008,2024-09-05 01:25:00,128.0,1,0.0,0.92,0,none,0,none
U008,2024-09-05 01:35:00,129.3,1,0.0,0.85,0,none,0,none
U008,2024-09-05 01:45:00,129.8,1,0.0,1.19,0,none,0,none
U008,2024-09-05 01:50:00,129.3,1,0.0,0.86,0,none,0,none
U008,2024-09-05 01:55:00,130.4,1,0.0,0.97,0,none,0,none
U008,2024-09-05 02:05:00,130.0,1,0.0,0.98,0,none,0,none
U008,2024-09-05 02:10:00,130.2,1,0.0,0.89,0,none,0,none
U008,2024-09-05 02:20:00,131.0,1,0.0,1.15,0,none,0,none
U008,2024-09-05 02:25:00,131.8,1,0.0,0.94,0,none,0,none
U008,2024-09-05 02:30:00,131.6,1,0.0,1.09,0,none,0,none
U008,2024-09-05 02:40:00,131.6,1,0.0,1.04,0,none,0,none
U008,2024-09-05 02:45:00,131.6,1,0.0,1.09,0,none,0,none
U008,2024-09-05 02:50:00,131.0,1,0.0,1.06,0,none,0,none
U008,2024-09-05 03:05:00,131.6,1,0.0,1.12,0,none,0,none
U008,2024-09-05 03:25:00,132.1,1,0.0,0.99,0,none,0,none
U008,2024-09-05 03:40:00,133.5,1,0.0,1.1,0,none,0,none
U008,2024-09-05 03:50:00,133.4,1,0.0,0.81,0,none,0,none
U008,2024-09-05 03:55:00,133.6,1,0.0,1.15,0,none,0,none
U008,2024-09-05 04:00:00,133.6,1,0.0,1.05,0,none,0,none
U008,2024-09-05 04:20:00,132.8,1,0.0,1.19,0,none,0,none
U008,2024-09-05 04:30:00,133.4,1,0.0,1.11,0,none,0,none
U008,2024-09-05 04:40:00,132.8,1,0.0,1.02,0,none,0,none
U008,2024-09-05 04:45:00,133.6,1,0.0,0.99,0,none,0,none
U008,2024-09-05 04:50:00,132.4,1,0.0,0.91,0,none,2690,high
U008,2024-09-05 05:05:00,133.1,1,0.0,0.89,0,none,0,none
U008,2024-09-05 05:20:00,133.8,1,0.0,1.01,0,none,0,none
U008,2024-09-05 05:25:00,133.4,1,0.0,1.13,0,none,0,none
U008,2024-09-05 05:35:00,133.2,1,0.0,0.85,0,none,0,none
U008,2024-09-05 05:45:00,133.1,1,6.2,0.92,75,snack,0,none
U008,2024-09-05 05:55:00,133.3,1,0.0,1.09,0,none,0,none
U008,2024-09-05 06:05:00,134.5,1,0.0,1.1,0,none,0,none
U008,2024-09-05 06:10:00,135.4,1,0.0,0.81,0,none,0,none
U008,2024-09-05 06:20:00,135.8,1,0.0,0.82,0,none,0,none
U008,2024-09-05 06:25:00,136.2,1,0.0,1.19,0,none,0,none
U008,2024-09-05 06:30:00,135.5,1,0.0,1.13,0,none,0,none
U008,2024-09-05 06:35:00,135.9,1,0.0,0.85,0,none,0,none
U008,2024-09-05 06:40:00,136.9,1,0.0,1.14,75,snack,0,none
U008,2024-09-05 06:45:00,137.4,1,0.0,0.87,0,none,0,none
U008,2024-09-05 06:50:00,136.0,1,0.0,1.05,0,none,0,none
U008,2024-09-05 06:55:00,136.4,1,0.0,1.01,0,none,0,none
U008,2024-09-05 07:05:00,134.7,0,2.4,1.05,30,lunch,0,none
U008,2024-09-05 07:10:00,133.7,1,0.0,1.11,0,none,0,none
U008,2024-09-05 07:20:00,134.0,0,0.0,1.02,0,none,0,none
U008,2024-09-05 07:25:00,134.0,1,0.0,0.98,0,none,0,none
U008,2024-09-05 07:35:00,133.6,1,0.0,1.15,0,none,0,none
U008,2024-09-05 07:50:00,133.8,1,0.0,1.17,0,none,0,none
U008,2024-09-05 07:55:00,134.1,1,0.0,0.91,0,none,0,none
U008,2024-09-05 08:05:00,133.9,1,0.0,1.0,0,none,0,none
U008,2024-09-05 08:10:00,133.2,1,0.0,0.97,0,none,0,none
U008,2024-09-05 08:20:00,133.6,1,0.0,0.92,0,none,0,none
U008,2024-09-05 08:30:00,133.4,1,0.0,1.16,0,none,0,none
U008,2024-09-05 08:35:00,133.5,1,0.0,0.95,0,none,0,none
U008,2024-09-05 08:45:00,132.1,1,0.0,1.05,0,none,0,none
U008,2024-09-05 08:50:00,132.3,1,0.0,1.0,0,none,0,none
U008,2024-09-05 08:55:00,132.0,1,0.0,1.07,0,none,0,none
U008,2024-09-05 09:00:00,132.3,1,0.0,0.97,0,none,0,none
U008,2024-09-05 09:05:00,132.3,1,0.0,1.12,0,none,0,none
U008,2024-09-05 09:10:00,132.0,1,0.0,1.16,0,none,766,medium
U008,2024-09-05 09:15:00,131.8,1,0.0,1.04,0,none,0,none
U008,2024-09-05 09:25:00,131.4,1,0.0,0.82,0,none,0,none
U008,2024-09-05 09:40:00,131.1,1,0.0,1.15,0,none,0,none
U008,2024-09-05 10:00:00,133.4,1,0.0,0.93,0,none,0,none
U008,2024-09-05 10:05:00,134.3,1,0.0,1.02,0,none,0,none
U008,2024-09-05 10:10:00,133.7,1,0.0,1.11,0,none,0,none
U008,2024-09-05 10:15:00,133.4,1,0.0,0.97,0,none,0,none
U008,2024-09-05 10:20:00,133.8,1,0.0,1.13,0,none,0,none
U008,2024-09-05 10:30:00,133.7,1,0.0,1.03,0,none,0,none
U008,2024-09-05 10:35:00,133.7,1,0.0,0.97,0,none,0,none
U008,2024-09-05 10:40:00,133.2,1,0.0,1.02,0,none,0,none
U008,2024-09-05 10:45:00,133.2,1,0.0,1.15,0,none,0,none
U008,2024-09-05 10:55:00,133.6,1,0.0,0.94,0,none,0,none
U008,2024-09-05 11:00:00,134.4,1,0.0,1.16,0,none,0,none
U008,2024-09-05 11:10:00,134.4,1,0.0,1.05,0,none,0,none
U008,2024-09-05 11:15:00,133.6,1,0.0,0.92,0,none,0,none
U008,2024-09-05 11:25:00,133.5,1,0.0,1.05,0,none,0,none
U008,2024-09-05 11:30:00,134.1,1,0.0,1.11,0,none,0,none
U008,2024-09-05 11:35:00,133.9,1,0.0,0.82,0,none,0,none
U008,2024-09-05 11:40:00,134.6,1,0.0,1.15,0,none,0,none
U008,2024-09-05 11:45:00,135.6,1,0.0,0.96,0,none,0,none
U008,2024-09-05 11:50:00,135.6,1,0.0,0.95,0,none,0,none
U008,2024-09-05 11:55:00,134.8,1,0.0,1.12,0,none,0,none
U008,2024-09-05 12:15:00,133.2,1,0.0,1.15,0,none,2697,low
U008,2024-09-05 12:20:00,133.6,1,0.0,1.03,0,none,0,none
U008,2024-09-05 12:25:00,133.7,1,0.0,0.93,0,none,0,none
U008,2024-09-05 12:30:00,132.5,1,0.0,1.17,0,none,0,none
U008,2024-09-05 12:35:00,132.4,1,0.0,0.81,0,none,0,none
U008,2024-09-05 12:45:00,131.8,1,0.0,1.17,0,none,0,none
U008,2024-09-05 12:50:00,131.7,1,0.0,0.95,0,none,0,none
U008,2024-09-05 12:55:00,132.5,1,0.0,1.08,0,none,0,none
U008,2024-09-05 13:00:00,132.5,1,2.9,0.97,30,breakfast,0,none
U008,2024-09-05 13:10:00,132.6,1,0.0,1.2,0,none,0,none
U008,2024-09-05 13:25:00,133.1,1,0.0,0.88,0,none,0,none
U008,2024-09-05 13:30:00,133.4,1,0.0,1.14,0,none,0,none
U008,2024-09-05 13:35:00,134.4,1,0.0,1.14,0,none,0,none
U008,2024-09-05 13:40:00,134.1,1,0.0,1.2,0,none,0,none
U008,2024-09-05 13:50:00,133.5,1,0.0,0.95,0,none,0,none
U008,2024-09-05 14:00:00,133.3,1,0.0,1.03,0,none,0,none
U008,2024-09-05 14:05:00,133.4,1,0.0,1.19,0,none,0,none
U008,2024-09-05 14:20:00,133.3,1,0.0,0.91,0,none,0,none
U008,2024-09-05 14:25:00,133.0,1,0.0,1.09,0,none,0,none
U008,2024-09-05 14:35:00,132.1,1,0.0,0.96,0,none,0,none
U008,2024-09-05 14:40:00,131.8,1,0.0,0.97,0,none,0,none
U008,2024-09-05 14:45:00,131.8,1,0.0,1.07,0,none,0,none
U008,2024-09-05 14:50:00,131.2,1,0.0,1.09,0,none,0,none
U008,2024-09-05 15:00:00,131.2,1,0.0,1.13,0,none,0,none
U008,2024-09-05 15:05:00,131.3,1,0.0,1.08,0,none,0,none
U008,2024-09-05 15:15:00,131.0,1,0.0,1.07,0,none,0,none
U008,2024-09-05 15:30:00,130.6,1,0.0,0.94,0,none,0,none
U008,2024-09-05 15:35:00,129.9,1,0.0,0.82,0,none,3100,high
U008,2024-09-05 15:40:00,130.1,1,0.0,1.08,0,none,0,none
U008,2024-09-05 15:45:00,130.6,1,0.0,0.98,0,none,0,none
U008,2024-09-05 15:50:00,131.0,1,0.0,1.07,0,none,0,none
U008,2024-09-05 15:55:00,131.4,1,0.0,1.01,0,none,0,none
U008,2024-09-05 16:10:00,130.9,1,0.0,1.05,0,none,0,none
U008,2024-09-05 16:30:00,130.4,1,0.0,0.99,0,none,0,none
U008,2024-09-05 16:45:00,131.1,1,0.0,0.99,0,none,0,none
U008,2024-09-05 16:50:00,131.2,1,5.8,0.92,60,breakfast,0,none
U008,2024-09-05 17:00:00,131.5,1,0.0,0.95,0,none,0,none
U008,2024-09-05 17:05:00,131.6,1,0.0,0.82,0,none,0,none
U008,2024-09-05 17:10:00,131.0,1,0.0,1.08,0,none,0,none
U008,2024-09-05 17:15:00,131.4,1,0.0,0.82,0,none,0,none
U008,2024-09-05 17:20:00,131.2,1,8.1,0.85,90,breakfast,0,none
U008,2024-09-05 17:40:00,131.6,1,0.0,1.04,0,none,0,none
U008,2024-09-05 17:45:00,131.9,1,0.0,0.87,0,none,0,none
U008,2024-09-05 17:50:00,131.5,1,0.0,1.16,0,none,0,none
U008,2024-09-05 18:10:00,130.1,1,0.0,0.93,0,none,0,none
U008,2024-09-05 18:15:00,130.1,1,0.0,1.13,0,none,0,none
U008,2024-09-05 18:25:00,130.9,1,0.0,0.86,0,none,0,none
U008,2024-09-05 18:30:00,130.6,1,0.0,0.82,0,none,0,none
U008,2024-09-05 18:35:00,130.0,1,0.0,1.13,0,none,0,none
U008,2024-09-05 18:40:00,130.2,1,0.0,0.83,0,none,0,none
U008,2024-09-05 18:45:00,129.7,1,0.0,0.98,0,none,0,none
U008,2024-09-05 18:55:00,130.2,1,0.0,1.11,0,none,0,none
U008,2024-09-05 19:00:00,130.3,1,0.0,0.97,0,none,0,none
U008,2024-09-05 19:20:00,129.6,1,0.0,1.07,0,none,0,none
U008,2024-09-05 19:25:00,128.4,1,3.0,1.08,30,lunch,4028,low
U008,2024-09-05 19:30:00,129.1,1,0.0,0.99,0,none,0,none
U008,2024-09-05 19:40:00,130.4,1,0.0,0.88,0,none,0,none
U008,2024-09-05 19:45:00,130.5,1,0.0,1.05,0,none,0,none
U008,2024-09-05 19:50:00,129.0,1,0.0,1.15,0,none,0,none
U008,2024-09-05 19:55:00,128.8,1,0.0,1.18,0,none,0,none
U008,2024-09-05 20:00:00,129.0,1,0.0,1.05,0,none,0,none
U008,2024-09-05 20:10:00,128.2,1,0.0,1.1,0,none,0,none
U008,2024-09-05 20:15:00,128.4,1,0.0,1.11,75,breakfast,0,none
U008,2024-09-05 20:20:00,128.1,1,0.0,1.03,0,none,0,none
U008,2024-09-05 20:30:00,126.7,1,0.0,0.82,0,none,0,none
U008,2024-09-05 20:35:00,126.9,1,0.0,1.04,0,none,0,none
U008,2024-09-05 20:40:00,126.4,1,0.0,0.97,0,none,0,none
U008,2024-09-05 20:45:00,127.9,1,0.0,1.19,0,none,0,none
U008,2024-09-05 21:00:00,127.5,1,0.0,1.1,0,none,0,none
U008,2024-09-05 21:10:00,127.8,1,0.0,1.12,0,none,0,none
U008,2024-09-05 21:15:00,127.8,1,0.0,1.2,0,none,0,none
U008,2024-09-05 21:20:00,127.4,1,0.0,1.09,0,none,0,none
U008,2024-09-05 21:30:00,128.6,1,0.0,1.08,0,none,0,none
U008,2024-09-05 21:35:00,128.9,1,0.0,1.14,0,none,0,none
U008,2024-09-05 21:45:00,129.3,1,0.0,1.12,0,none,0,none
U008,2024-09-05 21:50:00,129.5,1,0.0,1.19,0,none,0,none
U008,2024-09-05 22:00:00,130.0,1,0.0,0.86,0,none,0,none
U008,2024-09-05 22:10:00,130.4,1,0.0,1.19,0,none,0,none
U008,2024-09-05 22:20:00,129.0,1,0.0,0.97,0,none,0,none
U008,2024-09-05 22:25:00,129.0,1,0.0,1.13,0,none,0,none
U008,2024-09-05 22:30:00,130.1,1,0.0,1.14,0,none,0,none
U008,2024-09-05 22:35:00,130.7,1,0.0,1.02,0,none,0,none
U008,2024-09-05 22:45:00,130.7,1,0.0,0.83,0,none,0,none
U008,2024-09-05 22:50:00,130.6,1,0.0,0.98,0,none,0,none
U008,2024-09-05 23:10:00,131.6,1,0.0,1.02,0,none,0,none
U008,2024-09-05 23:20:00,130.5,1,0.0,0.96,0,none,1939,low
U008,2024-09-05 23:25:00,130.9,1,0.0,1.01,0,none,0,none
U008,2024-09-05 23:30:00,130.4,1,0.0,0.82,0,none,0,none
U008,2024-09-05 23:40:00,129.1,1,0.0,0.92,0,none,0,none
U008,2024-09-05 23:45:00,129.5,1,0.0,1.16,0,none,0,none
U008,2024-09-05 23:50:00,129.9,1,0.0,0.88,0,none,0,none
U008,2024-09-06 00:00:00,129.4,1,0.0,1.03,0,none,0,none
U008,2024-09-06 00:10:00,129.9,1,0.0,0.95,0,none,0,none
U008,2024-09-06 00:15:00,129.4,1,0.0,0.96,0,none,0,none
U008,2024-09-06 00:20:00,128.8,1,0.0,0.97,0,none,0,none
U008,2024-09-06 00:35:00,128.6,1,0.0,0.8,0,none,0,none
U008,2024-09-06 00:45:00,129.0,1,2.7,0.83,30,snack,0,none
U008,2024-09-06 00:50:00,128.3,1,0.0,0.9,0,none,0,none
U008,2024-09-06 01:00:00,129.1,1,0.0,0.87,0,none,0,none
U008,2024-09-06 01:05:00,129.0,1,0.0,0.97,0,none,0,none
U008,2024-09-06 01:15:00,129.1,1,0.0,0.82,0,none,0,none
U008,2024-09-06 01:20:00,129.2,1,0.0,0.82,0,none,0,none
U008,2024-09-06 01:25:00,129.4,1,0.0,0.81,0,none,0,none
U008,2024-09-06 01:30:00,129.7,1,0.0,1.2,0,none,0,none
U008,2024-09-06 01:40:00,130.4,1,0.0,1.17,0,none,0,none
U008,2024-09-06 01:45:00,130.5,1,0.0,0.99,0,none,0,none
U008,2024-09-06 01:50:00,130.6,1,0.0,0.92,0,none,0,none
U008,2024-09-06 01:55:00,131.0,1,0.0,0.88,0,none,0,none
U008,2024-09-06 02:00:00,130.4,1,0.0,0.98,0,none,0,none
U008,2024-09-06 02:05:00,130.3,1,0.0,0.84,0,none,0,none
U008,2024-09-06 02:15:00,129.6,1,0.0,1.0,0,none,0,none
U008,2024-09-06 02:20:00,130.2,1,0.0,0.91,0,none,0,none
U008,2024-09-06 02:45:00,131.2,1,0.0,0.95,0,none,0,none
U008,2024-09-06 02:50:00,130.7,1,0.0,0.84,0,none,0,none
U008,2024-09-06 02:55:00,130.8,1,0.0,0.83,0,none,0,none
U008,2024-09-06 03:00:00,131.2,1,0.0,1.01,0,none,0,none
U008,2024-09-06 03:10:00,130.8,1,0.0,0.87,0,none,0,none
U008,2024-09-06 03:15:00,130.6,1,0.0,1.1,0,none,0,none
U008,2024-09-06 03:20:00,130.7,1,0.0,1.06,0,none,0,none
U008,2024-09-06 03:35:00,131.4,1,0.0,1.04,0,none,0,none
U008,2024-09-06 03:40:00,131.7,1,0.0,0.81,0,none,0,none
U008,2024-09-06 03:45:00,132.2,1,0.0,1.08,0,none,0,none
U008,2024-09-06 03:55:00,131.6,1,0.0,0.95,0,none,0,none
U008,2024-09-06 04:00:00,132.7,1,0.0,1.17,0,none,0,none
U008,2024-09-06 04:30:00,129.7,0,0.0,1.08,0,none,0,none
U008,2024-09-06 04:35:00,130.1,1,0.0,1.06,0,none,0,none
U008,2024-09-06 04:40:00,130.5,1,0.0,1.02,0,none,0,none
U008,2024-09-06 04:50:00,130.8,1,0.0,1.02,0,none,0,none
U008,2024-09-06 04:55:00,131.1,1,0.0,1.08,0,none,0,none
U008,2024-09-06 05:00:00,131.4,1,0.0,0.83,0,none,0,none
U008,2024-09-06 05:05:00,131.5,1,0.0,1.2,0,none,0,none
U008,2024-09-06 05:10:00,132.1,1,0.0,1.19,0,none,0,none
U008,2024-09-06 05:15:00,131.9,1,0.0,1.15,0,none,0,none
U008,2024-09-06 05:20:00,133.0,1,0.0,0.84,0,none,0,none
U008,2024-09-06 05:25:00,132.8,1,0.0,1.14,0,none,0,none
U008,2024-09-06 05:30:00,133.7,1,0.0,1.18,0,none,0,none
U008,2024-09-06 05:35:00,132.8,1,0.0,1.05,0,none,0,none
U008,2024-09-06 05:40:00,132.4,1,0.0,0.87,0,none,0,none
U008,2024-09-06 05:50:00,131.6,1,0.0,0.86,0,none,0,none
U008,2024-09-06 06:00:00,132.8,1,0.0,1.13,0,none,0,none
U008,2024-09-06 06:10:00,133.3,1,0.0,1.19,0,none,0,none
U008,2024-09-06 06:15:00,133.5,1,0.0,1.05,0,none,0,none
U008,2024-09-06 06:20:00,132.8,1,0.0,0.86,0,none,0,none
U008,2024-09-06 06:30:00,133.1,1,0.0,1.08,0,none,0,none
U008,2024-09-06 06:35:00,132.4,1,2.9,0.82,30,lunch,0,none
U008,2024-09-06 06:45:00,134.2,1,0.0,0.98,0,none,0,none
U008,2024-09-06 06:50:00,134.8,1,0.0,0.99,0,none,0,none
U008,2024-09-06 06:55:00,136.5,1,0.0,0.98,0,none,0,none
U008,2024-09-06 07:00:00,136.1,1,0.0,1.04,0,none,0,none
U008,2024-09-06 07:10:00,134.6,1,0.0,1.09,0,none,0,none
U008,2024-09-06 07:15:00,135.1,1,0.0,0.83,0,none,0,none
U008,2024-09-06 07:35:00,135.0,1,0.0,0.99,0,none,2473,high
U008,2024-09-06 07:40:00,134.5,1,0.0,1.12,0,none,0,none
U008,2024-09-06 07:45:00,134.1,1,0.0,1.02,0,none,0,none
U008,2024-09-06 07:50:00,133.8,1,0.0,1.0,0,none,0,none
U008,2024-09-06 08:05:00,135.0,1,0.0,1.06,0,none,0,none
U008,2024-09-06 08:10:00,134.0,1,0.0,1.09,0,none,0,none
U008,2024-09-06 08:15:00,134.5,1,0.0,0.88,0,none,0,none
U008,2024-09-06 08:20:00,134.1,1,0.0,0.83,0,none,0,none
U008,2024-09-06 08:30:00,135.3,1,0.0,0.83,0,none,0,none
U008,2024-09-06 08:45:00,135.0,1,0.0,1.13,0,none,0,none
U008,2024-09-06 09:05:00,136.4,1,0.0,1.13,0,none,0,none
U008,2024-09-06 09:15:00,136.8,1,0.0,1.09,0,none,0,none
U008,2024-09-06 09:30:00,136.2,1,0.0,0.85,0,none,0,none
U008,2024-09-06 09:35:00,136.6,1,0.0,1.06,75,snack,0,none
U008,2024-09-06 09:45:00,137.2,1,0.0,1.19,0,none,0,none
U008,2024-09-06 09:50:00,138.7,1,0.0,0.92,0,none,0,none
U008,2024-09-06 10:05:00,139.0,1,0.0,0.93,0,none,0,none
U008,2024-09-06 10:15:00,140.1,1,0.0,0.91,0,none,0,none
U008,2024-09-06 10:30:00,140.6,1,0.0,0.92,0,none,0,none
U008,2024-09-06 10:35:00,140.1,1,0.0,0.8,0,none,0,none
U008,2024-09-06 10:45:00,139.7,1,0.0,1.05,0,none,0,none
U008,2024-09-06 11:10:00,140.1,1,0.0,0.92,0,none,0,none
U008,2024-09-06 11:15:00,140.5,1,0.0,1.12,0,none,0,none
U008,2024-09-06 11:25:00,139.9,1,0.0,0.86,0,none,0,none
U008,2024-09-06 11:30:00,139.7,1,0.0,0.97,0,none,0,none
U008,2024-09-06 11:35:00,139.0,1,0.0,1.18,0,none,0,none
U008,2024-09-06 11:40:00,139.2,1,0.0,0.83,0,none,0,none
U008,2024-09-06 11:45:00,139.4,1,0.0,1.16,0,none,0,none
U008,2024-09-06 11:50:00,139.4,1,0.0,1.07,0,none,0,none
U008,2024-09-06 11:55:00,139.5,1,0.0,0.81,0,none,0,none
U008,2024-09-06 12:10:00,140.6,1,0.0,1.17,0,none,0,none
U008,2024-09-06 12:15:00,140.7,1,0.0,1.2,0,none,0,none
U008,2024-09-06 12:20:00,140.6,1,0.0,0.98,0,none,0,none
U008,2024-09-06 12:40:00,138.1,1,0.0,0.9,0,none,0,none
U008,2024-09-06 12:50:00,137.5,1,0.0,1.01,0,none,0,none
U008,2024-09-06 12:55:00,137.3,1,0.0,0.93,0,none,0,none
U008,2024-09-06 13:05:00,136.2,1,0.0,0.91,0,none,1921,low
U008,2024-09-06 13:10:00,136.7,1,0.0,1.05,0,none,0,none
U008,2024-09-06 13:25:00,136.4,1,0.0,1.03,0,none,0,none
U008,2024-09-06 13:30:00,136.7,1,0.0,1.15,0,none,0,none
U008,2024-09-06 13:40:00,136.1,1,0.0,0.97,0,none,0,none
U008,2024-09-06 13:45:00,135.7,1,0.0,0.94,0,none,0,none
U008,2024-09-06 13:50:00,135.9,1,0.0,0.93,0,none,0,none
U008,2024-09-06 13:55:00,134.2,1,0.0,0.85,0,none,2579,low
U008,2024-09-06 14:00:00,134.3,1,0.0,1.11,0,none,0,none
U008,2024-09-06 14:15:00,134.2,1,0.0,1.11,0,none,0,none
U008,2024-09-06 14:45:00,134.0,1,0.0,1.13,0,none,0,none
U008,2024-09-06 14:50:00,133.4,1,0.0,0.97,0,none,0,none
U008,2024-09-06 15:00:00,133.4,1,0.0,1.03,0,none,0,none
U008,2024-09-06 15:05:00,134.1,1,0.0,0.89,0,none,0,none
U008,2024-09-06 15:10:00,133.6,1,0.0,1.16,0,none,0,none
U008,2024-09-06 15:15:00,134.2,1,0.0,0.85,0,none,0,none
U008,2024-09-06 15:20:00,133.9,1,0.0,0.85,0,none,0,none
U008,2024-09-06 15:25:00,133.8,1,0.0,1.02,0,none,0,none
U008,2024-09-06 15:30:00,134.3,1,0.0,0.85,0,none,0,none
U008,2024-09-06 15:35:00,133.3,1,0.0,1.04,0,none,0,none
U008,2024-09-06 15:40:00,132.6,1,0.0,1.08,0,none,0,none
U008,2024-09-06 15:45:00,132.6,1,0.0,1.03,0,none,0,none
U008,2024-09-06 15:50:00,131.4,1,0.0,0.8,0,none,0,none
U008,2024-09-06 16:15:00,130.7,1,0.0,0.96,0,none,0,none
U008,2024-09-06 16:20:00,131.5,1,0.0,1.03,0,none,0,none
U008,2024-09-06 16:25:00,131.2,1,0.0,1.0,0,none,0,none
U008,2024-09-06 16:30:00,130.7,1,0.0,1.12,0,none,0,none
U008,2024-09-06 16:35:00,130.8,1,0.0,1.18,0,none,0,none
U008,2024-09-06 16:40:00,131.0,1,0.0,0.85,0,none,0,none
U008,2024-09-06 16:45:00,130.2,1,0.0,0.81,0,none,0,none
U008,2024-09-06 16:55:00,130.2,1,0.0,0.82,0,none,0,none
U008,2024-09-06 17:05:00,129.5,1,0.0,1.18,0,none,0,none
U008,2024-09-06 17:15:00,129.7,1,0.0,0.91,0,none,0,none
U008,2024-09-06 17:20:00,129.8,1,0.0,0.93,0,none,0,none
U008,2024-09-06 17:35:00,129.7,1,0.0,1.01,0,none,0,none
U008,2024-09-06 17:40:00,129.6,1,0.0,0.86,0,none,0,none
U008,2024-09-06 17:45:00,130.4,1,0.0,0.84,0,none,0,none
U008,2024-09-06 17:50:00,130.3,1,0.0,1.0,0,none,0,none
U008,2024-09-06 17:55:00,130.5,1,0.0,0.94,0,none,0,none
U008,2024-09-06 18:00:00,130.6,1,0.0,0.9,0,none,0,none
U008,2024-09-06 18:05:00,130.5,1,6.7,1.19,75,snack,0,none
U008,2024-09-06 18:15:00,130.0,1,0.0,1.01,0,none,0,none
U008,2024-09-06 18:20:00,130.1,1,0.0,1.16,0,none,0,none
U008,2024-09-06 18:25:00,129.7,1,0.0,0.9,0,none,0,none
U008,2024-09-06 18:30:00,129.5,1,0.0,1.09,0,none,0,none
U008,2024-09-06 18:35:00,130.0,1,0.0,0.99,0,none,0,none
U008,2024-09-06 18:45:00,129.6,1,0.0,1.11,0,none,0,none
U008,2024-09-06 18:50:00,130.2,1,0.0,1.17,0,none,0,none
U008,2024-09-06 19:00:00,129.1,1,0.0,1.14,0,none,0,none
U008,2024-09-06 19:10:00,129.8,1,0.0,1.08,0,none,0,none
U008,2024-09-06 19:20:00,129.2,1,0.0,1.17,0,none,0,none
U008,2024-09-06 19:25:00,129.4,1,0.0,1.01,0,none,0,none
U008,2024-09-06 19:30:00,128.3,1,0.0,1.06,0,none,3366,medium
U008,2024-09-06 19:45:00,127.4,1,0.0,0.9,0,none,0,none
U008,2024-09-06 19:50:00,127.5,1,0.0,1.11,0,none,0,none
U008,2024-09-06 19:55:00,127.1,1,0.0,1.08,0,none,0,none
U008,2024-09-06 20:00:00,127.9,1,0.0,0.9,0,none,0,none
U008,2024-09-06 20:10:00,127.2,1,0.0,0.8,0,none,0,none
U008,2024-09-06 20:20:00,127.5,1,0.0,1.16,0,none,0,none
U008,2024-09-06 20:25:00,126.8,1,5.0,0.84,60,snack,0,none
U008,2024-09-06 20:30:00,126.6,1,0.0,0.95,0,none,0,none
U008,2024-09-06 20:35:00,126.4,1,0.0,1.16,0,none,0,none
U008,2024-09-06 20:40:00,125.9,1,0.0,0.9,0,none,0,none
U008,2024-09-06 20:45:00,126.6,1,0.0,0.86,0,none,0,none
U008,2024-09-06 20:50:00,126.8,1,0.0,1.09,0,none,0,none
U008,2024-09-06 21:05:00,126.7,1,0.0,0.83,0,none,0,none
U008,2024-09-06 21:10:00,126.4,1,0.0,1.02,0,none,0,none
U008,2024-09-06 21:15:00,126.6,1,0.0,1.12,0,none,0,none
U008,2024-09-06 21:50:00,128.2,1,0.0,0.85,0,none,0,none
U008,2024-09-06 21:55:00,128.4,1,0.0,1.19,0,none,0,none
U008,2024-09-06 22:05:00,129.0,1,0.0,1.19,0,none,0,none
U008,2024-09-06 22:10:00,129.1,1,0.0,1.13,0,none,0,none
U008,2024-09-06 22:25:00,130.1,1,0.0,0.93,0,none,0,none
U008,2024-09-06 22:30:00,129.6,1,5.5,1.09,60,breakfast,0,none
U008,2024-09-06 22:35:00,129.3,1,0.0,1.09,0,none,0,none
U008,2024-09-06 22:40:00,128.7,1,0.0,1.07,0,none,0,none
U008,2024-09-06 22:55:00,129.4,1,0.0,1.18,0,none,0,none
U008,2024-09-06 23:05:00,129.5,1,0.0,1.17,0,none,0,none
U008,2024-09-06 23:20:00,131.0,1,0.0,1.2,0,none,0,none
U008,2024-09-06 23:25:00,131.3,1,0.0,1.15,0,none,0,none
U008,2024-09-06 23:35:00,131.4,1,0.0,0.92,0,none,0,none
U008,2024-09-06 23:40:00,131.9,1,0.0,1.16,0,none,0,none
U008,2024-09-07 00:00:00,131.8,1,0.0,1.2,0,none,0,none
U008,2024-09-07 00:05:00,132.4,1,0.0,0.87,0,none,0,none
U008,2024-09-07 00:15:00,132.9,1,0.0,0.83,0,none,0,none
U008,2024-09-07 00:20:00,133.4,1,0.0,0.81,0,none,0,none
U008,2024-09-07 00:30:00,133.8,1,7.5,0.94,75,lunch,0,none
U008,2024-09-07 00:35:00,134.0,1,0.0,0.82,0,none,0,none
U008,2024-09-07 00:40:00,133.7,1,0.0,0.88,0,none,0,none
U008,2024-09-07 00:50:00,132.9,1,0.0,0.82,0,none,0,none
U008,2024-09-07 00:55:00,133.7,1,0.0,0.97,0,none,0,none
U008,2024-09-07 01:05:00,134.6,1,0.0,0.95,0,none,0,none
U008,2024-09-07 01:10:00,135.1,1,0.0,1.13,0,none,0,none
U008,2024-09-07 01:15:00,134.0,1,0.0,1.18,0,none,3078,low
U008,2024-09-07 01:20:00,133.9,1,0.0,1.1,0,none,0,none
U008,2024-09-07 01:30:00,133.3,1,0.0,1.0,0,none,1635,high
U008,2024-09-07 01:40:00,133.9,1,0.0,1.02,0,none,0,none
U008,2024-09-07 01:50:00,135.3,1,5.0,1.17,45,dinner,0,none
U008,2024-09-07 01:55:00,136.2,1,0.0,1.12,0,none,0,none
U008,2024-09-07 02:00:00,135.4,1,0.0,1.0,0,none,0,none
U008,2024-09-07 02:05:00,135.3,1,0.0,1.01,0,none,0,none
U008,2024-09-07 02:15:00,136.7,1,0.0,1.05,0,none,0,none
U008,2024-09-07 02:20:00,137.1,1,0.0,1.13,0,none,0,none
U008,2024-09-07 02:35:00,136.6,1,0.0,0.98,0,none,0,none
U008,2024-09-07 02:45:00,137.1,1,0.0,1.16,0,none,0,none
U008,2024-09-07 02:55:00,137.4,1,8.1,0.91,90,dinner,0,none
U008,2024-09-07 03:00:00,138.2,1,0.0,0.86,0,none,0,none
U008,2024-09-07 03:05:00,139.3,1,0.0,0.84,0,none,0,none
U008,2024-09-07 03:10:00,139.7,1,0.0,1.06,0,none,0,none
U008,2024-09-07 03:25:00,139.8,1,0.0,0.88,0,none,0,none
U008,2024-09-07 03:30:00,139.8,1,0.0,0.84,0,none,0,none
U008,2024-09-07 03:55:00,138.2,1,0.0,0.9,0,none,0,none
U008,2024-09-07 04:00:00,137.9,1,0.0,0.97,0,none,0,none
U008,2024-09-07 04:05:00,138.2,1,0.0,0.98,0,none,0,none
U008,2024-09-07 04:10:00,138.8,1,0.0,1.17,0,none,0,none
U008,2024-09-07 04:20:00,140.6,1,0.0,0.95,0,none,0,none
U008,2024-09-07 04:35:00,141.1,1,0.0,1.15,0,none,0,none
U008,2024-09-07 04:40:00,141.6,1,0.0,1.08,0,none,0,none
U008,2024-09-07 04:45:00,141.2,1,0.0,0.87,0,none,0,none
U008,2024-09-07 04:50:00,141.9,1,0.0,0.94,0,none,0,none
U008,2024-09-07 04:55:00,141.7,1,0.0,1.17,0,none,0,none
U008,2024-09-07 05:10:00,142.8,1,0.0,0.92,0,none,0,none
U008,2024-09-07 05:20:00,144.0,1,0.0,0.87,0,none,0,none
U008,2024-09-07 05:45:00,144.3,1,0.0,1.04,0,none,0,none
U008,2024-09-07 05:50:00,144.2,1,0.0,1.0,0,none,0,none
U008,2024-09-07 06:05:00,144.5,1,0.0,1.17,0,none,0,none
U008,2024-09-07 06:15:00,143.3,1,0.0,1.2,0,none,0,none
U008,2024-09-07 06:20:00,143.4,0,0.0,1.01,0,none,0,none
U008,2024-09-07 06:35:00,145.0,1,0.0,0.86,0,none,0,none
U008,2024-09-07 06:40:00,144.9,1,0.0,1.16,0,none,0,none
U008,2024-09-07 06:45:00,145.2,1,0.0,1.08,0,none,0,none
U008,2024-09-07 07:00:00,145.0,1,0.0,0.81,0,none,0,none
U008,2024-09-07 07:05:00,144.8,1,0.0,0.95,0,none,0,none
U008,2024-09-07 07:10:00,144.5,1,0.0,0.86,0,none,0,none
U008,2024-09-07 07:15:00,144.4,0,0.0,0.82,0,none,0,none
U008,2024-09-07 07:30:00,144.7,1,0.0,1.07,0,none,0,none
U008,2024-09-07 07:40:00,145.6,1,0.0,1.03,0,none,0,none
U008,2024-09-07 07:45:00,145.2,1,0.0,1.06,0,none,0,none
U008,2024-09-07 07:50:00,145.1,1,0.0,1.2,0,none,0,none
U008,2024-09-07 07:55:00,145.1,1,0.0,0.82,0,none,0,none
U008,2024-09-07 08:05:00,145.6,1,0.0,0.94,0,none,0,none
U008,2024-09-07 08:10:00,145.7,1,0.0,1.18,0,none,0,none
U008,2024-09-07 08:20:00,145.9,1,0.0,0.98,0,none,0,none
U008,2024-09-07 08:30:00,146.6,1,0.0,0.97,0,none,0,none
U008,2024-09-07 08:40:00,147.2,1,0.0,1.0,0,none,0,none
U008,2024-09-07 08:45:00,147.1,1,0.0,0.95,0,none,0,none
U008,2024-09-07 08:50:00,147.2,1,0.0,0.87,0,none,0,none
U008,2024-09-07 09:00:00,147.5,1,0.0,1.15,0,none,0,none
U008,2024-09-07 09:10:00,147.0,1,0.0,0.9,0,none,0,none
U008,2024-09-07 09:20:00,147.6,1,0.0,0.86,0,none,0,none
U008,2024-09-07 09:25:00,147.9,1,0.0,1.02,0,none,0,none
U008,2024-09-07 09:40:00,148.2,1,0.0,1.08,0,none,0,none
U008,2024-09-07 09:55:00,147.4,1,0.0,0.95,0,none,0,none
U008,2024-09-07 10:00:00,147.4,1,0.0,1.15,0,none,0,none
U008,2024-09-07 10:05:00,147.2,1,0.0,1.12,0,none,0,none
U008,2024-09-07 10:10:00,147.0,1,0.0,1.04,0,none,0,none
U008,2024-09-07 10:15:00,146.3,1,4.8,1.16,45,snack,0,none
U008,2024-09-07 10:20:00,146.7,1,3.5,0.9,30,snack,0,none
U008,2024-09-07 10:25:00,146.4,1,0.0,0.89,0,none,0,none
U008,2024-09-07 10:30:00,145.7,1,0.0,1.13,0,none,0,none
U008,2024-09-07 10:35:00,145.5,1,0.0,1.13,0,none,0,none
U008,2024-09-07 10:50:00,145.2,1,7.5,0.88,75,dinner,0,none
U008,2024-09-07 11:05:00,145.5,1,0.0,1.06,0,none,0,none
U008,2024-09-07 11:20:00,145.9,1,0.0,1.17,0,none,0,none
U008,2024-09-07 11:25:00,145.8,1,0.0,1.03,0,none,0,none
U008,2024-09-07 11:50:00,148.0,1,0.0,0.84,0,none,0,none
U008,2024-09-07 12:05:00,149.8,1,0.0,1.19,0,none,0,none
U008,2024-09-07 12:10:00,149.3,1,0.0,0.87,0,none,0,none
U008,2024-09-07 12:15:00,149.2,1,0.0,1.11,0,none,0,none
U008,2024-09-07 12:20:00,149.7,1,0.0,0.84,0,none,0,none
U008,2024-09-07 12:35:00,149.6,1,0.0,1.14,0,none,0,none
U008,2024-09-07 13:10:00,151.8,1,0.0,1.02,0,none,0,none
U008,2024-09-07 13:15:00,151.8,1,0.0,0.92,0,none,0,none
U008,2024-09-07 13:20:00,151.6,1,0.0,0.99,0,none,0,none
U008,2024-09-07 13:40:00,151.5,1,6.2,0.97,60,breakfast,0,none
U008,2024-09-07 13:45:00,152.3,1,0.0,0.83,0,none,0,none
U008,2024-09-07 13:50:00,152.6,1,0.0,1.16,0,none,0,none
U008,2024-09-07 13:55:00,152.0,1,0.0,0.98,0,none,0,none
U008,2024-09-07 14:00:00,152.0,1,0.0,0.9,0,none,0,none
U008,2024-09-07 14:25:00,152.7,1,0.0,0.91,0,none,0,none
U008,2024-09-07 14:45:00,153.2,1,0.0,1.11,0,none,0,none
U008,2024-09-07 14:50:00,153.1,1,0.0,0.91,0,none,0,none
U008,2024-09-07 14:55:00,152.3,1,0.0,1.06,0,none,0,none
U008,2024-09-07 15:00:00,153.2,1,0.0,1.05,0,none,0,none
U008,2024-09-07 15:05:00,152.7,1,0.0,1.03,0,none,0,none
U008,2024-09-07 15:15:00,152.5,1,7.4,1.07,90,breakfast,0,none
U008,2024-09-07 15:25:00,151.5,1,0.0,0.95,0,none,0,none
U008,2024-09-07 15:30:00,151.6,1,0.0,1.17,0,none,0,none
U008,2024-09-07 15:35:00,151.9,1,0.0,1.08,0,none,0,none
U008,2024-09-07 15:40:00,151.8,1,0.0,1.15,0,none,0,none
U008,2024-09-07 15:45:00,151.7,1,0.0,1.05,0,none,0,none
U008,2024-09-07 15:50:00,152.3,1,0.0,1.16,0,none,0,none
U008,2024-09-07 16:05:00,151.2,1,0.0,1.08,0,none,0,none
U008,2024-09-07 16:15:00,151.6,1,0.0,1.05,0,none,0,none
U008,2024-09-07 16:20:00,151.1,1,0.0,1.15,0,none,0,none
U008,2024-09-07 16:30:00,151.6,1,0.0,1.14,0,none,0,none
U008,2024-09-07 16:35:00,150.6,1,0.0,0.91,0,none,0,none
U008,2024-09-07 16:40:00,150.0,1,0.0,1.12,0,none,0,none
U008,2024-09-07 16:45:00,150.2,1,0.0,0.85,0,none,0,none
U008,2024-09-07 16:50:00,150.9,1,0.0,0.88,0,none,0,none
U008,2024-09-07 17:00:00,151.3,1,0.0,1.0,0,none,0,none
U008,2024-09-07 17:15:00,151.3,1,0.0,0.94,0,none,0,none
U008,2024-09-07 17:25:00,151.0,1,0.0,1.17,0,none,0,none
U008,2024-09-07 17:30:00,150.6,1,0.0,0.9,0,none,0,none
U008,2024-09-07 17:35:00,150.9,1,0.0,0.95,0,none,0,none
U008,2024-09-07 17:40:00,151.0,1,0.0,0.81,0,none,0,none
U008,2024-09-07 17:45:00,150.5,1,0.0,1.02,0,none,0,none
U008,2024-09-07 17:50:00,150.6,1,0.0,0.85,0,none,0,none
U008,2024-09-07 17:55:00,151.7,1,0.0,0.82,0,none,0,none
U008,2024-09-07 18:00:00,151.8,1,0.0,1.05,0,none,0,none
U008,2024-09-07 18:10:00,150.4,1,0.0,0.91,0,none,0,none
U008,2024-09-07 18:15:00,150.4,1,2.5,1.14,30,breakfast,0,none
U008,2024-09-07 18:20:00,150.4,1,0.0,1.12,0,none,0,none
U008,2024-09-07 18:30:00,149.9,1,0.0,0.81,0,none,0,none
U008,2024-09-07 18:35:00,150.1,1,0.0,1.04,0,none,0,none
U008,2024-09-07 18:55:00,149.4,1,0.0,0.89,0,none,0,none
U008,2024-09-07 19:00:00,150.1,1,0.0,1.07,0,none,0,none
U008,2024-09-07 19:15:00,149.5,1,0.0,1.05,0,none,0,none
U008,2024-09-07 19:20:00,150.9,1,0.0,1.1,0,none,0,none
U008,2024-09-07 19:25:00,150.4,1,0.0,0.99,0,none,0,none
U008,2024-09-07 19:30:00,150.3,1,0.0,1.06,0,none,0,none
U008,2024-09-07 19:45:00,150.8,1,0.0,0.97,0,none,0,none
U008,2024-09-07 20:05:00,151.6,1,0.0,0.81,0,none,0,none
U008,2024-09-07 20:10:00,151.6,1,0.0,1.01,0,none,0,none
U008,2024-09-07 20:20:00,151.5,1,0.0,0.97,0,none,0,none
U008,2024-09-07 20:30:00,151.6,1,0.0,1.07,0,none,0,none
U008,2024-09-07 20:35:00,150.5,1,0.0,0.92,0,none,0,none
U008,2024-09-07 20:40:00,149.2,1,0.0,0.96,0,none,1174,medium
U008,2024-09-07 20:50:00,148.2,1,0.0,1.07,0,none,0,none
U008,2024-09-07 20:55:00,147.9,1,0.0,0.82,0,none,0,none
U008,2024-09-07 21:05:00,148.0,1,0.0,0.92,0,none,0,none
U008,2024-09-07 21:10:00,148.3,1,0.0,0.92,0,none,0,none
U008,2024-09-07 21:20:00,148.3,1,0.0,1.09,0,none,0,none
U008,2024-09-07 21:30:00,147.5,1,0.0,0.84,0,none,0,none
U008,2024-09-07 21:40:00,147.5,1,0.0,1.19,0,none,0,none
U008,2024-09-07 21:45:00,147.2,1,0.0,1.0,0,none,0,none
U008,2024-09-07 21:50:00,146.8,1,0.0,0.86,0,none,0,none
U008,2024-09-07 21:55:00,146.5,1,0.0,0.95,0,none,0,none
U008,2024-09-07 22:05:00,146.8,1,0.0,0.93,0,none,0,none
U008,2024-09-07 22:10:00,146.6,1,0.0,1.0,0,none,0,none
U008,2024-09-07 22:15:00,145.7,1,0.0,0.94,0,none,0,none
U008,2024-09-07 22:20:00,145.1,1,0.0,0.95,0,none,0,none
U008,2024-09-07 22:25:00,144.2,1,0.0,0.83,0,none,0,none
U008,2024-09-07 22:30:00,144.7,1,0.0,1.14,0,none,0,none
U008,2024-09-07 22:35:00,144.1,1,0.0,1.06,0,none,4514,low
U008,2024-09-07 22:40:00,143.4,1,0.0,1.16,0,none,0,none
U008,2024-09-07 22:55:00,144.2,1,0.0,0.97,0,none,0,none
U008,2024-09-07 23:00:00,144.3,1,0.0,1.02,0,none,0,none
U008,2024-09-07 23:15:00,144.2,1,0.0,0.91,0,none,0,none
U008,2024-09-07 23:20:00,143.9,1,0.0,1.11,0,none,0,none
U008,2024-09-07 23:40:00,146.1,1,0.0,1.01,0,none,0,none
U008,2024-09-07 23:45:00,146.3,1,0.0,0.87,0,none,0,none
U008,2024-09-07 23:55:00,145.3,1,0.0,0.85,0,none,0,none
U008,2024-09-08 00:00:00,144.8,1,0.0,0.91,0,none,0,none
U008,2024-09-08 00:15:00,145.6,1,0.0,1.19,0,none,0,none
U008,2024-09-08 00:20:00,146.3,1,0.0,0.83,0,none,0,none
U008,2024-09-08 00:25:00,146.5,1,0.0,1.15,0,none,0,none
U008,2024-09-08 00:30:00,145.8,1,0.0,0.87,0,none,0,none
U008,2024-09-08 00:35:00,145.1,1,0.0,1.13,0,none,0,none
U008,2024-09-08 00:40:00,143.2,1,0.0,1.15,0,none,0,none
U008,2024-09-08 00:50:00,143.5,1,0.0,1.15,0,none,0,none
U008,2024-09-08 00:55:00,143.5,1,0.0,1.16,0,none,0,none
U008,2024-09-08 01:20:00,144.2,1,0.0,1.12,0,none,0,none
U008,2024-09-08 01:30:00,145.5,1,0.0,0.86,0,none,0,none
U008,2024-09-08 01:35:00,144.9,1,0.0,0.92,0,none,0,none
U008,2024-09-08 01:45:00,145.3,1,0.0,0.99,0,none,0,none
U008,2024-09-08 01:55:00,145.7,1,0.0,0.96,0,none,0,none
U008,2024-09-08 02:00:00,145.9,1,0.0,1.18,0,none,0,none
U008,2024-09-08 02:05:00,147.1,1,0.0,1.16,0,none,0,none
U008,2024-09-08 02:10:00,147.1,1,0.0,0.87,0,none,0,none
U008,2024-09-08 02:20:00,147.8,1,0.0,1.18,0,none,0,none
U008,2024-09-08 02:45:00,147.4,1,6.1,0.86,60,dinner,0,none
U008,2024-09-08 02:50:00,147.8,1,0.0,1.05,0,none,0,none
U008,2024-09-08 02:55:00,147.8,1,0.0,1.03,0,none,0,none
U008,2024-09-08 03:00:00,147.9,1,0.0,1.09,0,none,0,none
U008,2024-09-08 03:05:00,148.0,1,0.0,1.13,0,none,0,none
U008,2024-09-08 03:10:00,149.1,1,0.0,0.89,0,none,0,none
U008,2024-09-08 03:20:00,149.3,1,0.0,1.19,0,none,0,none
U008,2024-09-08 03:30:00,149.6,1,0.0,0.8,0,none,0,none
U008,2024-09-08 03:35:00,149.4,1,0.0,0.8,0,none,0,none
U008,2024-09-08 03:50:00,149.4,1,0.0,0.89,0,none,0,none
U008,2024-09-08 04:00:00,148.5,1,0.0,1.07,0,none,0,none
U008,2024-09-08 04:05:00,148.9,1,0.0,1.15,0,none,0,none
U008,2024-09-08 04:10:00,148.8,1,0.0,0.85,0,none,0,none
U008,2024-09-08 04:15:00,150.0,1,0.0,0.95,0,none,0,none
U008,2024-09-08 04:30:00,150.5,1,0.0,0.89,0,none,0,none
U008,2024-09-08 04:35:00,149.6,1,0.0,1.05,0,none,0,none
U008,2024-09-08 04:45:00,149.6,1,0.0,0.99,0,none,0,none
U008,2024-09-08 04:55:00,149.8,1,0.0,1.0,0,none,0,none
U008,2024-09-08 05:00:00,150.0,1,7.6,1.14,75,lunch,0,none
U008,2024-09-08 05:05:00,150.0,1,0.0,1.05,0,none,0,none
U008,2024-09-08 05:10:00,149.5,1,0.0,0.85,0,none,0,none
U008,2024-09-08 05:15:00,149.5,1,0.0,0.97,0,none,0,none
U008,2024-09-08 05:20:00,149.6,1,0.0,1.17,0,none,0,none
U008,2024-09-08 05:25:00,149.4,1,0.0,1.06,0,none,0,none
U008,2024-09-08 05:35:00,149.6,1,0.0,1.17,0,none,0,none
U008,2024-09-08 05:45:00,151.6,1,0.0,1.13,0,none,0,none
U008,2024-09-08 05:50:00,152.2,1,0.0,0.87,0,none,0,none
U008,2024-09-08 06:00:00,149.8,1,0.0,1.06,0,none,0,none
U008,2024-09-08 06:10:00,150.2,1,0.0,1.05,0,none,0,none
U008,2024-09-08 06:30:00,150.6,1,0.0,0.81,0,none,0,none
U008,2024-09-08 06:40:00,151.5,1,0.0,1.04,0,none,0,none
U008,2024-09-08 06:45:00,151.1,1,0.0,1.13,0,none,0,none
U008,2024-09-08 06:55:00,150.8,1,0.0,0.88,0,none,0,none
U008,2024-09-08 07:00:00,151.0,1,0.0,0.98,0,none,0,none
U008,2024-09-08 07:10:00,152.9,1,0.0,0.94,0,none,0,none
U008,2024-09-08 07:25:00,153.7,1,0.0,0.98,0,none,0,none
U008,2024-09-08 07:30:00,154.2,1,0.0,0.94,0,none,0,none
U008,2024-09-08 07:55:00,157.9,1,0.0,0.95,0,none,0,none
U008,2024-09-08 08:00:00,158.8,1,0.0,0.95,0,none,0,none
U008,2024-09-08 08:15:00,158.9,1,0.0,0.99,0,none,0,none
U008,2024-09-08 08:30:00,159.6,1,0.0,1.15,0,none,0,none
U008,2024-09-08 08:35:00,159.3,1,0.0,0.94,0,none,0,none
U008,2024-09-08 08:50:00,159.4,1,0.0,0.87,0,none,0,none
U008,2024-09-08 08:55:00,159.1,1,0.0,0.93,0,none,0,none
U008,2024-09-08 09:00:00,159.1,1,0.0,1.17,0,none,0,none
U008,2024-09-08 09:10:00,159.7,1,0.0,1.07,0,none,0,none
U008,2024-09-08 09:15:00,160.0,1,0.0,0.91,0,none,0,none
U008,2024-09-08 09:20:00,159.7,1,0.0,1.01,0,none,0,none
U008,2024-09-08 09:25:00,160.2,1,0.0,1.16,0,none,0,none
U008,2024-09-08 09:30:00,160.5,1,0.0,0.94,0,none,0,none
U008,2024-09-08 09:50:00,162.3,1,0.0,0.99,0,none,0,none
U008,2024-09-08 09:55:00,162.2,1,0.0,1.08,0,none,0,none
U008,2024-09-08 10:20:00,162.9,1,0.0,1.15,0,none,0,none
U008,2024-09-08 10:25:00,163.1,1,0.0,1.03,0,none,0,none
U008,2024-09-08 10:40:00,160.6,1,0.0,1.11,0,none,0,none
U008,2024-09-08 10:45:00,160.3,1,0.0,1.12,0,none,0,none
U008,2024-09-08 10:50:00,161.4,1,0.0,1.07,0,none,0,none
U008,2024-09-08 11:05:00,160.9,1,0.0,1.01,0,none,0,none
U008,2024-09-08 11:10:00,160.5,1,0.0,1.07,0,none,0,none
U008,2024-09-08 11:20:00,159.3,1,0.0,1.09,0,none,1574,medium
U008,2024-09-08 11:25:00,158.9,1,0.0,0.83,0,none,0,none
U008,2024-09-08 11:30:00,159.3,1,0.0,1.13,0,none,0,none
U008,2024-09-08 11:35:00,159.5,1,0.0,1.11,0,none,0,none
U008,2024-09-08 11:40:00,160.4,1,0.0,0.96,0,none,0,none
U008,2024-09-08 11:45:00,160.8,1,0.0,0.86,0,none,0,none
U008,2024-09-08 11:50:00,161.0,1,0.0,0.92,0,none,0,none
U008,2024-09-08 12:00:00,162.8,1,0.0,0.85,0,none,0,none
U008,2024-09-08 12:10:00,162.4,1,0.0,1.01,0,none,0,none
U008,2024-09-08 12:15:00,162.9,1,4.9,1.11,45,breakfast,0,none
U008,2024-09-08 12:20:00,162.3,1,0.0,1.16,0,none,0,none
U008,2024-09-08 12:30:00,162.5,1,0.0,1.1,0,none,0,none
U008,2024-09-08 12:35:00,162.1,1,0.0,1.01,90,snack,0,none
U008,2024-09-08 12:40:00,161.1,1,0.0,0.93,0,none,0,none
U008,2024-09-08 12:50:00,159.8,1,0.0,1.02,0,none,0,none
U008,2024-09-08 12:55:00,159.9,1,0.0,0.86,0,none,0,none
U008,2024-09-08 13:00:00,159.2,1,0.0,1.05,0,none,0,none
U008,2024-09-08 13:05:00,159.6,1,0.0,0.81,0,none,0,none
U008,2024-09-08 13:20:00,160.4,1,4.0,0.94,45,dinner,0,none
U008,2024-09-08 13:25:00,160.5,1,0.0,0.87,0,none,0,none
U008,2024-09-08 13:30:00,160.6,1,0.0,0.89,0,none,0,none
U008,2024-09-08 13:45:00,159.9,1,0.0,1.09,0,none,0,none
U008,2024-09-08 13:50:00,159.5,1,4.8,1.1,45,lunch,0,none
U008,2024-09-08 13:55:00,160.3,1,0.0,0.87,0,none,0,none
U008,2024-09-08 14:10:00,160.2,1,0.0,0.82,0,none,0,none
U008,2024-09-08 14:15:00,160.4,1,0.0,1.18,0,none,0,none
U008,2024-09-08 14:20:00,161.1,1,0.0,0.93,0,none,0,none
U008,2024-09-08 14:30:00,160.4,1,0.0,1.07,0,none,0,none
U008,2024-09-08 14:35:00,160.8,1,0.0,1.13,0,none,0,none
U008,2024-09-08 14:40:00,161.3,1,0.0,1.18,0,none,0,none
U008,2024-09-08 15:00:00,161.8,1,0.0,1.18,0,none,0,none
U008,2024-09-08 15:10:00,162.1,1,0.0,0.99,0,none,0,none
U008,2024-09-08 15:20:00,162.3,1,0.0,1.15,0,none,0,none
U008,2024-09-08 15:30:00,161.5,1,0.0,0.94,0,none,0,none
U008,2024-09-08 15:35:00,161.5,1,0.0,0.96,0,none,0,none
U008,2024-09-08 15:45:00,161.2,1,0.0,1.19,0,none,0,none
U008,2024-09-08 15:50:00,160.8,1,0.0,0.89,0,none,0,none
U008,2024-09-08 16:05:00,161.7,1,3.3,0.83,30,dinner,0,none
U008,2024-09-08 16:10:00,162.1,1,0.0,0.85,0,none,0,none
U008,2024-09-08 16:15:00,161.5,1,0.0,0.98,0,none,0,none
U008,2024-09-08 16:30:00,161.5,1,0.0,0.87,0,none,0,none
U008,2024-09-08 16:35:00,161.7,1,8.9,0.91,90,lunch,0,none
U008,2024-09-08 16:55:00,161.3,1,0.0,0.91,90,lunch,0,none
U008,2024-09-08 17:05:00,162.2,1,0.0,0.85,0,none,0,none
U008,2024-09-08 17:10:00,162.2,1,0.0,0.97,0,none,0,none
U008,2024-09-08 17:25:00,162.4,1,0.0,0.93,0,none,0,none
U008,2024-09-08 17:30:00,162.7,1,0.0,1.11,0,none,0,none
U008,2024-09-08 17:50:00,162.7,1,0.0,0.86,0,none,0,none
U008,2024-09-08 17:55:00,162.0,1,0.0,1.18,0,none,0,none
U008,2024-09-08 18:00:00,162.0,1,0.0,0.91,0,none,0,none
U008,2024-09-08 18:05:00,161.9,1,0.0,1.15,0,none,0,none
U008,2024-09-08 18:10:00,161.3,1,0.0,1.16,0,none,0,none
U008,2024-09-08 18:20:00,160.9,1,0.0,1.06,0,none,0,none
U008,2024-09-08 18:35:00,161.3,1,0.0,0.95,0,none,0,none
U008,2024-09-08 18:45:00,160.5,1,0.0,0.97,0,none,0,none
U008,2024-09-08 18:50:00,160.4,1,0.0,0.88,0,none,0,none
U008,2024-09-08 18:55:00,160.9,1,0.0,0.93,0,none,0,none
U008,2024-09-08 19:00:00,161.1,1,0.0,0.9,0,none,0,none
U008,2024-09-08 19:05:00,160.3,1,0.0,1.06,0,none,0,none
U008,2024-09-08 19:10:00,160.4,1,0.0,0.84,0,none,2669,high
U008,2024-09-08 19:30:00,160.9,1,0.0,1.09,0,none,0,none
U008,2024-09-08 19:35:00,160.8,1,0.0,0.84,0,none,0,none
U008,2024-09-08 19:45:00,160.7,1,0.0,1.09,0,none,0,none
U008,2024-09-08 19:50:00,160.7,1,0.0,0.8,0,none,0,none
U008,2024-09-08 20:00:00,159.5,1,0.0,0.95,0,none,0,none
U008,2024-09-08 20:05:00,159.9,1,0.0,0.91,0,none,0,none
U008,2024-09-08 20:10:00,160.8,1,0.0,1.12,0,none,0,none
U008,2024-09-08 20:15:00,160.3,1,0.0,1.0,0,none,4198,high
U008,2024-09-08 20:20:00,159.5,1,0.0,1.02,0,none,0,none
U008,2024-09-08 20:30:00,159.5,1,0.0,1.15,0,none,0,none
U008,2024-09-08 20:35:00,159.2,1,0.0,0.95,0,none,0,none
U008,2024-09-08 20:40:00,159.1,1,0.0,0.82,0,none,0,none
U008,2024-09-08 20:45:00,159.2,1,0.0,0.98,0,none,0,none
U008,2024-09-08 20:55:00,158.2,1,0.0,1.05,0,none,0,none
U008,2024-09-08 21:00:00,158.3,1,0.0,1.01,0,none,0,none
U008,2024-09-08 21:05:00,158.3,1,0.0,1.01,0,none,0,none
U008,2024-09-08 21:20:00,160.0,1,0.0,0.85,0,none,0,none
U008,2024-09-08 21:35:00,159.5,1,0.0,1.05,0,none,0,none
U008,2024-09-08 21:50:00,159.2,1,0.0,1.05,0,none,0,none
U008,2024-09-08 21:55:00,159.3,1,0.0,1.05,0,none,0,none
U008,2024-09-08 22:00:00,159.6,1,0.0,0.92,0,none,0,none
U008,2024-09-08 22:05:00,159.8,1,0.0,1.08,0,none,0,none
U008,2024-09-08 22:10:00,159.0,1,0.0,0.8,0,none,0,none
U008,2024-09-08 22:20:00,159.8,1,0.0,1.06,0,none,0,none
U008,2024-09-08 22:25:00,160.3,1,0.0,1.03,0,none,0,none
U008,2024-09-08 22:30:00,159.5,1,0.0,0.87,0,none,0,none
U008,2024-09-08 22:35:00,160.3,1,0.0,1.1,0,none,0,none
U008,2024-09-08 22:40:00,160.2,1,4.4,0.94,45,snack,0,none
U008,2024-09-08 23:00:00,161.6,1,0.0,0.89,0,none,0,none
U008,2024-09-08 23:10:00,161.3,1,0.0,1.07,0,none,0,none
U008,2024-09-08 23:25:00,162.6,1,0.0,0.94,0,none,0,none
U008,2024-09-08 23:40:00,163.5,1,0.0,0.98,0,none,0,none
U008,2024-09-08 23:45:00,162.8,1,0.0,1.17,0,none,0,none
U008,2024-09-09 00:00:00,163.8,1,0.0,0.99,0,none,0,none
U008,2024-09-09 00:10:00,163.7,1,0.0,1.03,0,none,0,none
U008,2024-09-09 00:15:00,163.7,1,0.0,1.07,0,none,0,none
U008,2024-09-09 00:20:00,164.1,1,0.0,1.13,0,none,0,none
U008,2024-09-09 00:25:00,164.7,1,0.0,1.07,0,none,0,none
U008,2024-09-09 00:30:00,164.5,1,0.0,0.84,0,none,2721,medium
U008,2024-09-09 00:35:00,164.1,1,4.0,1.01,45,dinner,0,none
U008,2024-09-09 00:40:00,165.0,1,0.0,1.05,0,none,0,none
U008,2024-09-09 00:55:00,167.0,1,0.0,1.17,0,none,0,none
U008,2024-09-09 01:00:00,167.0,1,0.0,1.13,0,none,0,none
U008,2024-09-09 01:05:00,167.4,1,0.0,1.18,0,none,0,none
U008,2024-09-09 01:15:00,166.8,1,0.0,1.11,0,none,0,none
U008,2024-09-09 01:25:00,167.0,1,6.1,0.9,75,dinner,0,none
U008,2024-09-09 01:30:00,167.9,1,0.0,1.05,0,none,0,none
U008,2024-09-09 01:55:00,167.1,1,0.0,0.89,0,none,0,none
U008,2024-09-09 02:00:00,167.5,1,0.0,0.98,0,none,0,none
U008,2024-09-09 02:05:00,168.3,1,0.0,0.93,0,none,0,none
U008,2024-09-09 02:10:00,168.5,1,0.0,1.19,0,none,0,none
U008,2024-09-09 02:15:00,168.9,1,0.0,0.92,0,none,0,none
U008,2024-09-09 02:20:00,169.5,1,0.0,1.18,0,none,0,none
U008,2024-09-09 02:25:00,169.5,1,0.0,1.01,0,none,0,none
U008,2024-09-09 02:30:00,169.7,1,0.0,1.0,0,none,0,none
U008,2024-09-09 02:35:00,170.0,1,0.0,0.94,0,none,0,none
U008,2024-09-09 02:40:00,170.7,1,0.0,0.86,0,none,0,none
U008,2024-09-09 02:45:00,170.9,1,0.0,1.18,0,none,0,none
U008,2024-09-09 03:00:00,170.2,1,0.0,0.9,0,none,0,none
U008,2024-09-09 03:05:00,169.8,1,0.0,1.12,0,none,0,none
U008,2024-09-09 03:10:00,169.8,1,0.0,0.93,0,none,0,none
U008,2024-09-09 03:20:00,168.2,1,0.0,0.96,0,none,0,none
U008,2024-09-09 03:25:00,167.7,1,0.0,0.98,0,none,0,none
U008,2024-09-09 03:40:00,168.8,1,0.0,1.1,0,none,0,none
U008,2024-09-09 03:50:00,169.4,1,0.0,0.99,0,none,0,none
U008,2024-09-09 03:55:00,169.6,1,0.0,0.82,0,none,0,none
U008,2024-09-09 04:00:00,169.1,1,0.0,1.14,0,none,0,none
U008,2024-09-09 04:05:00,168.5,1,0.0,0.93,0,none,0,none
U008,2024-09-09 04:10:00,167.9,1,0.0,1.11,0,none,0,none
U008,2024-09-09 04:15:00,168.2,1,0.0,0.91,0,none,0,none
U008,2024-09-09 04:25:00,166.8,1,0.0,0.9,0,none,0,none
U008,2024-09-09 04:30:00,166.7,1,0.0,1.18,0,none,0,none
U008,2024-09-09 04:35:00,166.5,1,0.0,0.98,0,none,0,none
U008,2024-09-09 04:40:00,166.3,1,0.0,1.19,0,none,0,none
U008,2024-09-09 04:45:00,166.6,1,0.0,0.9,0,none,0,none
U008,2024-09-09 04:50:00,167.5,1,0.0,0.92,0,none,0,none
U008,2024-09-09 04:55:00,169.2,1,0.0,1.01,0,none,0,none
U008,2024-09-09 05:00:00,169.0,1,0.0,0.98,0,none,0,none
U008,2024-09-09 05:15:00,170.1,1,0.0,0.82,0,none,0,none
U008,2024-09-09 05:20:00,170.4,1,7.7,1.15,75,lunch,0,none
U008,2024-09-09 05:25:00,171.2,1,0.0,1.11,0,none,0,none
U008,2024-09-09 05:35:00,169.5,1,0.0,0.94,0,none,0,none
U008,2024-09-09 05:55:00,169.2,1,0.0,1.15,0,none,0,none
U008,2024-09-09 06:00:00,169.2,1,0.0,0.86,0,none,0,none
U008,2024-09-09 06:05:00,168.4,1,0.0,1.16,0,none,3956,low
U008,2024-09-09 06:20:00,167.7,1,0.0,1.04,0,none,0,none
U008,2024-09-09 06:35:00,166.4,1,0.0,0.84,0,none,0,none
U008,2024-09-09 06:40:00,167.4,1,0.0,1.05,0,none,0,none
U008,2024-09-09 06:45:00,167.4,1,0.0,0.82,0,none,0,none
U008,2024-09-09 06:50:00,167.3,1,0.0,0.91,0,none,0,none
U008,2024-09-09 06:55:00,168.0,1,0.0,1.19,0,none,0,none
U008,2024-09-09 07:05:00,167.4,1,0.0,0.88,0,none,0,none
U008,2024-09-09 07:10:00,167.5,1,0.0,1.1,0,none,0,none
U008,2024-09-09 07:15:00,167.9,1,0.0,0.91,0,none,0,none
U008,2024-09-09 07:20:00,167.9,1,0.0,1.07,0,none,0,none
U008,2024-09-09 07:25:00,167.7,1,0.0,1.01,0,none,0,none
U008,2024-09-09 07:35:00,168.2,1,0.0,0.91,0,none,0,none
U008,2024-09-09 07:40:00,168.4,1,0.0,1.18,0,none,0,none
U008,2024-09-09 07:45:00,168.3,1,0.0,1.17,0,none,0,none
U008,2024-09-09 08:05:00,168.9,1,0.0,1.02,0,none,0,none
U008,2024-09-09 08:10:00,168.0,1,0.0,1.1,0,none,0,none
U008,2024-09-09 08:15:00,167.3,1,0.0,1.12,0,none,0,none
U008,2024-09-09 08:20:00,167.4,1,0.0,1.0,0,none,0,none
U008,2024-09-09 08:25:00,167.2,1,0.0,1.06,0,none,0,none
U008,2024-09-09 08:35:00,167.1,1,0.0,0.94,0,none,0,none
U008,2024-09-09 08:55:00,166.1,0,0.0,1.2,0,none,0,none
U008,2024-09-09 09:00:00,166.8,1,0.0,0.82,0,none,0,none
U008,2024-09-09 09:05:00,167.0,1,0.0,0.96,0,none,0,none
U008,2024-09-09 09:10:00,167.0,1,0.0,0.89,0,none,0,none
U008,2024-09-09 09:15:00,167.4,1,0.0,1.04,0,none,0,none
U008,2024-09-09 09:20:00,166.9,1,0.0,0.94,0,none,0,none
U008,2024-09-09 09:25:00,167.4,1,0.0,1.06,0,none,0,none
U008,2024-09-09 09:30:00,167.6,1,0.0,0.91,0,none,0,none
U008,2024-09-09 09:35:00,168.1,1,0.0,1.17,0,none,0,none
U008,2024-09-09 09:40:00,168.8,1,0.0,1.09,0,none,0,none
U008,2024-09-09 09:45:00,168.5,1,0.0,0.95,45,dinner,0,none
U008,2024-09-09 09:50:00,169.4,1,0.0,1.2,0,none,0,none
U008,2024-09-09 09:55:00,169.5,1,4.3,0.97,45,breakfast,0,none
U008,2024-09-09 10:00:00,168.6,1,4.8,0.81,45,lunch,0,none
U008,2024-09-09 10:05:00,168.5,1,0.0,0.93,0,none,0,none
U008,2024-09-09 10:10:00,169.1,1,0.0,1.02,0,none,0,none
U008,2024-09-09 10:15:00,169.4,1,0.0,0.99,0,none,0,none
U008,2024-09-09 10:20:00,168.9,1,0.0,0.86,0,none,0,none
U008,2024-09-09 10:25:00,169.0,1,0.0,0.96,0,none,0,none
U008,2024-09-09 10:30:00,169.3,1,0.0,0.97,0,none,0,none
U008,2024-09-09 10:55:00,170.1,1,0.0,0.9,0,none,0,none
U008,2024-09-09 11:05:00,170.0,1,0.0,0.97,0,none,0,none
U008,2024-09-09 11:10:00,170.5,1,0.0,0.89,0,none,0,none
U008,2024-09-09 11:20:00,170.3,1,0.0,0.96,0,none,0,none
U008,2024-09-09 11:40:00,170.8,1,0.0,0.98,0,none,0,none
U008,2024-09-09 11:50:00,170.8,1,5.0,1.19,45,snack,0,none
U008,2024-09-09 11:55:00,170.8,1,0.0,1.06,0,none,0,none
U008,2024-09-09 12:05:00,170.2,1,0.0,1.1,0,none,0,none
U008,2024-09-09 12:10:00,170.4,1,0.0,1.05,0,none,0,none
U008,2024-09-09 12:15:00,171.0,1,0.0,1.19,0,none,0,none
U008,2024-09-09 12:25:00,170.1,1,0.0,1.17,0,none,0,none
U008,2024-09-09 12:30:00,171.0,1,0.0,1.12,0,none,0,none
U008,2024-09-09 12:45:00,170.8,1,0.0,1.18,0,none,0,none
U008,2024-09-09 12:50:00,171.4,1,0.0,1.19,0,none,0,none
U008,2024-09-09 12:55:00,170.7,1,0.0,0.81,0,none,0,none
U008,2024-09-09 13:00:00,170.4,1,0.0,1.14,0,none,0,none
U008,2024-09-09 13:05:00,170.2,1,0.0,1.05,0,none,0,none
U008,2024-09-09 13:10:00,170.0,1,0.0,1.1,0,none,0,none
U008,2024-09-09 13:15:00,170.9,1,0.0,0.96,0,none,0,none
U008,2024-09-09 13:20:00,171.1,1,0.0,1.19,0,none,0,none
U008,2024-09-09 13:30:00,171.8,1,0.0,0.99,0,none,0,none
U008,2024-09-09 13:35:00,171.9,1,0.0,0.9,0,none,0,none
U008,2024-09-09 13:40:00,172.1,1,0.0,0.85,0,none,0,none
U008,2024-09-09 13:45:00,172.3,1,0.0,1.18,0,none,0,none
U008,2024-09-09 13:50:00,172.5,1,0.0,0.85,0,none,0,none
U008,2024-09-09 14:00:00,172.0,1,0.0,1.2,0,none,0,none
U008,2024-09-09 14:05:00,172.5,1,0.0,0.89,0,none,0,none
U008,2024-09-09 14:10:00,172.0,1,0.0,1.14,0,none,0,none
U008,2024-09-09 14:15:00,171.5,1,0.0,1.03,0,none,0,none
U008,2024-09-09 14:20:00,171.9,1,0.0,1.06,0,none,0,none
U008,2024-09-09 14:25:00,172.5,1,0.0,1.2,0,none,0,none
U008,2024-09-09 14:30:00,172.4,1,0.0,0.8,0,none,0,none
U008,2024-09-09 14:35:00,172.1,1,0.0,0.86,0,none,0,none
U008,2024-09-09 14:45:00,172.1,1,0.0,1.13,0,none,0,none
U008,2024-09-09 14:50:00,172.3,1,0.0,0.96,0,none,0,none
U008,2024-09-09 14:55:00,172.3,1,0.0,0.91,0,none,0,none
U008,2024-09-09 15:00:00,172.2,1,0.0,1.02,0,none,0,none
U008,2024-09-09 15:05:00,172.0,1,0.0,0.9,0,none,0,none
U008,2024-09-09 15:10:00,172.5,1,0.0,0.86,0,none,0,none
U008,2024-09-09 15:15:00,173.1,0,0.0,1.19,0,none,0,none
U008,2024-09-09 15:35:00,172.8,1,0.0,1.05,0,none,0,none
U008,2024-09-09 15:40:00,173.0,1,0.0,0.93,0,none,0,none
U008,2024-09-09 15:50:00,173.8,1,0.0,0.99,75,snack,0,none
U008,2024-09-09 15:55:00,173.5,1,0.0,0.96,0,none,0,none
U008,2024-09-09 16:00:00,174.7,1,0.0,1.1,0,none,0,none
U008,2024-09-09 16:15:00,175.4,1,0.0,0.95,0,none,0,none
U008,2024-09-09 16:30:00,175.7,1,0.0,0.86,0,none,0,none
U008,2024-09-09 16:35:00,175.3,1,0.0,0.93,0,none,0,none
U008,2024-09-09 16:40:00,176.4,1,0.0,0.97,0,none,0,none
U008,2024-09-09 16:45:00,176.1,1,0.0,0.85,0,none,0,none
U008,2024-09-09 16:50:00,175.5,1,0.0,1.02,0,none,0,none
U008,2024-09-09 16:55:00,176.0,1,0.0,0.81,0,none,0,none
U008,2024-09-09 17:05:00,174.9,1,0.0,0.96,0,none,0,none
U008,2024-09-09 17:10:00,174.3,1,0.0,0.98,0,none,0,none
U008,2024-09-09 17:15:00,173.9,1,0.0,0.86,0,none,0,none
U008,2024-09-09 17:25:00,174.1,1,0.0,0.82,0,none,0,none
U008,2024-09-09 17:30:00,173.4,1,0.0,0.92,0,none,0,none
U008,2024-09-09 17:45:00,173.3,1,0.0,0.93,0,none,0,none
U008,2024-09-09 17:50:00,174.1,1,0.0,1.0,0,none,0,none
U008,2024-09-09 18:00:00,173.3,1,0.0,1.11,0,none,0,none
U008,2024-09-09 18:05:00,172.8,1,0.0,1.17,0,none,0,none
U008,2024-09-09 18:10:00,173.5,1,0.0,1.03,0,none,0,none
U008,2024-09-09 18:20:00,173.4,1,0.0,0.89,0,none,0,none
U008,2024-09-09 18:30:00,172.1,1,0.0,0.95,0,none,0,none
U008,2024-09-09 18:40:00,172.5,1,0.0,1.12,0,none,0,none
U008,2024-09-09 18:45:00,172.4,1,0.0,0.87,0,none,0,none
U008,2024-09-09 18:50:00,172.9,1,0.0,1.01,0,none,0,none
U008,2024-09-09 18:55:00,172.3,1,2.1,1.12,30,lunch,0,none
U008,2024-09-09 19:10:00,172.1,1,0.0,1.05,0,none,0,none
U008,2024-09-09 19:15:00,172.3,1,0.0,0.98,0,none,0,none
U008,2024-09-09 19:20:00,171.2,1,0.0,0.95,0,none,0,none
U008,2024-09-09 19:25:00,170.5,1,0.0,1.17,0,none,0,none
U008,2024-09-09 19:30:00,171.3,1,0.0,0.85,0,none,0,none
U008,2024-09-09 19:35:00,171.3,1,0.0,0.83,0,none,0,none
U008,2024-09-09 20:00:00,170.7,1,0.0,1.13,0,none,0,none
U008,2024-09-09 20:05:00,170.3,1,0.0,1.19,0,none,0,none
U008,2024-09-09 20:10:00,169.5,1,0.0,1.15,0,none,2711,low
U008,2024-09-09 20:15:00,169.1,1,0.0,0.89,0,none,0,none
U008,2024-09-09 20:45:00,167.7,1,0.0,1.06,0,none,0,none
U008,2024-09-09 20:50:00,168.1,1,0.0,1.19,0,none,0,none
U008,2024-09-09 21:05:00,168.3,1,0.0,0.83,0,none,0,none
U008,2024-09-09 21:10:00,168.3,1,0.0,1.17,0,none,0,none
U008,2024-09-09 21:20:00,169.6,1,0.0,1.13,0,none,0,none
U008,2024-09-09 21:25:00,168.7,1,0.0,0.99,0,none,0,none
U008,2024-09-09 21:35:00,169.3,1,0.0,0.82,0,none,0,none
U008,2024-09-09 21:40:00,170.1,1,3.4,1.17,45,breakfast,0,none
U008,2024-09-09 21:45:00,170.3,1,7.9,1.08,90,snack,0,none
U008,2024-09-09 21:50:00,170.0,1,0.0,1.05,0,none,0,none
U008,2024-09-09 21:55:00,170.5,1,0.0,1.14,0,none,0,none
U008,2024-09-09 22:05:00,171.1,1,0.0,0.92,0,none,0,none
U008,2024-09-09 22:15:00,170.8,1,0.0,0.86,0,none,0,none
U009,2024-09-01 00:05:00,108.2,1,0.0,0.85,0,none,0,none
U009,2024-09-01 00:10:00,108.1,1,0.0,1.05,0,none,0,none
U009,2024-09-01 00:25:00,108.9,1,0.0,1.19,0,none,0,none
U009,2024-09-01 00:35:00,108.4,1,0.0,1.08,0,none,0,none
U009,2024-09-01 00:50:00,107.1,1,0.0,0.86,0,none,0,none
U009,2024-09-01 01:10:00,105.9,1,0.0,1.13,0,none,0,none
U009,2024-09-01 01:20:00,106.3,1,0.0,1.07,0,none,0,none
U009,2024-09-01 01:35:00,106.4,1,0.0,0.82,0,none,0,none
U009,2024-09-01 01:40:00,105.2,1,0.0,0.81,0,none,0,none
U009,2024-09-01 01:45:00,104.5,1,1.8,0.82,30,lunch,0,none
U009,2024-09-01 01:50:00,103.0,1,0.0,1.14,0,none,0,none
U009,2024-09-01 02:00:00,101.0,1,0.0,1.03,0,none,0,none
U009,2024-09-01 02:10:00,99.7,1,0.0,0.99,0,none,0,none
U009,2024-09-01 02:25:00,97.8,1,0.0,0.99,0,none,0,none
U009,2024-09-01 02:30:00,96.6,1,0.0,1.03,0,none,0,none
U009,2024-09-01 02:35:00,95.6,1,0.0,0.94,0,none,0,none
U009,2024-09-01 02:45:00,94.4,1,0.0,1.08,0,none,0,none
U009,2024-09-01 03:15:00,94.1,1,0.0,1.13,0,none,0,none
U009,2024-09-01 03:20:00,93.7,1,0.0,1.2,0,none,0,none
U009,2024-09-01 03:25:00,94.0,1,0.0,0.98,0,none,0,none
U009,2024-09-01 03:35:00,94.1,1,0.0,0.98,0,none,3163,low
U009,2024-09-01 03:40:00,94.8,1,0.0,0.85,0,none,0,none
U009,2024-09-01 03:50:00,94.3,1,0.0,1.01,0,none,4445,low
U009,2024-09-01 03:55:00,93.7,1,0.0,0.92,0,none,0,none
U009,2024-09-01 04:15:00,94.4,1,0.0,1.02,0,none,0,none
U009,2024-09-01 04:20:00,94.5,1,0.0,1.19,0,none,0,none
U009,2024-09-01 04:25:00,94.6,1,0.0,1.01,0,none,0,none
U009,2024-09-01 04:30:00,94.3,1,0.0,0.95,0,none,0,none
U009,2024-09-01 04:40:00,92.8,1,0.0,0.99,0,none,0,none
U009,2024-09-01 04:45:00,93.2,1,0.0,1.01,0,none,0,none
U009,2024-09-01 05:10:00,95.2,1,0.0,0.89,0,none,0,none
U009,2024-09-01 05:15:00,95.1,1,0.0,0.89,0,none,0,none
U009,2024-09-01 05:30:00,95.3,1,0.0,0.84,0,none,0,none
U009,2024-09-01 05:35:00,95.7,1,0.0,0.91,0,none,0,none
U009,2024-09-01 05:45:00,94.9,1,0.0,1.17,0,none,0,none
U009,2024-09-01 05:50:00,95.7,1,0.0,0.98,0,none,0,none
U009,2024-09-01 05:55:00,95.9,1,0.0,1.13,0,none,0,none
U009,2024-09-01 06:05:00,96.4,1,0.0,1.06,0,none,0,none
U009,2024-09-01 06:20:00,95.4,1,0.0,1.05,0,none,0,none
U009,2024-09-01 06:35:00,95.7,1,0.0,1.06,0,none,0,none
U009,2024-09-01 06:40:00,97.1,1,0.0,0.81,0,none,0,none
U009,2024-09-01 06:45:00,96.8,1,0.0,1.13,0,none,0,none
U009,2024-09-01 06:55:00,97.0,1,0.0,1.16,0,none,0,none
U009,2024-09-01 07:00:00,97.4,1,0.0,0.88,0,none,0,none
U009,2024-09-01 07:15:00,97.3,1,0.0,0.86,0,none,0,none
U009,2024-09-01 07:20:00,97.8,1,0.0,0.88,0,none,0,none
U009,2024-09-01 07:35:00,97.6,1,0.0,1.1,0,none,0,none
U009,2024-09-01 07:50:00,97.4,1,0.0,1.15,0,none,0,none
U009,2024-09-01 08:00:00,98.4,1,0.0,0.93,0,none,0,none
U009,2024-09-01 08:10:00,98.7,1,0.0,0.86,0,none,0,none
U009,2024-09-01 08:20:00,98.9,1,0.0,1.16,0,none,0,none
U009,2024-09-01 08:25:00,99.9,1,1.3,1.1,30,lunch,0,none
U009,2024-09-01 08:50:00,101.7,1,0.0,1.1,0,none,0,none
U009,2024-09-01 09:05:00,100.7,1,0.0,1.17,0,none,0,none
U009,2024-09-01 09:10:00,100.0,1,0.0,0.9,0,none,0,none
U009,2024-09-01 09:30:00,100.2,1,0.0,1.02,0,none,0,none
U009,2024-09-01 09:35:00,99.8,1,0.0,0.86,0,none,0,none
U009,2024-09-01 09:55:00,97.6,1,0.0,0.88,0,none,0,none
U009,2024-09-01 10:00:00,97.3,1,0.0,0.98,0,none,0,none
U009,2024-09-01 10:05:00,96.7,1,0.0,0.81,0,none,0,none
U009,2024-09-01 10:10:00,97.2,1,0.0,0.91,0,none,0,none
U009,2024-09-01 10:15:00,97.1,1,0.0,1.09,0,none,0,none
U009,2024-09-01 10:20:00,97.1,1,0.0,1.06,0,none,0,none
U009,2024-09-01 10:40:00,97.0,1,0.0,0.93,0,none,0,none
U009,2024-09-01 10:45:00,96.4,1,0.0,0.91,0,none,0,none
U009,2024-09-01 11:00:00,97.5,1,0.0,0.9,0,none,0,none
U009,2024-09-01 11:10:00,97.8,1,0.0,0.9,0,none,0,none
U009,2024-09-01 11:15:00,98.4,1,0.0,1.05,0,none,0,none
U009,2024-09-01 11:20:00,98.5,1,0.0,0.91,0,none,0,none
U009,2024-09-01 11:25:00,97.7,1,0.0,0.85,0,none,0,none
U009,2024-09-01 11:50:00,99.1,1,0.0,1.09,0,none,0,none
U009,2024-09-01 11:55:00,99.7,1,0.0,1.06,0,none,0,none
U009,2024-09-01 12:15:00,99.4,1,0.0,1.19,0,none,0,none
U009,2024-09-01 12:20:00,99.9,1,0.0,0.98,0,none,0,none
U009,2024-09-01 12:30:00,99.4,1,0.0,0.83,0,none,0,none
U009,2024-09-01 12:35:00,97.4,1,0.0,1.14,0,none,2228,medium
U009,2024-09-01 12:40:00,96.1,1,0.0,0.98,0,none,0,none
U009,2024-09-01 12:50:00,96.8,1,0.0,1.15,0,none,0,none
U009,2024-09-01 12:55:00,95.6,1,0.0,0.91,0,none,0,none
U009,2024-09-01 13:10:00,95.2,1,2.5,1.12,45,dinner,0,none
U009,2024-09-01 13:15:00,95.2,1,0.0,0.94,0,none,0,none
U009,2024-09-01 13:20:00,94.8,1,0.0,0.86,0,none,0,none
U009,2024-09-01 13:25:00,94.4,1,0.0,0.91,0,none,0,none
U009,2024-09-01 13:30:00,93.7,1,0.0,1.09,0,none,0,none
U009,2024-09-01 13:35:00,93.5,1,0.0,1.2,0,none,0,none
U009,2024-09-01 13:45:00,93.7,1,0.0,0.88,0,none,0,none
U009,2024-09-01 13:50:00,93.5,1,0.0,1.18,0,none,0,none
U009,2024-09-01 13:55:00,93.3,1,0.0,0.9,0,none,0,none
U009,2024-09-01 14:00:00,92.6,1,0.0,0.9,0,none,0,none
U009,2024-09-01 14:10:00,93.5,1,0.0,0.94,0,none,0,none
U009,2024-09-01 14:15:00,93.9,1,0.0,0.81,0,none,0,none
U009,2024-09-01 14:20:00,93.8,1,0.0,1.17,0,none,0,none
U009,2024-09-01 14:25:00,93.7,1,0.0,1.04,0,none,0,none
U009,2024-09-01 14:30:00,93.1,1,0.0,0.99,0,none,0,none
U009,2024-09-01 14:35:00,93.0,1,0.0,1.18,0,none,0,none
U009,2024-09-01 14:40:00,93.0,1,0.0,1.03,0,none,0,none
U009,2024-09-01 14:45:00,92.8,1,3.9,1.06,60,breakfast,0,none
U009,2024-09-01 14:55:00,91.6,1,0.0,1.13,0,none,0,none
U009,2024-09-01 15:05:00,92.7,1,0.0,1.04,0,none,0,none
U009,2024-09-01 15:10:00,92.7,1,0.0,0.96,0,none,0,none
U009,2024-09-01 15:30:00,94.2,1,0.0,1.17,0,none,0,none
U009,2024-09-01 15:45:00,95.4,1,0.0,1.0,0,none,0,none
U009,2024-09-01 15:50:00,95.5,1,0.0,1.0,0,none,0,none
U009,2024-09-01 15:55:00,95.5,1,0.0,0.95,0,none,0,none
U009,2024-09-01 16:00:00,94.6,1,0.0,1.03,0,none,0,none
U009,2024-09-01 16:10:00,94.6,1,0.0,0.85,0,none,0,none
U009,2024-09-01 16:15:00,94.7,1,0.0,1.13,0,none,0,none
U009,2024-09-01 16:25:00,94.9,1,0.0,1.18,0,none,0,none
U009,2024-09-01 16:30:00,95.1,1,0.0,0.82,0,none,0,none
U009,2024-09-01 16:40:00,94.7,1,0.0,0.86,0,none,0,none
U009,2024-09-01 16:45:00,94.3,1,0.0,0.98,0,none,0,none
U009,2024-09-01 17:00:00,94.3,1,0.0,0.98,0,none,0,none
U009,2024-09-01 17:05:00,94.6,1,0.0,0.97,0,none,0,none
U009,2024-09-01 17:10:00,94.0,1,0.0,1.01,0,none,0,none
U009,2024-09-01 17:15:00,94.2,1,0.0,0.83,0,none,0,none
U009,2024-09-01 17:25:00,94.2,1,0.0,0.82,0,none,0,none
U009,2024-09-01 17:30:00,93.9,1,0.0,0.99,0,none,0,none
U009,2024-09-01 17:35:00,94.6,1,0.0,0.96,0,none,0,none
U009,2024-09-01 17:50:00,94.4,1,0.0,1.18,0,none,0,none
U009,2024-09-01 17:55:00,93.9,1,0.0,0.81,0,none,0,none
U009,2024-09-01 18:00:00,94.3,1,0.0,0.98,0,none,0,none
U009,2024-09-01 18:15:00,94.8,1,0.0,0.84,0,none,0,none
U009,2024-09-01 18:20:00,94.7,1,0.0,1.05,0,none,0,none
U009,2024-09-01 18:35:00,97.0,1,0.0,0.86,0,none,0,none
U009,2024-09-01 19:00:00,96.3,1,0.0,0.87,60,lunch,0,none
U009,2024-09-01 19:05:00,97.1,1,0.0,1.17,0,none,0,none
U009,2024-09-01 19:10:00,96.7,1,0.0,1.13,0,none,0,none
U009,2024-09-01 19:20:00,95.7,1,0.0,0.94,0,none,0,none
U009,2024-09-01 19:40:00,95.6,1,0.0,1.0,0,none,0,none
U009,2024-09-01 19:45:00,95.1,1,0.0,1.15,0,none,0,none
U009,2024-09-01 19:50:00,94.9,1,0.0,0.82,0,none,0,none
U009,2024-09-01 19:55:00,95.4,1,0.0,0.87,0,none,0,none
U009,2024-09-01 20:00:00,95.0,1,0.0,0.95,0,none,0,none
U009,2024-09-01 20:05:00,94.7,1,0.0,0.85,0,none,0,none
U009,2024-09-01 20:10:00,94.1,1,0.0,1.08,0,none,0,none
U009,2024-09-01 20:15:00,94.6,1,0.0,0.81,0,none,0,none
U009,2024-09-01 20:20:00,95.1,1,0.0,1.06,0,none,0,none
U009,2024-09-01 20:30:00,94.9,1,0.0,1.14,0,none,0,none
U009,2024-09-01 20:35:00,95.8,1,0.0,0.91,0,none,0,none
U009,2024-09-01 20:40:00,95.3,1,0.0,1.01,0,none,0,none
U009,2024-09-01 20:50:00,96.9,1,0.0,0.87,0,none,0,none
U009,2024-09-01 20:55:00,96.2,1,2.8,1.18,30,breakfast,0,none
U009,2024-09-01 21:05:00,95.1,1,0.0,0.91,0,none,0,none
U009,2024-09-01 21:10:00,95.6,1,0.0,0.95,0,none,0,none
U009,2024-09-01 21:15:00,96.6,1,0.0,0.81,0,none,0,none
U009,2024-09-01 21:25:00,96.2,1,0.0,0.96,0,none,0,none
U009,2024-09-01 21:30:00,96.4,1,0.0,1.08,0,none,0,none
U009,2024-09-01 21:35:00,97.2,1,0.0,0.99,0,none,0,none
U009,2024-09-01 21:45:00,96.2,1,0.0,0.93,0,none,0,none
U009,2024-09-01 21:50:00,96.7,1,2.1,0.83,30,dinner,0,none
U009,2024-09-01 21:55:00,97.3,1,0.0,0.83,0,none,0,none
U009,2024-09-01 22:00:00,97.1,1,4.1,0.81,60,breakfast,0,none
U009,2024-09-01 22:10:00,96.5,1,0.0,1.05,0,none,0,none
U009,2024-09-01 22:15:00,96.2,1,0.0,0.92,0,none,0,none
U009,2024-09-01 22:25:00,97.0,1,0.0,1.02,0,none,0,none
U009,2024-09-01 22:30:00,96.3,1,0.0,1.06,0,none,0,none
U009,2024-09-01 22:35:00,96.7,1,0.0,0.86,0,none,0,none
U009,2024-09-01 22:50:00,95.5,1,0.0,0.98,0,none,0,none
U009,2024-09-01 22:55:00,95.5,1,0.0,1.07,0,none,0,none
U009,2024-09-01 23:05:00,95.6,1,0.0,1.06,0,none,0,none
U009,2024-09-01 23:15:00,95.5,1,0.0,0.95,0,none,0,none
U009,2024-09-01 23:30:00,96.6,1,0.0,0.94,0,none,0,none
U009,2024-09-01 23:35:00,96.6,1,0.0,0.89,0,none,0,none
U009,2024-09-01 23:40:00,96.6,1,0.0,0.98,0,none,0,none
U009,2024-09-01 23:45:00,96.2,1,0.0,0.92,0,none,0,none
U009,2024-09-01 23:50:00,95.5,1,0.0,0.91,0,none,0,none
U009,2024-09-01 23:55:00,93.2,1,0.0,1.19,0,none,4390,high
U009,2024-09-02 00:05:00,93.6,1,0.0,0.9,0,none,0,none
U009,2024-09-02 00:10:00,93.0,1,0.0,1.0,0,none,0,none
U009,2024-09-02 00:45:00,93.2,1,0.0,0.86,0,none,0,none
U009,2024-09-02 00:50:00,93.8,1,0.0,0.89,0,none,0,none
U009,2024-09-02 00:55:00,94.2,1,0.0,1.0,0,none,0,none
U009,2024-09-02 01:05:00,93.8,1,0.0,1.07,0,none,0,none
U009,2024-09-02 01:10:00,93.4,1,0.0,0.86,0,none,0,none
U009,2024-09-02 01:20:00,91.2,1,0.0,1.16,0,none,4228,medium
U009,2024-09-02 01:30:00,91.6,1,0.0,0.86,0,none,0,none
U009,2024-09-02 01:35:00,91.8,1,0.0,1.04,0,none,0,none
U009,2024-09-02 01:40:00,91.8,1,0.0,1.03,0,none,0,none
U009,2024-09-02 01:50:00,93.3,1,0.0,0.92,0,none,0,none
U009,2024-09-02 02:00:00,92.6,1,0.0,1.0,0,none,0,none
U009,2024-09-02 02:15:00,94.2,1,0.0,1.01,0,none,0,none
U009,2024-09-02 02:25:00,93.9,1,0.0,1.11,0,none,0,none
U009,2024-09-02 02:30:00,93.8,1,0.0,1.2,0,none,0,none
U009,2024-09-02 02:35:00,95.3,1,0.0,0.84,0,none,0,none
U009,2024-09-02 02:40:00,95.3,1,0.0,0.92,0,none,0,none
U009,2024-09-02 02:45:00,97.2,1,0.0,0.96,0,none,0,none
U009,2024-09-02 02:50:00,97.2,1,0.0,1.1,0,none,0,none
U009,2024-09-02 02:55:00,97.8,1,0.0,0.83,0,none,0,none
U009,2024-09-02 03:05:00,97.5,1,0.0,1.0,0,none,0,none
U009,2024-09-02 03:20:00,96.9,1,0.0,0.85,0,none,0,none
U009,2024-09-02 03:25:00,96.9,1,0.0,1.13,0,none,0,none
U009,2024-09-02 03:35:00,97.9,1,0.0,0.94,0,none,0,none
U009,2024-09-02 03:40:00,98.8,1,0.0,0.83,0,none,0,none
U009,2024-09-02 03:45:00,98.8,1,5.3,1.08,75,breakfast,0,none
U009,2024-09-02 03:50:00,99.1,1,0.0,1.09,0,none,0,none
U009,2024-09-02 04:05:00,98.9,1,0.0,1.06,0,none,0,none
U009,2024-09-02 04:15:00,99.6,1,0.0,1.18,0,none,0,none
U009,2024-09-02 04:25:00,99.1,1,0.0,0.86,0,none,0,none
U009,2024-09-02 04:35:00,99.2,1,0.0,1.04,0,none,0,none
U009,2024-09-02 04:40:00,99.0,1,0.0,0.89,0,none,0,none
U009,2024-09-02 04:50:00,99.4,1,0.0,0.8,75,snack,0,none
U009,2024-09-02 05:05:00,99.0,1,0.0,0.9,0,none,0,none
U009,2024-09-02 05:15:00,97.9,1,0.0,1.14,0,none,0,none
U009,2024-09-02 05:25:00,98.7,1,0.0,0.94,0,none,0,none
U009,2024-09-02 05:30:00,98.9,1,0.0,0.96,0,none,0,none
U009,2024-09-02 05:40:00,99.2,1,0.0,1.18,0,none,0,none
U009,2024-09-02 05:45:00,99.4,1,0.0,1.11,0,none,0,none
U009,2024-09-02 05:55:00,99.4,1,0.0,1.1,0,none,0,none
U009,2024-09-02 06:00:00,99.3,1,0.0,0.83,0,none,0,none
U009,2024-09-02 06:05:00,99.0,1,0.0,0.94,0,none,0,none
U009,2024-09-02 06:10:00,98.9,1,0.0,1.16,0,none,0,none
U009,2024-09-02 06:25:00,97.8,1,0.0,1.09,0,none,3036,high
U009,2024-09-02 06:35:00,98.9,1,0.0,0.85,0,none,0,none
U009,2024-09-02 06:40:00,98.7,1,0.0,1.09,0,none,0,none
U009,2024-09-02 06:55:00,98.0,1,0.0,1.16,0,none,0,none
U009,2024-09-02 07:05:00,99.1,1,0.0,1.1,0,none,0,none
U009,2024-09-02 07:10:00,99.4,1,0.0,1.03,0,none,0,none
U009,2024-09-02 07:30:00,98.4,1,0.0,1.07,0,none,0,none
U009,2024-09-02 07:40:00,99.2,1,2.3,0.82,45,breakfast,0,none
U009,2024-09-02 07:45:00,99.5,1,0.0,1.13,0,none,0,none
U009,2024-09-02 08:00:00,100.7,1,0.0,0.88,0,none,0,none
U009,2024-09-02 08:10:00,101.1,1,5.2,1.06,90,snack,0,none
U009,2024-09-02 08:15:00,101.4,1,0.0,0.82,0,none,0,none
U009,2024-09-02 08:25:00,101.5,1,0.0,0.82,0,none,0,none
U009,2024-09-02 08:45:00,101.1,1,0.0,0.88,0,none,0,none
U009,2024-09-02 08:50:00,100.5,1,0.0,1.0,0,none,0,none
U009,2024-09-02 09:05:00,100.4,1,0.0,1.19,0,none,0,none
U009,2024-09-02 09:10:00,100.1,1,0.0,0.8,0,none,0,none
U009,2024-09-02 09:15:00,100.6,1,4.3,0.84,60,snack,0,none
U009,2024-09-02 09:25:00,101.5,1,0.0,1.19,0,none,0,none
U009,2024-09-02 09:30:00,101.9,1,0.0,0.89,0,none,0,none
U009,2024-09-02 09:40:00,102.3,1,0.0,0.83,0,none,0,none
U009,2024-09-02 09:45:00,102.5,1,0.0,0.98,0,none,0,none
U009,2024-09-02 09:55:00,103.4,1,0.0,1.09,0,none,0,none
U009,2024-09-02 10:00:00,104.2,1,0.0,0.94,0,none,0,none
U009,2024-09-02 10:10:00,105.5,1,0.0,0.82,0,none,0,none
U009,2024-09-02 10:15:00,105.7,1,0.0,0.98,0,none,0,none
U009,2024-09-02 10:20:00,105.5,1,0.0,1.03,0,none,0,none
U009,2024-09-02 10:30:00,107.0,1,0.0,1.04,0,none,0,none
U009,2024-09-02 10:35:00,106.7,1,0.0,1.09,0,none,0,none
U009,2024-09-02 10:40:00,106.6,1,0.0,1.01,0,none,0,none
U009,2024-09-02 10:50:00,106.6,1,0.0,1.18,0,none,0,none
U009,2024-09-02 10:55:00,106.7,1,0.0,1.1,0,none,0,none
U009,2024-09-02 11:05:00,107.1,1,0.0,0.94,0,none,0,none
U009,2024-09-02 11:10:00,107.3,1,0.0,1.0,0,none,0,none
U009,2024-09-02 11:25:00,106.5,1,0.0,0.91,0,none,0,none
U009,2024-09-02 11:30:00,106.3,1,0.0,1.1,0,none,0,none
U009,2024-09-02 11:35:00,107.2,1,0.0,0.93,0,none,0,none
U009,2024-09-02 11:45:00,107.5,1,0.0,1.07,0,none,0,none
U009,2024-09-02 11:50:00,107.7,1,0.0,0.97,0,none,0,none
U009,2024-09-02 11:55:00,107.1,1,0.0,1.02,0,none,0,none
U009,2024-09-02 12:05:00,107.5,1,0.0,1.03,0,none,0,none
U009,2024-09-02 12:10:00,107.7,1,0.0,1.13,0,none,0,none
U009,2024-09-02 12:25:00,107.1,1,0.0,1.17,0,none,0,none
U009,2024-09-02 12:30:00,107.5,1,0.0,1.02,0,none,0,none
U009,2024-09-02 12:35:00,107.7,1,0.0,1.07,0,none,0,none
U009,2024-09-02 12:40:00,106.8,1,0.0,1.03,0,none,0,none
U009,2024-09-02 12:50:00,105.9,1,0.0,1.11,0,none,0,none
U009,2024-09-02 12:55:00,105.9,1,0.0,1.14,0,none,0,none
U009,2024-09-02 13:00:00,106.7,1,0.0,1.1,0,none,0,none
U009,2024-09-02 13:15:00,107.8,1,0.0,1.02,0,none,0,none
U009,2024-09-02 13:30:00,109.1,1,0.0,1.06,0,none,0,none
U009,2024-09-02 13:35:00,109.4,1,0.0,1.03,0,none,0,none
U009,2024-09-02 13:40:00,109.7,1,0.0,0.91,0,none,0,none
U009,2024-09-02 13:45:00,110.3,1,0.0,0.99,0,none,0,none
U009,2024-09-02 13:55:00,109.8,1,0.0,0.86,0,none,0,none
U009,2024-09-02 14:00:00,110.4,1,0.0,1.03,0,none,0,none
U009,2024-09-02 14:05:00,109.9,1,0.0,0.99,0,none,0,none
U009,2024-09-02 14:15:00,110.6,1,0.0,1.05,0,none,0,none
U009,2024-09-02 14:20:00,110.1,1,0.0,1.09,0,none,0,none
U009,2024-09-02 14:25:00,110.7,1,0.0,1.14,0,none,0,none
U009,2024-09-02 14:35:00,109.1,1,0.0,0.99,0,none,0,none
U009,2024-09-02 14:40:00,108.9,1,0.0,0.91,0,none,0,none
U009,2024-09-02 14:45:00,110.0,1,0.0,1.16,0,none,0,none
U009,2024-09-02 15:05:00,110.9,1,0.0,1.16,90,lunch,0,none
U009,2024-09-02 15:10:00,110.8,1,0.0,1.16,0,none,0,none
U009,2024-09-02 15:20:00,109.9,1,0.0,0.87,0,none,0,none
U009,2024-09-02 15:25:00,110.4,1,0.0,1.07,0,none,0,none
U009,2024-09-02 15:30:00,110.8,1,0.0,0.93,0,none,0,none
U009,2024-09-02 15:35:00,111.5,1,0.0,1.1,0,none,0,none
U009,2024-09-02 15:45:00,111.5,1,0.0,0.94,0,none,0,none
U009,2024-09-02 15:50:00,111.9,1,0.0,1.19,0,none,0,none
U009,2024-09-02 15:55:00,111.3,1,0.0,0.94,0,none,0,none
U009,2024-09-02 16:00:00,111.4,1,0.0,1.06,0,none,0,none
U009,2024-09-02 16:05:00,111.7,1,0.0,0.86,0,none,0,none
U009,2024-09-02 16:10:00,112.0,1,0.0,1.16,0,none,0,none
U009,2024-09-02 16:15:00,112.8,1,0.0,0.89,0,none,0,none
U009,2024-09-02 16:20:00,112.5,1,0.0,0.93,0,none,0,none
U009,2024-09-02 16:25:00,112.6,1,0.0,0.95,0,none,0,none
U009,2024-09-02 16:30:00,112.7,1,0.0,1.16,0,none,0,none
U009,2024-09-02 16:35:00,112.6,1,0.0,0.98,0,none,0,none
U009,2024-09-02 16:40:00,112.4,1,5.1,1.06,75,lunch,0,none
U009,2024-09-02 16:55:00,110.8,1,0.0,1.14,0,none,0,none
U009,2024-09-02 17:15:00,112.1,1,0.0,0.82,0,none,0,none
U009,2024-09-02 17:20:00,112.6,1,0.0,0.9,0,none,0,none
U009,2024-09-02 17:25:00,112.6,1,0.0,1.11,0,none,0,none
U009,2024-09-02 17:30:00,112.2,1,0.0,1.12,0,none,0,none
U009,2024-09-02 17:40:00,112.6,1,0.0,0.96,0,none,0,none
U009,2024-09-02 17:45:00,112.4,1,0.0,1.03,0,none,0,none
U009,2024-09-02 17:50:00,113.3,1,6.2,0.94,90,breakfast,0,none
U009,2024-09-02 17:55:00,114.4,1,0.0,1.13,0,none,0,none
U009,2024-09-02 18:00:00,113.9,1,0.0,1.12,0,none,0,none
U009,2024-09-02 18:05:00,113.8,1,0.0,1.14,0,none,0,none
U009,2024-09-02 18:15:00,112.9,1,0.0,0.84,0,none,0,none
U009,2024-09-02 18:25:00,112.7,1,0.0,0.94,0,none,0,none
U009,2024-09-02 18:30:00,112.8,1,0.0,0.91,0,none,0,none
U009,2024-09-02 18:35:00,113.6,1,0.0,1.19,0,none,0,none
U009,2024-09-02 18:50:00,113.5,1,0.0,1.14,0,none,0,none
U009,2024-09-02 18:55:00,114.2,1,0.0,0.92,0,none,0,none
U009,2024-09-02 19:00:00,114.2,1,0.0,1.15,0,none,0,none
U009,2024-09-02 19:05:00,113.5,1,0.0,0.85,0,none,0,none
U009,2024-09-02 19:10:00,113.3,1,0.0,0.86,0,none,0,none
U009,2024-09-02 19:25:00,114.5,1,0.0,0.97,0,none,0,none
U009,2024-09-02 19:30:00,113.9,1,0.0,1.11,0,none,0,none
U009,2024-09-02 19:35:00,114.1,1,3.3,1.08,60,snack,0,none
U009,2024-09-02 19:40:00,113.9,1,0.0,1.12,0,none,0,none
U009,2024-09-02 19:45:00,113.6,1,0.0,1.03,0,none,0,none
U009,2024-09-02 19:50:00,112.1,1,0.0,0.99,0,none,0,none
U009,2024-09-02 20:00:00,112.7,1,0.0,1.07,0,none,0,none
U009,2024-09-02 20:10:00,112.4,1,0.0,0.98,0,none,0,none
U009,2024-09-02 20:15:00,112.3,1,0.0,0.84,0,none,0,none
U009,2024-09-02 20:25:00,112.0,1,0.0,1.0,0,none,0,none
U009,2024-09-02 20:30:00,112.6,1,0.0,1.09,0,none,0,none
U009,2024-09-02 20:35:00,113.0,1,0.0,1.2,0,none,0,none
U009,2024-09-02 20:50:00,113.0,1,0.0,0.87,0,none,0,none
U009,2024-09-02 20:55:00,113.1,1,0.0,1.07,0,none,0,none
U009,2024-09-02 21:00:00,112.9,1,0.0,1.12,0,none,0,none
U009,2024-09-02 21:10:00,113.3,1,0.0,1.09,0,none,0,none
U009,2024-09-02 21:15:00,112.7,1,0.0,1.0,0,none,0,none
U009,2024-09-02 21:35:00,112.7,1,0.0,1.17,0,none,0,none
U009,2024-09-02 21:40:00,113.1,1,0.0,1.02,0,none,0,none
U009,2024-09-02 21:45:00,113.2,1,0.0,0.96,0,none,0,none
U009,2024-09-02 21:50:00,113.1,1,0.0,0.83,0,none,0,none
U009,2024-09-02 21:55:00,113.2,1,0.0,0.91,0,none,0,none
U009,2024-09-02 22:05:00,112.4,1,0.0,0.96,0,none,0,none
U009,2024-09-02 22:10:00,112.8,1,0.0,1.0,0,none,0,none
U009,2024-09-02 22:20:00,112.8,1,0.0,0.97,0,none,0,none
U009,2024-09-02 22:30:00,113.2,1,0.0,1.16,0,none,0,none
U009,2024-09-02 22:35:00,112.8,1,0.0,0.99,0,none,0,none
U009,2024-09-02 22:45:00,111.9,1,0.0,1.15,0,none,0,none
U009,2024-09-02 22:50:00,111.7,1,0.0,1.18,0,none,0,none
U009,2024-09-02 22:55:00,112.6,1,0.0,1.08,0,none,0,none
U009,2024-09-02 23:05:00,112.0,1,0.0,0.81,0,none,0,none
U009,2024-09-02 23:10:00,112.1,1,0.0,1.08,0,none,0,none
U009,2024-09-02 23:15:00,112.2,1,0.0,1.05,0,none,0,none
U009,2024-09-02 23:20:00,112.8,1,0.0,0.92,0,none,0,none
U009,2024-09-02 23:30:00,113.2,1,0.0,1.11,0,none,0,none
U009,2024-09-02 23:35:00,113.3,1,0.0,1.05,0,none,0,none
U009,2024-09-02 23:40:00,113.4,1,0.0,1.19,0,none,0,none
U009,2024-09-02 23:45:00,113.0,1,0.0,0.84,0,none,0,none
U009,2024-09-02 23:50:00,112.5,1,0.0,1.03,0,none,0,none
U009,2024-09-02 23:55:00,112.1,1,0.0,0.93,0,none,0,none
U009,2024-09-03 00:00:00,112.0,1,0.0,0.81,0,none,0,none
U009,2024-09-03 00:15:00,111.1,1,0.0,0.9,0,none,0,none
U009,2024-09-03 00:30:00,111.0,0,0.0,1.19,0,none,526,high
U009,2024-09-03 00:35:00,111.8,1,0.0,0.89,0,none,0,none
U009,2024-09-03 00:45:00,111.4,1,0.0,0.93,0,none,0,none
U009,2024-09-03 00:50:00,112.3,1,0.0,1.08,0,none,0,none
U009,2024-09-03 00:55:00,111.7,1,0.0,0.82,0,none,0,none
U009,2024-09-03 01:05:00,111.9,0,0.0,0.92,0,none,0,none
U009,2024-09-03 01:15:00,113.0,1,0.0,0.83,0,none,0,none
U009,2024-09-03 01:20:00,113.1,1,0.0,1.1,0,none,0,none
U009,2024-09-03 01:30:00,113.2,1,0.0,0.88,0,none,0,none
U009,2024-09-03 01:45:00,112.5,1,0.0,0.98,0,none,0,none
U009,2024-09-03 01:50:00,112.3,1,0.0,0.96,0,none,0,none
U009,2024-09-03 02:00:00,111.8,1,0.0,0.99,0,none,0,none
U009,2024-09-03 02:05:00,110.6,1,0.0,1.05,0,none,0,none
U009,2024-09-03 02:10:00,110.7,1,0.0,1.16,0,none,0,none
U009,2024-09-03 02:15:00,110.4,1,0.0,0.93,0,none,0,none
U009,2024-09-03 02:20:00,110.9,1,0.0,1.09,0,none,0,none
U009,2024-09-03 02:25:00,111.4,1,0.0,1.18,0,none,0,none
U009,2024-09-03 02:30:00,110.8,1,0.0,1.12,0,none,0,none
U009,2024-09-03 02:35:00,110.6,1,0.0,0.87,0,none,0,none
U009,2024-09-03 02:40:00,109.8,0,0.0,0.83,0,none,0,none
U009,2024-09-03 02:45:00,110.2,1,0.0,0.84,0,none,0,none
U009,2024-09-03 02:50:00,109.3,1,0.0,0.84,0,none,0,none
U009,2024-09-03 03:00:00,108.6,1,0.0,0.88,0,none,0,none
U009,2024-09-03 03:05:00,108.8,1,0.0,0.9,0,none,0,none
U009,2024-09-03 03:20:00,109.8,1,0.0,0.96,0,none,0,none
U009,2024-09-03 03:25:00,110.3,1,0.0,1.09,0,none,0,none
U009,2024-09-03 03:55:00,110.4,1,0.0,0.83,0,none,0,none
U009,2024-09-03 04:00:00,110.9,1,0.0,1.17,0,none,0,none
U009,2024-09-03 04:05:00,111.2,1,2.0,1.06,45,dinner,0,none
U009,2024-09-03 04:10:00,110.1,1,0.0,1.06,0,none,1894,low
U009,2024-09-03 04:15:00,110.7,1,0.0,1.09,0,none,0,none
U009,2024-09-03 04:20:00,110.5,1,0.0,1.09,0,none,0,none
U009,2024-09-03 04:25:00,110.0,1,0.0,1.07,0,none,0,none
U009,2024-09-03 04:30:00,109.6,1,5.8,1.13,75,snack,0,none
U009,2024-09-03 04:40:00,110.7,1,0.0,1.02,0,none,0,none
U009,2024-09-03 04:45:00,110.5,1,0.0,0.89,0,none,0,none
U009,2024-09-03 04:50:00,110.8,1,0.0,1.03,0,none,0,none
U009,2024-09-03 04:55:00,111.1,1,0.0,1.1,0,none,0,none
U009,2024-09-03 05:00:00,110.8,1,0.0,1.18,0,none,0,none
U009,2024-09-03 05:10:00,111.5,1,0.0,1.02,0,none,0,none
U009,2024-09-03 05:20:00,112.6,1,0.0,1.09,0,none,0,none
U009,2024-09-03 05:25:00,112.2,1,0.0,1.2,0,none,0,none
U009,2024-09-03 05:30:00,111.7,1,0.0,0.84,0,none,0,none
U009,2024-09-03 05:35:00,112.2,1,0.0,0.98,0,none,0,none
U009,2024-09-03 05:40:00,112.3,1,0.0,0.94,0,none,0,none
U009,2024-09-03 05:45:00,112.7,1,0.0,0.9,0,none,0,none
U009,2024-09-03 05:55:00,110.6,1,0.0,0.85,0,none,0,none
U009,2024-09-03 06:00:00,110.7,1,0.0,0.98,0,none,0,none
U009,2024-09-03 06:10:00,108.3,1,0.0,0.86,0,none,3866,medium
U009,2024-09-03 06:15:00,109.6,1,0.0,1.18,0,none,0,none
U009,2024-09-03 06:30:00,109.4,1,0.0,0.98,0,none,0,none
U009,2024-09-03 06:35:00,109.5,1,3.5,1.13,45,dinner,0,none
U009,2024-09-03 06:45:00,109.1,1,0.0,1.2,0,none,0,none
U009,2024-09-03 07:00:00,108.3,1,0.0,0.98,0,none,0,none
U009,2024-09-03 07:05:00,108.1,1,0.0,1.0,0,none,0,none
U009,2024-09-03 07:15:00,109.8,1,0.0,1.14,0,none,0,none
U009,2024-09-03 07:25:00,109.9,1,0.0,0.88,0,none,0,none
U009,2024-09-03 07:35:00,109.9,1,0.0,0.8,0,none,0,none
U009,2024-09-03 07:40:00,110.4,1,0.0,1.12,0,none,0,none
U009,2024-09-03 07:50:00,110.6,1,0.0,1.08,0,none,0,none
U009,2024-09-03 07:55:00,110.7,1,0.0,0.97,0,none,0,none
U009,2024-09-03 08:00:00,110.9,1,0.0,0.82,0,none,0,none
U009,2024-09-03 08:05:00,111.2,1,0.0,1.12,0,none,0,none
U009,2024-09-03 08:10:00,110.9,1,0.0,1.16,0,none,0,none
U009,2024-09-03 08:35:00,110.2,1,0.0,0.92,0,none,0,none
U009,2024-09-03 08:45:00,110.9,1,0.0,0.91,0,none,0,none
U009,2024-09-03 08:50:00,109.1,1,0.0,1.12,0,none,3845,high
U009,2024-09-03 08:55:00,109.1,1,0.0,1.04,0,none,0,none
U009,2024-09-03 09:00:00,108.2,1,0.0,0.85,0,none,0,none
U009,2024-09-03 09:05:00,107.8,1,5.4,0.84,75,dinner,0,none
U009,2024-09-03 09:25:00,107.1,1,0.0,1.06,0,none,0,none
U009,2024-09-03 09:35:00,107.2,1,0.0,0.99,0,none,0,none
U009,2024-09-03 09:55:00,108.9,1,0.0,1.11,0,none,0,none
U009,2024-09-03 10:00:00,108.7,1,0.0,1.19,0,none,0,none
U009,2024-09-03 10:15:00,108.5,1,0.0,1.04,0,none,0,none
U009,2024-09-03 10:20:00,108.8,1,0.0,1.18,0,none,0,none
U009,2024-09-03 10:25:00,109.3,1,0.0,1.01,0,none,0,none
U009,2024-09-03 10:35:00,109.1,1,4.7,1.05,75,lunch,0,none
U009,2024-09-03 10:45:00,109.5,1,0.0,1.06,0,none,0,none
U009,2024-09-03 11:00:00,108.0,1,0.0,0.89,0,none,0,none
U009,2024-09-03 11:10:00,108.3,1,0.0,1.14,0,none,0,none
U009,2024-09-03 11:20:00,108.0,1,0.0,0.89,0,none,0,none
U009,2024-09-03 11:25:00,107.8,1,0.0,1.09,0,none,0,none
U009,2024-09-03 11:30:00,108.3,1,0.0,0.99,0,none,0,none
U009,2024-09-03 11:35:00,107.7,1,0.0,0.86,0,none,0,none
U009,2024-09-03 11:45:00,108.8,1,0.0,1.1,0,none,0,none
U009,2024-09-03 11:50:00,108.2,1,0.0,1.16,0,none,0,none
U009,2024-09-03 11:55:00,107.8,1,0.0,1.15,0,none,0,none
U009,2024-09-03 12:00:00,107.7,1,0.0,1.14,0,none,0,none
U009,2024-09-03 12:05:00,107.2,1,0.0,0.93,0,none,0,none
U009,2024-09-03 12:10:00,107.4,1,0.0,0.96,0,none,0,none
U009,2024-09-03 12:20:00,107.7,1,0.0,0.94,0,none,0,none
U009,2024-09-03 12:35:00,109.3,1,0.0,1.05,0,none,0,none
U009,2024-09-03 12:45:00,107.2,1,0.0,1.03,0,none,4685,high
U009,2024-09-03 12:50:00,106.5,1,0.0,0.82,0,none,0,none
U009,2024-09-03 13:00:00,107.2,1,0.0,0.99,0,none,0,none
U009,2024-09-03 13:10:00,107.1,1,0.0,0.94,0,none,0,none
U009,2024-09-03 13:20:00,106.1,1,4.8,1.03,75,snack,2397,high
U009,2024-09-03 13:25:00,106.5,1,0.0,1.12,0,none,0,none
U009,2024-09-03 13:30:00,106.2,1,0.0,1.11,0,none,0,none
U009,2024-09-03 13:35:00,105.5,1,0.0,0.88,0,none,0,none
U009,2024-09-03 13:40:00,106.0,1,0.0,0.9,0,none,0,none
U009,2024-09-03 13:50:00,106.9,1,0.0,1.03,0,none,0,none
U009,2024-09-03 13:55:00,107.6,1,0.0,1.0,0,none,0,none
U009,2024-09-03 14:00:00,108.2,1,0.0,1.02,0,none,0,none
U009,2024-09-03 14:05:00,108.4,1,0.0,0.88,0,none,0,none
U009,2024-09-03 14:15:00,108.4,1,0.0,1.14,0,none,0,none
U009,2024-09-03 14:20:00,108.1,1,0.0,0.99,0,none,0,none
U009,2024-09-03 14:25:00,107.9,1,0.0,1.07,0,none,0,none
U009,2024-09-03 14:35:00,107.8,1,0.0,0.94,0,none,0,none
U009,2024-09-03 14:45:00,108.0,1,0.0,1.17,0,none,0,none
U009,2024-09-03 14:55:00,109.4,1,0.0,0.93,0,none,0,none
U009,2024-09-03 15:00:00,109.6,1,0.0,1.07,0,none,0,none
U009,2024-09-03 15:05:00,110.0,1,0.0,0.82,0,none,0,none
U009,2024-09-03 15:15:00,109.7,1,0.0,1.18,0,none,0,none
U009,2024-09-03 15:20:00,109.7,1,0.0,0.9,0,none,0,none
U009,2024-09-03 15:25:00,109.9,1,0.0,1.15,0,none,0,none
U009,2024-09-03 15:30:00,110.5,1,0.0,1.03,0,none,0,none
U009,2024-09-03 15:40:00,111.2,1,0.0,0.92,0,none,0,none
U009,2024-09-03 15:45:00,111.0,1,1.3,0.89,30,dinner,0,none
U009,2024-09-03 16:10:00,109.0,1,0.0,1.1,0,none,0,none
U009,2024-09-03 16:35:00,108.6,1,0.0,0.94,0,none,0,none
U009,2024-09-03 16:50:00,106.4,1,0.0,0.9,0,none,0,none
U009,2024-09-03 17:10:00,105.6,1,0.0,1.01,0,none,0,none
U009,2024-09-03 17:15:00,105.3,1,0.0,1.14,0,none,0,none
U009,2024-09-03 17:20:00,105.4,1,0.0,0.84,0,none,0,none
U009,2024-09-03 17:25:00,105.3,1,0.0,0.82,0,none,0,none
U009,2024-09-03 17:30:00,106.0,1,0.0,1.07,0,none,0,none
U009,2024-09-03 17:35:00,105.6,1,0.0,0.91,0,none,0,none
U009,2024-09-03 17:40:00,106.4,1,0.0,0.96,0,none,0,none
U009,2024-09-03 17:45:00,106.7,1,0.0,1.11,0,none,0,none
U009,2024-09-03 17:55:00,107.0,1,0.0,0.9,0,none,0,none
U009,2024-09-03 18:00:00,107.5,1,0.0,1.19,0,none,0,none
U009,2024-09-03 18:05:00,107.9,1,0.0,0.89,0,none,0,none
U009,2024-09-03 18:25:00,108.8,1,0.0,1.11,0,none,0,none
U009,2024-09-03 18:35:00,108.4,1,0.0,0.88,0,none,0,none
U009,2024-09-03 18:55:00,110.2,1,0.0,1.04,0,none,0,none
U009,2024-09-03 19:10:00,110.3,1,0.0,0.95,0,none,0,none
U009,2024-09-03 19:25:00,110.3,1,0.0,0.92,0,none,0,none
U009,2024-09-03 19:30:00,110.9,1,0.0,0.9,0,none,0,none
U009,2024-09-03 19:35:00,110.0,1,0.0,1.11,0,none,0,none
U009,2024-09-03 19:55:00,108.5,1,0.0,0.88,0,none,0,none
U009,2024-09-03 20:05:00,108.0,1,0.0,0.94,0,none,0,none
U009,2024-09-03 20:10:00,108.7,1,0.0,1.07,0,none,0,none
U009,2024-09-03 20:15:00,108.2,1,0.0,0.9,0,none,0,none
U009,2024-09-03 20:20:00,109.2,1,0.0,1.03,0,none,0,none
U009,2024-09-03 20:25:00,108.6,1,0.0,1.12,0,none,0,none
U009,2024-09-03 20:30:00,108.5,0,0.0,0.83,0,none,0,none
U009,2024-09-03 20:35:00,109.0,1,0.0,0.93,0,none,0,none
U009,2024-09-03 20:40:00,108.5,1,0.0,0.91,0,none,0,none
U009,2024-09-03 20:45:00,108.8,1,0.0,1.09,0,none,0,none
U009,2024-09-03 20:50:00,109.0,1,0.0,1.2,0,none,0,none
U009,2024-09-03 20:55:00,108.7,1,0.0,0.94,0,none,0,none
U009,2024-09-03 21:00:00,108.8,1,0.0,1.09,0,none,0,none
U009,2024-09-03 21:10:00,108.5,1,0.0,1.19,0,none,0,none
U009,2024-09-03 21:20:00,109.0,1,5.8,0.91,75,breakfast,0,none
U009,2024-09-03 21:25:00,109.0,1,0.0,0.95,0,none,0,none
U009,2024-09-03 21:30:00,108.9,1,0.0,0.83,0,none,0,none
U009,2024-09-03 21:40:00,108.1,1,0.0,1.05,0,none,0,none
U009,2024-09-03 21:50:00,107.1,1,0.0,0.9,0,none,0,none
U009,2024-09-03 21:55:00,105.8,1,0.0,0.96,0,none,0,none
U009,2024-09-03 22:05:00,104.3,1,0.0,1.13,0,none,0,none
U009,2024-09-03 22:10:00,104.2,1,0.0,1.16,0,none,0,none
U009,2024-09-03 22:25:00,102.8,1,0.0,1.07,0,none,0,none
U009,2024-09-03 22:40:00,104.5,1,0.0,1.02,0,none,0,none
U009,2024-09-03 22:45:00,104.6,1,0.0,0.85,0,none,0,none
U009,2024-09-03 23:00:00,103.8,1,0.0,1.11,0,none,0,none
U009,2024-09-03 23:15:00,104.2,1,0.0,1.02,0,none,0,none
U009,2024-09-03 23:25:00,103.6,1,0.0,0.8,0,none,0,none
U009,2024-09-03 23:35:00,103.4,1,0.0,1.05,0,none,0,none
U009,2024-09-03 23:40:00,104.2,1,0.0,1.01,0,none,0,none
U009,2024-09-03 23:45:00,104.0,1,0.0,1.07,0,none,0,none
U009,2024-09-03 23:50:00,103.7,1,0.0,0.87,0,none,0,none
U009,2024-09-04 00:00:00,104.6,1,0.0,1.0,0,none,0,none
U009,2024-09-04 00:05:00,104.3,1,0.0,0.99,0,none,0,none
U009,2024-09-04 00:10:00,105.4,1,0.0,1.1,0,none,0,none
U009,2024-09-04 00:15:00,106.1,1,0.0,0.83,0,none,0,none
U009,2024-09-04 00:35:00,106.1,1,0.0,1.19,0,none,0,none
U009,2024-09-04 00:40:00,106.4,1,0.0,0.97,0,none,0,none
U009,2024-09-04 00:50:00,107.7,1,0.0,0.93,0,none,0,none
U009,2024-09-04 00:55:00,107.1,1,0.0,0.95,0,none,0,none
U009,2024-09-04 01:00:00,106.8,1,0.0,1.18,0,none,0,none
U009,2024-09-04 01:05:00,106.8,1,0.0,0.86,0,none,0,none
U009,2024-09-04 01:10:00,106.5,1,2.2,1.13,30,lunch,0,none
U009,2024-09-04 01:15:00,106.7,1,0.0,1.01,0,none,0,none
U009,2024-09-04 01:25:00,106.3,1,2.8,0.8,30,breakfast,0,none
U009,2024-09-04 01:30:00,107.4,1,0.0,1.13,0,none,0,none
U009,2024-09-04 01:40:00,107.0,1,0.0,1.18,0,none,0,none
U009,2024-09-04 01:55:00,107.1,1,0.0,1.08,0,none,0,none
U009,2024-09-04 02:05:00,107.8,1,0.0,0.81,0,none,0,none
U009,2024-09-04 02:10:00,107.0,1,0.0,1.13,0,none,0,none
U009,2024-09-04 02:15:00,107.2,1,0.0,0.82,0,none,0,none
U009,2024-09-04 02:20:00,106.8,1,0.0,0.9,0,none,0,none
U009,2024-09-04 02:30:00,106.8,1,0.0,1.13,0,none,0,none
U009,2024-09-04 02:35:00,106.5,1,0.0,1.1,0,none,0,none
U009,2024-09-04 02:40:00,107.4,1,0.0,1.07,0,none,0,none
U009,2024-09-04 02:50:00,107.2,1,0.0,0.93,0,none,0,none
U009,2024-09-04 02:55:00,107.5,1,0.0,1.03,0,none,0,none
U009,2024-09-04 03:00:00,107.4,1,0.0,0.92,0,none,0,none
U009,2024-09-04 03:30:00,107.9,1,0.0,1.15,0,none,0,none
U009,2024-09-04 03:35:00,106.8,1,0.0,0.81,0,none,0,none
U009,2024-09-04 04:00:00,105.7,1,0.0,0.99,0,none,0,none
U009,2024-09-04 04:05:00,105.4,1,0.0,1.16,0,none,0,none
U009,2024-09-04 04:10:00,105.3,1,0.0,1.2,0,none,0,none
U009,2024-09-04 04:25:00,103.8,1,0.0,0.81,0,none,0,none
U009,2024-09-04 04:30:00,103.2,1,0.0,0.81,0,none,981,high
U009,2024-09-04 04:50:00,104.3,1,0.0,1.09,0,none,0,none
U009,2024-09-04 04:55:00,104.1,1,0.0,0.81,0,none,0,none
U009,2024-09-04 05:05:00,103.9,1,0.0,1.06,0,none,0,none
U009,2024-09-04 05:15:00,104.1,1,0.0,1.09,0,none,0,none
U009,2024-09-04 05:20:00,104.4,1,0.0,1.1,0,none,0,none
U009,2024-09-04 05:25:00,103.9,1,0.0,1.16,0,none,0,none
U009,2024-09-04 05:30:00,103.8,1,0.0,0.81,0,none,0,none
U009,2024-09-04 05:45:00,105.2,1,3.0,1.13,60,dinner,0,none
U009,2024-09-04 06:05:00,105.1,1,0.0,1.07,0,none,0,none
U009,2024-09-04 06:10:00,104.9,1,0.0,0.93,0,none,0,none
U009,2024-09-04 06:20:00,105.6,1,0.0,1.08,0,none,0,none
U009,2024-09-04 06:25:00,105.5,1,0.0,1.01,0,none,0,none
U009,2024-09-04 06:35:00,105.4,1,0.0,0.92,0,none,0,none
U009,2024-09-04 06:45:00,106.0,1,0.0,1.15,0,none,0,none
U009,2024-09-04 06:50:00,105.9,1,0.0,0.81,0,none,0,none
U009,2024-09-04 06:55:00,106.5,1,0.0,0.86,0,none,0,none
U009,2024-09-04 07:00:00,106.9,1,0.0,1.18,0,none,3981,medium
U009,2024-09-04 07:05:00,107.4,1,0.0,0.84,0,none,0,none
U009,2024-09-04 07:15:00,104.5,1,0.0,0.87,0,none,4277,high
U009,2024-09-04 07:20:00,104.6,1,0.0,0.84,0,none,0,none
U009,2024-09-04 07:35:00,105.5,1,0.0,1.16,0,none,0,none
U009,2024-09-04 08:10:00,105.7,1,0.0,1.19,0,none,0,none
U009,2024-09-04 08:15:00,106.2,1,0.0,0.85,0,none,0,none
U009,2024-09-04 08:35:00,106.0,1,0.0,1.0,0,none,0,none
U009,2024-09-04 08:40:00,106.4,1,0.0,0.88,0,none,0,none
U009,2024-09-04 08:45:00,107.0,1,0.0,1.05,0,none,0,none
U009,2024-09-04 08:50:00,107.3,1,0.0,1.03,0,none,0,none
U009,2024-09-04 08:55:00,107.5,1,0.0,1.0,0,none,0,none
U009,2024-09-04 09:05:00,108.0,1,0.0,1.01,0,none,0,none
U009,2024-09-04 09:10:00,108.5,1,5.4,0.99,90,lunch,0,none
U009,2024-09-04 09:20:00,109.4,1,0.0,1.14,0,none,0,none
U009,2024-09-04 09:25:00,110.0,1,0.0,0.88,0,none,0,none
U009,2024-09-04 09:40:00,111.1,1,5.6,1.14,90,lunch,0,none
U009,2024-09-04 09:45:00,110.9,1,0.0,0.88,0,none,0,none
U009,2024-09-04 09:55:00,110.3,1,0.0,0.97,0,none,4793,low
U009,2024-09-04 10:10:00,108.6,1,0.0,0.9,0,none,0,none
U009,2024-09-04 10:30:00,108.7,1,0.0,0.84,0,none,0,none
U009,2024-09-04 10:45:00,107.8,1,0.0,1.1,0,none,0,none
U009,2024-09-04 10:50:00,106.8,1,0.0,0.97,0,none,0,none
U009,2024-09-04 10:55:00,106.7,1,0.0,0.98,0,none,0,none
U009,2024-09-04 11:10:00,105.8,1,0.0,0.8,0,none,0,none
U009,2024-09-04 11:15:00,105.6,1,0.0,1.13,0,none,0,none
U009,2024-09-04 11:20:00,104.7,1,0.0,0.81,0,none,0,none
U009,2024-09-04 11:25:00,105.0,1,0.0,1.02,0,none,0,none
U009,2024-09-04 11:30:00,103.9,1,0.0,1.05,0,none,836,low
U009,2024-09-04 11:45:00,103.1,1,0.0,0.87,0,none,0,none
U009,2024-09-04 12:10:00,104.0,1,0.0,0.96,0,none,0,none
U009,2024-09-04 12:20:00,103.8,1,0.0,1.18,0,none,0,none
U009,2024-09-04 12:25:00,103.4,1,0.0,1.16,0,none,0,none
U009,2024-09-04 12:30:00,103.0,1,0.0,1.03,0,none,0,none
U009,2024-09-04 12:35:00,102.7,1,0.0,0.91,0,none,0,none
U009,2024-09-04 12:40:00,102.7,1,0.0,0.87,0,none,0,none
U009,2024-09-04 12:45:00,102.6,1,0.0,1.12,0,none,0,none
U009,2024-09-04 12:55:00,102.7,1,0.0,0.83,0,none,0,none
U009,2024-09-04 13:05:00,102.8,1,0.0,0.83,0,none,0,none
U009,2024-09-04 13:25:00,103.8,1,5.2,0.91,90,snack,0,none
U009,2024-09-04 13:30:00,103.5,1,0.0,1.01,0,none,0,none
U009,2024-09-04 13:40:00,105.0,1,0.0,1.18,0,none,0,none
U009,2024-09-04 13:45:00,104.2,1,0.0,1.04,0,none,0,none
U009,2024-09-04 13:55:00,104.2,1,0.0,1.18,0,none,0,none
U009,2024-09-04 14:05:00,104.1,1,0.0,1.03,0,none,0,none
U009,2024-09-04 14:10:00,104.0,1,0.0,0.88,0,none,0,none
U009,2024-09-04 14:15:00,104.4,1,0.0,0.86,0,none,0,none
U009,2024-09-04 14:30:00,103.0,1,0.0,1.1,0,none,0,none
U009,2024-09-04 14:35:00,103.6,1,0.0,0.84,0,none,0,none
U009,2024-09-04 14:50:00,103.4,1,0.0,0.96,0,none,0,none
U009,2024-09-04 15:00:00,103.1,1,0.0,1.12,0,none,0,none
U009,2024-09-04 15:05:00,102.7,1,0.0,1.11,0,none,0,none
U009,2024-09-04 15:10:00,103.3,1,0.0,0.96,0,none,0,none
U009,2024-09-04 15:15:00,103.6,1,0.0,0.94,0,none,0,none
U009,2024-09-04 15:30:00,103.7,1,6.7,0.84,90,snack,0,none
U009,2024-09-04 15:35:00,103.7,1,0.0,0.81,0,none,0,none
U009,2024-09-04 15:45:00,105.2,1,0.0,1.14,0,none,0,none
U009,2024-09-04 15:55:00,106.0,1,0.0,1.1,0,none,0,none
U009,2024-09-04 16:00:00,105.7,1,0.0,1.13,0,none,0,none
U009,2024-09-04 16:05:00,105.5,1,0.0,0.96,0,none,0,none
U009,2024-09-04 16:15:00,105.6,1,0.0,1.0,0,none,0,none
U009,2024-09-04 16:30:00,106.6,1,0.0,1.18,0,none,0,none
U009,2024-09-04 16:35:00,106.3,1,0.0,0.99,0,none,0,none
U009,2024-09-04 16:45:00,107.4,1,0.0,1.17,0,none,0,none
U009,2024-09-04 16:55:00,105.1,1,0.0,0.98,0,none,571,medium
U009,2024-09-04 17:00:00,104.8,1,0.0,1.09,0,none,0,none
U009,2024-09-04 17:05:00,105.3,1,0.0,0.87,0,none,0,none
U009,2024-09-04 17:10:00,105.1,1,0.0,0.86,0,none,0,none
U009,2024-09-04 17:15:00,105.1,1,0.0,1.12,0,none,0,none
U009,2024-09-04 17:20:00,104.6,1,0.0,1.08,0,none,0,none
U009,2024-09-04 17:25:00,104.5,1,0.0,1.14,0,none,0,none
U009,2024-09-04 17:30:00,104.2,1,0.0,0.86,0,none,0,none
U009,2024-09-04 17:35:00,104.3,1,0.0,1.14,0,none,0,none
U009,2024-09-04 17:40:00,104.4,1,0.0,1.09,0,none,0,none
U009,2024-09-04 17:45:00,104.8,1,0.0,0.88,0,none,0,none
U009,2024-09-04 17:50:00,105.4,1,0.0,1.11,0,none,0,none
U009,2024-09-04 18:05:00,104.3,1,0.0,1.18,0,none,0,none
U009,2024-09-04 18:20:00,103.0,1,0.0,0.97,0,none,0,none
U009,2024-09-04 18:25:00,102.2,1,0.0,1.06,0,none,0,none
U009,2024-09-04 18:35:00,101.2,1,1.4,1.03,30,dinner,0,none
U009,2024-09-04 18:40:00,101.0,1,0.0,1.07,0,none,0,none
U009,2024-09-04 18:45:00,102.0,1,0.0,1.07,0,none,0,none
U009,2024-09-04 18:50:00,102.2,1,0.0,0.82,0,none,0,none
U009,2024-09-04 19:00:00,103.2,1,0.0,1.19,0,none,0,none
U009,2024-09-04 19:10:00,102.4,1,0.0,1.07,0,none,1126,low
U009,2024-09-04 19:15:00,101.8,1,0.0,0.91,0,none,0,none
U009,2024-09-04 19:25:00,102.4,1,0.0,1.05,0,none,0,none
U009,2024-09-04 19:30:00,102.7,1,0.0,1.14,0,none,0,none
U009,2024-09-04 19:35:00,102.3,1,0.0,1.05,0,none,0,none
U009,2024-09-04 19:45:00,103.0,1,0.0,0.88,0,none,0,none
U009,2024-09-04 19:50:00,102.3,1,0.0,0.8,0,none,0,none
U009,2024-09-04 19:55:00,102.3,1,0.0,0.83,0,none,0,none
U009,2024-09-04 20:00:00,102.7,1,0.0,1.0,0,none,0,none
U009,2024-09-04 20:10:00,101.8,1,0.0,0.99,0,none,0,none
U009,2024-09-04 20:15:00,101.2,1,0.0,1.08,0,none,0,none
U009,2024-09-04 20:20:00,100.7,1,0.0,0.92,0,none,0,none
U009,2024-09-04 20:30:00,101.0,1,0.0,1.18,0,none,0,none
U009,2024-09-04 20:35:00,102.0,1,3.1,1.16,45,snack,0,none
U009,2024-09-04 20:40:00,102.5,1,0.0,0.93,0,none,0,none
U009,2024-09-04 20:45:00,103.2,1,0.0,1.02,0,none,0,none
U009,2024-09-04 20:50:00,104.3,1,0.0,1.18,0,none,0,none
U009,2024-09-04 21:00:00,104.6,1,0.0,0.82,0,none,0,none
U009,2024-09-04 21:05:00,103.8,1,0.0,1.16,0,none,0,none
U009,2024-09-04 21:15:00,104.7,1,0.0,1.02,0,none,0,none
U009,2024-09-04 21:20:00,104.6,1,0.0,1.11,0,none,0,none
U009,2024-09-04 21:25:00,105.5,1,0.0,0.8,0,none,0,none
U009,2024-09-04 21:30:00,104.6,1,0.0,0.95,0,none,0,none
U009,2024-09-04 21:40:00,103.6,1,0.0,0.89,0,none,0,none
U009,2024-09-04 21:50:00,103.5,1,0.0,1.18,0,none,0,none
U009,2024-09-04 21:55:00,102.9,1,0.0,0.86,0,none,0,none
U009,2024-09-04 22:00:00,103.0,1,0.0,1.19,0,none,0,none
U009,2024-09-04 22:10:00,103.1,1,0.0,1.09,0,none,0,none
U009,2024-09-04 22:15:00,103.3,1,0.0,0.89,0,none,0,none
U009,2024-09-04 22:20:00,103.9,1,0.0,0.89,0,none,0,none
U009,2024-09-04 22:25:00,103.1,1,0.0,0.8,0,none,0,none
U009,2024-09-04 22:30:00,102.3,1,0.0,1.15,0,none,0,none
U009,2024-09-04 22:35:00,101.9,1,0.0,1.07,0,none,0,none
U009,2024-09-04 22:40:00,102.1,0,0.0,1.08,0,none,0,none
U009,2024-09-04 22:55:00,101.3,1,0.0,1.01,0,none,0,none
U009,2024-09-04 23:00:00,101.5,1,0.0,0.94,0,none,0,none
U009,2024-09-04 23:20:00,101.8,1,0.0,0.92,0,none,0,none
U009,2024-09-04 23:45:00,100.2,1,0.0,1.0,0,none,0,none
U009,2024-09-04 23:50:00,100.6,1,0.0,1.08,0,none,0,none
U009,2024-09-04 23:55:00,100.8,1,0.0,0.9,0,none,0,none
U009,2024-09-05 00:05:00,100.3,1,0.0,1.15,0,none,0,none
U009,2024-09-05 00:10:00,100.0,1,0.0,0.95,0,none,0,none
U009,2024-09-05 00:15:00,99.3,1,0.0,1.06,0,none,0,none
U009,2024-09-05 00:20:00,99.9,1,0.0,1.01,0,none,0,none
U009,2024-09-05 00:35:00,99.2,1,0.0,0.99,0,none,0,none
U009,2024-09-05 00:50:00,100.4,1,0.0,0.94,0,none,0,none
U009,2024-09-05 00:55:00,100.8,1,0.0,0.83,0,none,0,none
U009,2024-09-05 01:00:00,101.7,1,0.0,1.2,0,none,0,none
U009,2024-09-05 01:15:00,101.2,1,6.9,1.0,90,dinner,0,none
U009,2024-09-05 01:20:00,102.0,1,0.0,0.94,0,none,0,none
U009,2024-09-05 01:25:00,102.5,1,0.0,1.16,0,none,0,none
U009,2024-09-05 01:35:00,102.6,1,0.0,0.95,0,none,0,none
U009,2024-09-05 01:40:00,102.5,1,0.0,0.98,0,none,0,none
U009,2024-09-05 01:45:00,102.7,1,0.0,0.94,0,none,0,none
U009,2024-09-05 01:50:00,103.1,1,0.0,0.99,0,none,0,none
U009,2024-09-05 01:55:00,103.8,1,0.0,1.13,0,none,0,none
U009,2024-09-05 02:00:00,103.8,1,0.0,0.84,0,none,0,none
U009,2024-09-05 02:10:00,103.4,1,0.0,1.1,0,none,0,none
U009,2024-09-05 02:15:00,103.1,1,0.0,0.94,0,none,0,none
U009,2024-09-05 02:20:00,103.0,1,0.0,0.97,0,none,0,none
U009,2024-09-05 02:25:00,103.1,1,0.0,0.95,0,none,0,none
U009,2024-09-05 02:40:00,101.5,1,0.0,0.88,0,none,0,none
U009,2024-09-05 02:50:00,101.7,1,0.0,0.84,0,none,0,none
U009,2024-09-05 03:00:00,101.9,1,0.0,1.09,0,none,0,none
U009,2024-09-05 03:10:00,101.3,1,0.0,1.06,0,none,0,none
U009,2024-09-05 03:15:00,101.3,1,0.0,0.82,0,none,0,none
U009,2024-09-05 03:35:00,101.1,1,0.0,1.04,0,none,0,none
U009,2024-09-05 03:40:00,100.6,1,0.0,1.15,0,none,0,none
U009,2024-09-05 03:45:00,100.8,1,0.0,1.2,0,none,0,none
U009,2024-09-05 03:50:00,100.5,1,0.0,0.94,0,none,4745,medium
U009,2024-09-05 03:55:00,101.4,1,0.0,0.84,0,none,0,none
U009,2024-09-05 04:00:00,102.0,1,0.0,1.02,0,none,0,none
U009,2024-09-05 04:10:00,102.2,1,0.0,0.95,0,none,0,none
U009,2024-09-05 04:15:00,102.1,1,0.0,0.87,0,none,0,none
U009,2024-09-05 04:20:00,102.1,1,0.0,1.18,0,none,0,none
U009,2024-09-05 04:50:00,102.5,1,0.0,1.0,0,none,0,none
U009,2024-09-05 05:00:00,102.4,1,0.0,1.05,0,none,0,none
U009,2024-09-05 05:10:00,102.5,1,0.0,0.89,0,none,0,none
U009,2024-09-05 05:30:00,103.6,1,3.0,1.01,30,breakfast,0,none
U009,2024-09-05 05:35:00,103.6,1,0.0,1.05,0,none,0,none
U009,2024-09-05 05:45:00,102.7,1,0.0,1.08,0,none,1117,low
U009,2024-09-05 05:50:00,101.9,1,0.0,1.11,0,none,0,none
U009,2024-09-05 06:00:00,102.1,1,0.0,1.09,0,none,0,none
U009,2024-09-05 06:05:00,101.7,1,0.0,1.0,0,none,0,none
U009,2024-09-05 06:10:00,101.6,1,0.0,0.95,0,none,0,none
U009,2024-09-05 06:15:00,101.6,1,0.0,1.06,0,none,0,none
U009,2024-09-05 06:20:00,101.4,1,0.0,0.96,0,none,0,none
U009,2024-09-05 06:25:00,103.0,1,0.0,0.9,0,none,0,none
U009,2024-09-05 06:30:00,103.1,1,0.0,1.09,0,none,0,none
U009,2024-09-05 06:35:00,103.7,1,0.0,1.08,0,none,0,none
U009,2024-09-05 06:40:00,103.7,1,0.0,1.0,0,none,0,none
U009,2024-09-05 06:50:00,103.1,1,0.0,1.03,0,none,0,none
U009,2024-09-05 06:55:00,102.0,1,0.0,1.18,0,none,0,none
U009,2024-09-05 07:10:00,102.3,1,0.0,1.11,0,none,0,none
U009,2024-09-05 07:15:00,101.6,1,0.0,0.97,0,none,0,none
U009,2024-09-05 07:20:00,102.1,1,0.0,0.99,0,none,0,none
U009,2024-09-05 07:35:00,101.6,1,0.0,0.82,0,none,0,none
U009,2024-09-05 07:40:00,101.7,1,0.0,1.03,0,none,0,none
U009,2024-09-05 07:55:00,102.9,1,0.0,0.93,0,none,0,none
U009,2024-09-05 08:00:00,103.1,1,0.0,1.13,0,none,0,none
U009,2024-09-05 08:25:00,103.3,1,0.0,0.97,0,none,0,none
U009,2024-09-05 08:30:00,103.0,1,0.0,1.04,0,none,0,none
U009,2024-09-05 08:35:00,103.6,1,0.0,0.95,0,none,0,none
U009,2024-09-05 08:45:00,102.6,1,0.0,1.19,0,none,0,none
U009,2024-09-05 08:50:00,103.1,1,0.0,1.06,0,none,0,none
U009,2024-09-05 08:55:00,103.0,1,0.0,1.02,0,none,0,none
U009,2024-09-05 09:00:00,103.6,1,0.0,1.01,0,none,0,none
U009,2024-09-05 09:05:00,102.9,1,0.0,1.16,0,none,0,none
U009,2024-09-05 09:10:00,103.3,1,0.0,0.86,0,none,0,none
U009,2024-09-05 09:20:00,103.2,1,0.0,1.0,0,none,0,none
U009,2024-09-05 09:25:00,103.2,1,4.9,1.2,60,lunch,0,none
U009,2024-09-05 09:30:00,104.0,1,0.0,0.94,0,none,0,none
U009,2024-09-05 09:50:00,105.1,1,0.0,1.05,0,none,0,none
U009,2024-09-05 09:55:00,105.0,1,0.0,1.13,0,none,0,none
U009,2024-09-05 10:05:00,105.1,1,0.0,1.0,0,none,0,none
U009,2024-09-05 10:10:00,105.8,1,0.0,1.04,0,none,0,none
U009,2024-09-05 10:20:00,105.8,1,0.0,0.83,0,none,0,none
U009,2024-09-05 10:25:00,106.6,1,0.0,1.18,0,none,0,none
U009,2024-09-05 10:30:00,106.6,1,0.0,1.05,0,none,0,none
U009,2024-09-05 10:35:00,107.1,1,0.0,0.81,0,none,0,none
U009,2024-09-05 10:45:00,106.4,1,0.0,1.07,0,none,0,none
U009,2024-09-05 10:50:00,106.0,1,0.0,0.85,0,none,0,none
U009,2024-09-05 10:55:00,106.4,1,0.0,0.82,0,none,0,none
U009,2024-09-05 11:05:00,104.4,1,0.0,1.02,0,none,1301,low
U009,2024-09-05 11:15:00,103.8,1,0.0,0.94,0,none,0,none
U009,2024-09-05 11:20:00,103.7,1,0.0,0.86,0,none,0,none
U009,2024-09-05 11:25:00,103.5,1,0.0,0.87,0,none,0,none
U009,2024-09-05 11:35:00,103.5,1,0.0,0.92,0,none,0,none
U009,2024-09-05 11:40:00,103.4,1,0.0,0.96,45,lunch,0,none
U009,2024-09-05 11:45:00,103.1,1,0.0,1.16,0,none,0,none
U009,2024-09-05 11:50:00,103.6,1,0.0,1.03,0,none,0,none
U009,2024-09-05 11:55:00,102.3,1,0.0,1.03,0,none,3535,high
U009,2024-09-05 12:00:00,102.3,1,0.0,0.86,0,none,0,none
U009,2024-09-05 12:15:00,102.6,1,0.0,0.98,0,none,0,none
U009,2024-09-05 12:20:00,102.6,1,0.0,0.89,0,none,0,none
U009,2024-09-05 12:25:00,102.6,1,0.0,1.16,0,none,0,none
U009,2024-09-05 12:30:00,102.8,1,0.0,1.11,0,none,0,none
U009,2024-09-05 12:35:00,102.9,1,0.0,0.88,0,none,0,none
U009,2024-09-05 12:40:00,103.6,1,0.0,1.06,0,none,0,none
U009,2024-09-05 12:50:00,103.6,1,0.0,0.95,0,none,0,none
U009,2024-09-05 12:55:00,103.6,1,0.0,0.96,0,none,0,none
U009,2024-09-05 13:05:00,103.6,1,0.0,1.1,0,none,0,none
U009,2024-09-05 13:10:00,102.9,1,0.0,1.14,0,none,0,none
U009,2024-09-05 13:15:00,102.3,1,0.0,1.02,0,none,0,none
U009,2024-09-05 13:20:00,102.2,1,0.0,0.96,0,none,0,none
U009,2024-09-05 13:30:00,102.2,1,0.0,0.91,0,none,0,none
U009,2024-09-05 13:35:00,102.6,1,0.0,1.2,0,none,0,none
U009,2024-09-05 13:40:00,102.8,1,0.0,1.08,0,none,0,none
U009,2024-09-05 14:00:00,102.5,1,0.0,1.09,0,none,0,none
U009,2024-09-05 14:10:00,101.7,1,0.0,1.18,0,none,0,none
U009,2024-09-05 14:15:00,101.1,1,0.0,1.0,0,none,1842,medium
U009,2024-09-05 14:20:00,100.3,1,0.0,0.9,0,none,0,none
U009,2024-09-05 14:35:00,100.4,1,0.0,1.17,0,none,0,none
U009,2024-09-05 14:40:00,100.4,1,0.0,1.09,0,none,0,none
U009,2024-09-05 14:45:00,100.1,1,6.1,1.09,90,snack,0,none
U009,2024-09-05 14:50:00,99.4,1,0.0,0.85,0,none,0,none
U009,2024-09-05 14:55:00,99.5,1,0.0,1.01,0,none,2813,low
U009,2024-09-05 15:00:00,99.2,1,0.0,0.85,0,none,0,none
U009,2024-09-05 15:05:00,99.7,1,0.0,0.98,0,none,0,none
U009,2024-09-05 15:20:00,101.4,1,0.0,1.1,0,none,0,none
U009,2024-09-05 15:40:00,102.2,1,0.0,0.81,0,none,0,none
U009,2024-09-05 16:05:00,102.4,1,0.0,1.05,0,none,0,none
U009,2024-09-05 16:15:00,103.6,1,0.0,1.08,0,none,0,none
U009,2024-09-05 16:30:00,103.3,1,0.0,1.05,0,none,0,none
U009,2024-09-05 16:45:00,104.6,1,0.0,1.03,0,none,0,none
U009,2024-09-05 16:55:00,104.8,1,0.0,1.0,0,none,0,none
U009,2024-09-05 17:00:00,105.6,1,0.0,1.17,0,none,0,none
U009,2024-09-05 17:10:00,108.1,1,0.0,0.82,0,none,0,none
U009,2024-09-05 17:15:00,108.0,1,0.0,1.17,0,none,0,none
U009,2024-09-05 17:20:00,107.9,1,0.0,1.11,0,none,0,none
U009,2024-09-05 17:25:00,107.5,1,0.0,0.96,0,none,0,none
U009,2024-09-05 17:30:00,107.8,1,0.0,0.94,0,none,0,none
U009,2024-09-05 17:35:00,108.0,1,0.0,1.1,0,none,0,none
U009,2024-09-05 17:50:00,107.0,1,0.0,1.04,0,none,0,none
U009,2024-09-05 18:10:00,106.5,1,0.0,1.02,0,none,0,none
U009,2024-09-05 18:15:00,106.9,1,0.0,1.02,0,none,0,none
U009,2024-09-05 18:20:00,107.8,1,0.0,1.12,0,none,0,none
U009,2024-09-05 18:30:00,106.8,1,0.0,0.88,0,none,0,none
U009,2024-09-05 18:40:00,106.6,1,0.0,1.03,0,none,0,none
U009,2024-09-05 18:45:00,106.5,1,0.0,1.12,0,none,0,none
U009,2024-09-05 18:55:00,107.3,1,0.0,0.92,0,none,0,none
U009,2024-09-05 19:00:00,106.7,1,0.0,0.85,0,none,2417,medium
U009,2024-09-05 19:05:00,106.9,1,0.0,0.91,0,none,0,none
U009,2024-09-05 19:15:00,108.5,1,0.0,1.1,0,none,0,none
U009,2024-09-05 19:30:00,108.7,1,0.0,1.2,0,none,0,none
U009,2024-09-05 19:35:00,108.5,1,0.0,1.03,0,none,0,none
U009,2024-09-05 19:45:00,108.9,1,0.0,1.0,0,none,0,none
U009,2024-09-05 19:50:00,108.6,1,0.0,1.09,0,none,0,none
U009,2024-09-05 20:05:00,108.0,1,0.0,0.97,0,none,0,none
U009,2024-09-05 20:15:00,108.0,0,0.0,1.13,0,none,0,none
U009,2024-09-05 20:25:00,107.6,1,4.1,1.15,75,snack,0,none
U009,2024-09-05 20:30:00,107.3,1,0.0,1.03,0,none,0,none
U009,2024-09-05 20:35:00,108.1,1,0.0,1.09,0,none,0,none
U009,2024-09-05 20:40:00,108.6,1,0.0,1.06,0,none,0,none
U009,2024-09-05 20:45:00,108.8,1,0.0,0.93,0,none,0,none
U009,2024-09-05 20:50:00,109.1,1,0.0,0.89,0,none,2706,high
U009,2024-09-05 20:55:00,108.6,1,0.0,1.06,0,none,0,none
U009,2024-09-05 21:10:00,109.9,0,0.0,0.83,0,none,0,none
U009,2024-09-05 21:25:00,110.4,1,0.0,0.82,0,none,0,none
U009,2024-09-05 21:30:00,110.4,1,0.0,1.11,0,none,0,none
U009,2024-09-05 21:45:00,110.3,1,0.0,0.98,0,none,0,none
U009,2024-09-05 21:50:00,111.1,1,0.0,0.83,0,none,0,none
U009,2024-09-05 22:00:00,111.8,1,0.0,1.01,0,none,0,none
U009,2024-09-05 22:05:00,111.6,1,0.0,0.97,0,none,0,none
U009,2024-09-05 22:20:00,111.9,1,0.0,1.04,0,none,0,none
U009,2024-09-05 22:25:00,112.6,1,0.0,1.02,0,none,0,none
U009,2024-09-05 22:30:00,113.1,1,0.0,1.1,0,none,0,none
U009,2024-09-05 22:35:00,112.5,1,0.0,0.99,0,none,3899,medium
U009,2024-09-05 22:55:00,111.7,1,0.0,1.2,0,none,0,none
U009,2024-09-05 23:00:00,111.9,1,0.0,1.01,0,none,0,none
U009,2024-09-05 23:25:00,110.7,1,0.0,1.0,0,none,0,none
U009,2024-09-05 23:30:00,110.3,1,4.3,1.12,75,snack,0,none
U009,2024-09-05 23:35:00,110.0,1,0.0,1.11,0,none,0,none
U009,2024-09-05 23:40:00,110.8,1,0.0,1.09,0,none,0,none
U009,2024-09-05 23:45:00,112.1,1,0.0,1.09,0,none,0,none
U009,2024-09-05 23:50:00,112.0,1,0.0,1.07,0,none,0,none
U009,2024-09-05 23:55:00,111.5,1,0.0,0.99,0,none,0,none
U009,2024-09-06 00:05:00,112.9,1,0.0,1.18,0,none,0,none
U009,2024-09-06 00:10:00,112.8,1,0.0,0.91,0,none,0,none
U009,2024-09-06 00:15:00,112.8,1,0.0,1.13,0,none,0,none
U009,2024-09-06 00:20:00,112.6,1,0.0,0.84,0,none,0,none
U009,2024-09-06 00:35:00,111.5,1,0.0,1.01,0,none,0,none
U009,2024-09-06 00:40:00,111.5,1,0.0,0.85,0,none,0,none
U009,2024-09-06 00:45:00,112.5,1,0.0,1.17,0,none,0,none
U009,2024-09-06 00:50:00,112.6,1,0.0,0.88,0,none,0,none
U009,2024-09-06 00:55:00,111.5,1,0.0,1.14,0,none,0,none
U009,2024-09-06 01:00:00,111.4,1,0.0,1.09,0,none,0,none
U009,2024-09-06 01:20:00,111.3,1,0.0,0.84,0,none,0,none
U009,2024-09-06 01:25:00,111.7,1,0.0,0.88,0,none,0,none
U009,2024-09-06 01:40:00,114.1,1,0.0,1.13,0,none,0,none
U009,2024-09-06 01:45:00,114.1,1,0.0,1.07,0,none,0,none
U009,2024-09-06 01:50:00,113.9,1,0.0,1.18,0,none,0,none
U009,2024-09-06 02:05:00,113.4,1,0.0,0.91,0,none,0,none
U009,2024-09-06 02:10:00,112.8,1,0.0,0.9,0,none,0,none
U009,2024-09-06 02:15:00,112.6,1,0.0,0.92,0,none,0,none
U009,2024-09-06 02:25:00,109.8,1,0.0,0.88,0,none,0,none
U009,2024-09-06 02:40:00,110.4,1,0.0,1.1,0,none,0,none
U009,2024-09-06 02:45:00,110.3,1,6.3,1.05,90,snack,0,none
U009,2024-09-06 03:00:00,112.2,1,0.0,1.1,0,none,0,none
U009,2024-09-06 03:05:00,112.4,1,0.0,1.17,0,none,0,none
U009,2024-09-06 03:10:00,113.5,1,0.0,1.1,0,none,0,none
U009,2024-09-06 03:15:00,112.5,1,0.0,1.16,0,none,0,none
U009,2024-09-06 03:25:00,113.4,1,0.0,0.96,0,none,0,none
U009,2024-09-06 03:30:00,113.2,1,0.0,1.13,0,none,0,none
U009,2024-09-06 03:45:00,114.3,1,0.0,0.82,0,none,0,none
U009,2024-09-06 04:00:00,116.4,1,0.0,0.85,0,none,0,none
U009,2024-09-06 04:05:00,116.1,1,0.0,0.92,0,none,0,none
U009,2024-09-06 04:20:00,115.5,1,0.0,0.92,0,none,0,none
U009,2024-09-06 04:25:00,115.9,1,0.0,0.93,0,none,0,none
U009,2024-09-06 04:30:00,115.3,1,0.0,0.81,0,none,0,none
U009,2024-09-06 04:35:00,114.3,1,0.0,1.0,0,none,1852,high
U009,2024-09-06 04:40:00,114.1,1,0.0,0.98,0,none,0,none
U009,2024-09-06 04:50:00,113.2,1,0.0,0.84,0,none,0,none
U009,2024-09-06 05:00:00,112.7,1,0.0,1.07,0,none,0,none
U009,2024-09-06 05:10:00,112.1,1,0.0,0.96,0,none,0,none
U009,2024-09-06 05:30:00,112.1,1,0.0,0.89,0,none,0,none
U009,2024-09-06 05:40:00,110.9,1,0.0,0.98,0,none,0,none
U009,2024-09-06 05:45:00,111.0,1,0.0,1.01,0,none,0,none
U009,2024-09-06 05:50:00,110.9,1,0.0,0.91,0,none,0,none
U009,2024-09-06 05:55:00,110.7,1,0.0,0.81,0,none,0,none
U009,2024-09-06 06:00:00,111.0,1,0.0,1.17,0,none,0,none
U009,2024-09-06 06:05:00,110.2,1,0.0,0.84,0,none,0,none
U009,2024-09-06 06:10:00,110.0,1,0.0,0.88,0,none,0,none
U009,2024-09-06 06:20:00,109.9,1,0.0,0.83,0,none,0,none
U009,2024-09-06 06:30:00,109.7,1,0.0,1.01,0,none,0,none
U009,2024-09-06 06:35:00,109.1,1,0.0,1.09,0,none,0,none
U009,2024-09-06 06:40:00,108.0,1,0.0,1.13,0,none,864,medium
U009,2024-09-06 06:55:00,108.1,1,0.0,1.12,0,none,0,none
U009,2024-09-06 07:00:00,107.6,1,0.0,1.09,0,none,0,none
U009,2024-09-06 07:10:00,107.3,1,0.0,1.01,0,none,0,none
U009,2024-09-06 07:15:00,106.4,1,0.0,1.02,0,none,0,none
U009,2024-09-06 07:20:00,107.0,1,0.0,0.81,0,none,0,none
U009,2024-09-06 07:25:00,107.3,1,0.0,0.92,0,none,0,none
U009,2024-09-06 07:30:00,107.9,1,0.0,1.12,0,none,0,none
U009,2024-09-06 07:35:00,108.1,1,0.0,0.98,0,none,0,none
U009,2024-09-06 07:45:00,108.6,1,0.0,1.07,0,none,0,none
U009,2024-09-06 08:00:00,109.5,1,4.1,1.19,75,breakfast,0,none
U009,2024-09-06 08:05:00,109.6,1,0.0,0.85,0,none,0,none
U009,2024-09-06 08:10:00,108.9,1,0.0,0.85,0,none,0,none
U009,2024-09-06 08:20:00,108.6,1,0.0,1.19,0,none,0,none
U009,2024-09-06 08:25:00,108.3,1,0.0,0.83,0,none,0,none
U009,2024-09-06 08:35:00,109.2,1,0.0,1.01,0,none,0,none
U009,2024-09-06 08:40:00,108.4,1,0.0,0.92,0,none,0,none
U009,2024-09-06 08:50:00,109.1,1,0.0,1.14,0,none,0,none
U009,2024-09-06 09:00:00,109.1,1,0.0,0.97,0,none,0,none
U009,2024-09-06 09:05:00,109.2,1,0.0,0.9,0,none,0,none
U009,2024-09-06 09:10:00,109.4,1,0.0,0.92,0,none,0,none
U009,2024-09-06 09:15:00,108.9,1,0.0,1.16,0,none,0,none
U009,2024-09-06 09:25:00,107.1,1,0.0,1.15,0,none,3154,high
U009,2024-09-06 09:30:00,107.2,1,0.0,0.95,0,none,0,none
U009,2024-09-06 09:35:00,106.8,1,0.0,1.12,0,none,0,none
U009,2024-09-06 09:45:00,107.1,1,0.0,0.96,0,none,0,none
U009,2024-09-06 09:50:00,107.6,1,0.0,0.89,0,none,0,none
U009,2024-09-06 10:05:00,106.5,1,0.0,0.84,0,none,0,none
U009,2024-09-06 10:20:00,106.7,1,0.0,0.82,0,none,0,none
U009,2024-09-06 10:30:00,106.8,1,0.0,0.98,0,none,0,none
U009,2024-09-06 10:35:00,106.7,1,0.0,0.8,0,none,0,none
U009,2024-09-06 10:40:00,107.3,1,0.0,0.94,0,none,0,none
U009,2024-09-06 10:45:00,108.1,1,0.0,0.81,0,none,0,none
U009,2024-09-06 10:55:00,106.5,1,0.0,0.83,0,none,0,none
U009,2024-09-06 11:00:00,106.8,1,0.0,0.94,0,none,0,none
U009,2024-09-06 11:05:00,107.5,1,0.0,0.92,0,none,0,none
U009,2024-09-06 11:10:00,107.5,1,0.0,0.98,0,none,0,none
U009,2024-09-06 11:20:00,106.7,1,0.0,1.2,0,none,4210,high
U009,2024-09-06 11:30:00,107.2,1,0.0,0.89,0,none,0,none
U009,2024-09-06 11:35:00,107.3,1,0.0,1.03,0,none,0,none
U009,2024-09-06 11:40:00,107.1,1,0.0,0.92,0,none,0,none
U009,2024-09-06 11:45:00,106.3,1,0.0,1.1,0,none,0,none
U009,2024-09-06 11:50:00,106.2,1,0.0,1.06,0,none,0,none
U009,2024-09-06 11:55:00,105.7,1,0.0,0.83,0,none,0,none
U009,2024-09-06 12:10:00,104.5,1,0.0,1.12,0,none,0,none
U009,2024-09-06 12:15:00,104.0,1,0.0,0.89,0,none,0,none
U009,2024-09-06 12:25:00,103.1,1,0.0,1.2,0,none,0,none
U009,2024-09-06 12:30:00,103.3,1,0.0,1.06,0,none,0,none
U009,2024-09-06 12:35:00,103.4,1,0.0,0.95,0,none,0,none
U009,2024-09-06 12:55:00,104.3,1,0.0,0.99,0,none,0,none
U009,2024-09-06 13:15:00,103.7,1,0.0,1.02,0,none,0,none
U009,2024-09-06 13:20:00,103.9,1,0.0,0.82,0,none,0,none
U009,2024-09-06 13:25:00,103.4,1,0.0,0.99,0,none,0,none
U009,2024-09-06 13:30:00,103.3,1,0.0,1.03,0,none,0,none
U009,2024-09-06 13:35:00,103.1,1,0.0,1.03,0,none,0,none
U009,2024-09-06 13:40:00,103.2,1,0.0,0.98,0,none,0,none
U009,2024-09-06 14:00:00,100.7,1,0.0,1.03,0,none,4066,high
U009,2024-09-06 14:05:00,99.8,1,0.0,0.98,0,none,0,none
U009,2024-09-06 14:20:00,99.8,1,0.0,1.05,0,none,0,none
U009,2024-09-06 14:30:00,99.2,1,4.0,0.98,45,lunch,0,none
U009,2024-09-06 14:35:00,99.2,1,0.0,1.06,0,none,0,none
U009,2024-09-06 14:40:00,99.1,1,0.0,1.19,0,none,0,none
U009,2024-09-06 14:50:00,98.1,1,0.0,1.02,0,none,0,none
U009,2024-09-06 14:55:00,98.5,1,0.0,1.05,0,none,0,none
U009,2024-09-06 15:00:00,98.6,1,0.0,0.83,0,none,0,none
U009,2024-09-06 15:05:00,98.7,1,0.0,0.97,0,none,0,none
U009,2024-09-06 15:10:00,98.9,1,0.0,1.12,0,none,0,none
U009,2024-09-06 15:25:00,98.0,1,0.0,1.07,0,none,0,none
U009,2024-09-06 15:30:00,98.0,1,0.0,1.12,0,none,0,none
U009,2024-09-06 15:35:00,98.4,1,0.0,0.9,0,none,0,none
U009,2024-09-06 15:40:00,98.5,1,0.0,0.88,0,none,0,none
U009,2024-09-06 15:45:00,98.7,1,0.0,1.16,0,none,0,none
U009,2024-09-06 15:50:00,98.3,1,0.0,0.83,0,none,0,none
U009,2024-09-06 15:55:00,97.9,1,0.0,0.98,0,none,0,none
U009,2024-09-06 16:10:00,97.8,1,0.0,0.92,0,none,0,none
U009,2024-09-06 16:20:00,97.2,1,0.0,1.06,0,none,0,none
U009,2024-09-06 16:25:00,96.8,1,0.0,1.08,0,none,0,none
U009,2024-09-06 16:30:00,96.9,1,0.0,0.93,0,none,0,none
U009,2024-09-06 16:40:00,97.0,1,0.0,1.07,0,none,0,none
U009,2024-09-06 16:45:00,97.0,1,0.0,1.11,0,none,0,none
U009,2024-09-06 16:50:00,97.4,1,0.0,0.89,0,none,0,none
U009,2024-09-06 17:00:00,97.5,1,0.0,0.92,0,none,0,none
U009,2024-09-06 17:05:00,98.5,1,0.0,0.81,0,none,0,none
U009,2024-09-06 17:10:00,97.2,1,0.0,1.0,0,none,0,none
U009,2024-09-06 17:15:00,96.4,1,0.0,1.18,0,none,0,none
U009,2024-09-06 17:20:00,96.6,1,0.0,1.05,0,none,0,none
U009,2024-09-06 17:25:00,95.8,1,0.0,1.16,0,none,0,none
U009,2024-09-06 17:30:00,96.1,1,0.0,1.06,0,none,0,none
U009,2024-09-06 17:40:00,94.9,1,0.0,1.16,0,none,0,none
U009,2024-09-06 17:55:00,94.8,1,0.0,1.02,0,none,0,none
U009,2024-09-06 18:00:00,95.0,1,0.0,0.9,0,none,0,none
U009,2024-09-06 18:05:00,95.1,1,0.0,1.15,0,none,0,none
U009,2024-09-06 18:15:00,95.9,1,0.0,1.12,0,none,0,none
U009,2024-09-06 18:20:00,95.0,1,0.0,1.12,0,none,0,none
U009,2024-09-06 18:25:00,95.2,1,0.0,1.08,0,none,0,none
U009,2024-09-06 18:30:00,95.7,1,0.0,0.95,0,none,0,none
U009,2024-09-06 18:35:00,95.3,1,0.0,1.12,0,none,0,none
U009,2024-09-06 18:50:00,95.6,1,0.0,0.85,0,none,0,none
U009,2024-09-06 19:00:00,95.1,1,0.0,0.86,0,none,0,none
U009,2024-09-06 19:10:00,94.8,1,0.0,1.15,0,none,0,none
U009,2024-09-06 19:20:00,95.5,1,0.0,1.06,0,none,0,none
U009,2024-09-06 19:25:00,95.1,1,0.0,0.98,0,none,0,none
U009,2024-09-06 19:30:00,95.2,1,0.0,0.97,0,none,0,none
U009,2024-09-06 19:35:00,94.7,1,0.0,1.06,0,none,0,none
U009,2024-09-06 19:40:00,94.3,1,0.0,1.05,0,none,0,none
U009,2024-09-06 19:50:00,93.7,1,0.0,1.14,0,none,0,none
U009,2024-09-06 20:00:00,93.1,1,0.0,0.99,0,none,0,none
U009,2024-09-06 20:05:00,92.7,1,0.0,1.18,0,none,0,none
U009,2024-09-06 20:30:00,92.3,1,0.0,1.12,0,none,0,none
U009,2024-09-06 20:40:00,93.3,1,0.0,0.82,0,none,0,none
U009,2024-09-06 20:45:00,93.5,1,0.0,0.81,0,none,0,none
U009,2024-09-06 20:50:00,93.8,1,0.0,0.82,0,none,0,none
U009,2024-09-06 21:00:00,93.6,1,0.0,0.86,0,none,0,none
U009,2024-09-06 21:10:00,95.2,1,2.8,1.14,45,snack,0,none
U009,2024-09-06 21:30:00,95.3,1,0.0,1.02,0,none,0,none
U009,2024-09-06 21:35:00,96.1,1,0.0,0.89,0,none,0,none
U009,2024-09-06 21:40:00,96.9,1,0.0,0.91,0,none,0,none
U009,2024-09-06 21:45:00,96.7,0,0.0,0.81,0,none,0,none
U009,2024-09-06 21:50:00,96.3,1,0.0,0.83,0,none,0,none
U009,2024-09-06 21:55:00,95.9,1,0.0,0.81,0,none,0,none
U009,2024-09-06 22:05:00,95.3,1,0.0,0.95,0,none,0,none
U009,2024-09-06 22:20:00,95.3,1,0.0,0.87,0,none,0,none
U009,2024-09-06 22:25:00,95.7,1,0.0,0.88,0,none,0,none
U009,2024-09-06 22:30:00,96.3,1,0.0,1.01,0,none,0,none
U009,2024-09-06 22:35:00,96.8,1,0.0,1.05,0,none,0,none
U009,2024-09-06 22:50:00,96.8,1,0.0,1.09,0,none,0,none
U009,2024-09-06 23:10:00,96.9,1,4.7,0.81,75,lunch,0,none
U009,2024-09-06 23:20:00,98.0,1,0.0,1.04,0,none,0,none
U009,2024-09-06 23:25:00,97.0,1,0.0,0.91,0,none,0,none
U009,2024-09-06 23:30:00,97.3,1,0.0,0.99,0,none,0,none
U009,2024-09-06 23:35:00,97.5,1,0.0,1.01,0,none,0,none
U009,2024-09-06 23:50:00,97.2,1,0.0,0.92,0,none,0,none
U009,2024-09-06 23:55:00,96.8,1,0.0,1.03,0,none,0,none
U009,2024-09-07 00:10:00,96.9,1,0.0,1.17,0,none,0,none
U009,2024-09-07 00:15:00,96.8,1,0.0,0.84,0,none,0,none
U009,2024-09-07 00:25:00,97.0,1,0.0,0.85,0,none,0,none
U009,2024-09-07 00:35:00,97.5,1,0.0,0.94,0,none,0,none
U009,2024-09-07 00:40:00,97.0,1,0.0,1.07,0,none,0,none
U009,2024-09-07 00:50:00,96.3,1,0.0,0.89,0,none,0,none
U009,2024-09-07 01:05:00,96.5,1,0.0,1.11,0,none,0,none
U009,2024-09-07 01:10:00,96.4,1,0.0,1.15,0,none,0,none
U009,2024-09-07 01:15:00,96.6,1,0.0,0.84,0,none,0,none
U009,2024-09-07 01:20:00,96.5,1,0.0,1.14,0,none,0,none
U009,2024-09-07 01:30:00,96.8,1,0.0,1.12,0,none,0,none
U009,2024-09-07 01:40:00,97.1,1,0.0,1.12,0,none,0,none
U009,2024-09-07 01:45:00,97.9,1,0.0,0.85,0,none,0,none
U009,2024-09-07 01:50:00,97.7,1,0.0,1.04,0,none,0,none
U009,2024-09-07 01:55:00,98.0,1,0.0,0.99,0,none,0,none
U009,2024-09-07 02:05:00,98.4,1,0.0,1.06,0,none,0,none
U009,2024-09-07 02:20:00,95.0,1,0.0,0.89,0,none,0,none
U009,2024-09-07 02:25:00,96.5,1,0.0,1.12,0,none,0,none
U009,2024-09-07 02:30:00,95.9,1,0.0,0.94,0,none,0,none
U009,2024-09-07 02:40:00,94.9,1,0.0,1.15,0,none,0,none
U009,2024-09-07 02:45:00,95.2,1,0.0,0.8,0,none,0,none
U009,2024-09-07 03:05:00,94.9,1,0.0,0.92,0,none,0,none
U009,2024-09-07 03:25:00,94.4,1,0.0,0.88,0,none,4076,low
U009,2024-09-07 03:40:00,92.9,1,0.0,1.2,0,none,0,none
U009,2024-09-07 03:50:00,92.0,1,0.0,0.83,0,none,0,none
U009,2024-09-07 04:10:00,94.2,1,0.0,0.82,0,none,0,none
U009,2024-09-07 04:15:00,94.2,1,0.0,1.1,0,none,0,none
U009,2024-09-07 04:20:00,94.5,1,0.0,0.82,0,none,0,none
U009,2024-09-07 04:25:00,95.0,1,0.0,1.17,0,none,0,none
U009,2024-09-07 04:30:00,95.7,1,0.0,1.08,0,none,0,none
U009,2024-09-07 04:45:00,95.7,1,0.0,1.05,0,none,0,none
U009,2024-09-07 04:55:00,95.8,1,0.0,0.95,0,none,0,none
U009,2024-09-07 05:05:00,97.1,1,0.0,1.18,0,none,0,none
U009,2024-09-07 05:10:00,97.9,1,0.0,0.92,0,none,0,none
U009,2024-09-07 05:15:00,97.8,1,0.0,0.89,0,none,0,none
U009,2024-09-07 05:20:00,99.0,1,0.0,1.03,0,none,0,none
U009,2024-09-07 05:25:00,99.2,1,0.0,0.99,0,none,0,none
U009,2024-09-07 05:40:00,98.7,1,0.0,0.84,0,none,0,none
U009,2024-09-07 05:50:00,99.8,1,0.0,1.09,0,none,0,none
U009,2024-09-07 06:05:00,100.3,1,0.0,0.94,0,none,0,none
U009,2024-09-07 06:15:00,100.3,1,0.0,0.98,0,none,0,none
U009,2024-09-07 06:20:00,99.7,1,0.0,0.89,0,none,0,none
U009,2024-09-07 06:30:00,100.0,1,0.0,0.88,0,none,0,none
U009,2024-09-07 06:40:00,99.2,1,0.0,0.82,0,none,3721,medium
U009,2024-09-07 06:45:00,99.1,1,0.0,1.18,0,none,0,none
U009,2024-09-07 06:50:00,99.0,1,0.0,0.93,0,none,0,none
U009,2024-09-07 06:55:00,99.2,1,0.0,1.19,0,none,0,none
U009,2024-09-07 07:00:00,98.9,1,0.0,1.0,0,none,0,none
U009,2024-09-07 07:05:00,98.8,1,0.0,0.9,0,none,0,none
U009,2024-09-07 07:10:00,99.2,1,0.0,0.81,0,none,0,none
U009,2024-09-07 07:25:00,98.9,1,0.0,1.17,0,none,0,none
U009,2024-09-07 07:30:00,98.2,1,0.0,0.97,0,none,0,none
U009,2024-09-07 07:40:00,99.4,1,0.0,1.18,0,none,0,none
U009,2024-09-07 07:45:00,99.5,1,0.0,1.05,0,none,0,none
U009,2024-09-07 07:50:00,99.1,1,0.0,0.81,0,none,0,none
U009,2024-09-07 07:55:00,98.9,1,0.0,0.88,0,none,0,none
U009,2024-09-07 08:05:00,97.2,1,0.0,1.04,0,none,0,none
U009,2024-09-07 08:10:00,98.1,1,0.0,1.17,0,none,0,none
U009,2024-09-07 08:25:00,99.1,1,0.0,1.18,0,none,0,none
U009,2024-09-07 08:30:00,99.6,1,0.0,1.16,0,none,0,none
U009,2024-09-07 08:40:00,98.6,1,0.0,1.04,0,none,0,none
U009,2024-09-07 08:50:00,98.9,1,0.0,1.18,0,none,0,none
U009,2024-09-07 09:05:00,97.6,1,0.0,0.95,0,none,0,none
U009,2024-09-07 09:15:00,97.3,1,0.0,0.86,0,none,0,none
U009,2024-09-07 09:25:00,95.9,1,0.0,1.06,0,none,0,none
U009,2024-09-07 09:35:00,96.2,1,0.0,1.11,0,none,0,none
U009,2024-09-07 09:40:00,96.5,1,0.0,1.06,0,none,0,none
U009,2024-09-07 09:45:00,96.5,1,0.0,1.02,0,none,0,none
U009,2024-09-07 09:50:00,95.9,0,0.0,1.14,0,none,0,none
U009,2024-09-07 10:10:00,95.0,1,0.0,1.11,0,none,0,none
U009,2024-09-07 10:15:00,95.1,1,0.0,1.07,0,none,0,none
U009,2024-09-07 10:25:00,96.0,1,0.0,1.1,0,none,0,none
U009,2024-09-07 10:35:00,97.8,1,0.0,0.89,0,none,0,none
U009,2024-09-07 10:40:00,97.6,1,0.0,1.03,0,none,0,none
U009,2024-09-07 10:45:00,96.9,1,0.0,0.91,0,none,0,none
U009,2024-09-07 11:00:00,98.0,1,0.0,0.98,0,none,0,none
U009,2024-09-07 11:20:00,98.8,1,0.0,1.16,0,none,0,none
U009,2024-09-07 11:25:00,99.5,1,0.0,1.08,0,none,0,none
U009,2024-09-07 11:35:00,99.8,1,0.0,0.95,0,none,0,none
U009,2024-09-07 11:40:00,99.9,1,0.0,0.82,0,none,0,none
U009,2024-09-07 11:45:00,98.5,1,0.0,1.02,0,none,4004,medium
U009,2024-09-07 12:00:00,98.1,1,0.0,0.86,0,none,0,none
U009,2024-09-07 12:05:00,97.7,1,0.0,0.93,0,none,0,none
U009,2024-09-07 12:10:00,98.3,1,0.0,0.88,0,none,0,none
U009,2024-09-07 12:15:00,98.2,1,0.0,1.19,0,none,0,none
U009,2024-09-07 12:20:00,98.6,1,0.0,0.99,0,none,0,none
U009,2024-09-07 12:35:00,98.6,1,0.0,1.1,0,none,0,none
U009,2024-09-07 12:50:00,98.0,1,0.0,1.12,0,none,0,none
U009,2024-09-07 13:00:00,98.3,1,0.0,1.05,0,none,0,none
U009,2024-09-07 13:10:00,98.6,1,0.0,1.11,0,none,0,none
U009,2024-09-07 13:15:00,98.7,1,0.0,0.99,0,none,0,none
U009,2024-09-07 13:20:00,98.4,1,0.0,1.01,0,none,0,none
U009,2024-09-07 13:30:00,97.0,1,0.0,1.2,0,none,0,none
U009,2024-09-07 13:35:00,96.5,1,0.0,1.15,0,none,0,none
U009,2024-09-07 13:40:00,96.5,1,0.0,0.92,0,none,0,none
U009,2024-09-07 13:45:00,96.7,1,0.0,1.09,0,none,0,none
U009,2024-09-07 13:50:00,97.3,1,0.0,0.99,0,none,0,none
U009,2024-09-07 14:00:00,97.1,1,0.0,0.89,0,none,0,none
U009,2024-09-07 14:20:00,96.8,1,0.0,0.89,0,none,0,none
U009,2024-09-07 14:30:00,96.5,1,0.0,1.01,0,none,0,none
U009,2024-09-07 14:40:00,97.2,1,0.0,0.89,0,none,0,none
U009,2024-09-07 14:45:00,97.8,1,0.0,1.01,0,none,0,none
U009,2024-09-07 14:50:00,98.6,1,0.0,1.11,0,none,0,none
U009,2024-09-07 14:55:00,98.6,1,0.0,0.94,0,none,0,none
U009,2024-09-07 15:00:00,99.4,1,5.1,1.11,90,snack,0,none
U009,2024-09-07 15:10:00,98.5,1,0.0,1.09,0,none,0,none
U009,2024-09-07 15:15:00,99.3,1,0.0,0.82,0,none,0,none
U009,2024-09-07 15:20:00,98.6,1,0.0,0.89,0,none,0,none
U009,2024-09-07 15:25:00,98.8,1,0.0,1.04,0,none,0,none
U009,2024-09-07 15:30:00,99.0,1,0.0,0.86,0,none,0,none
U009,2024-09-07 15:50:00,99.3,1,0.0,0.84,0,none,0,none
U009,2024-09-07 16:10:00,97.3,1,0.0,0.85,0,none,1142,high
U009,2024-09-07 16:15:00,96.6,1,0.0,0.86,0,none,0,none
U009,2024-09-07 16:20:00,97.5,1,0.0,0.87,0,none,0,none
U009,2024-09-07 16:25:00,97.5,1,0.0,0.96,0,none,0,none
U009,2024-09-07 16:35:00,97.9,1,0.0,0.96,0,none,0,none
U009,2024-09-07 16:40:00,97.8,1,0.0,1.17,0,none,0,none
U009,2024-09-07 16:45:00,97.2,1,6.8,0.9,90,dinner,0,none
U009,2024-09-07 16:50:00,97.8,1,0.0,0.81,0,none,0,none
U009,2024-09-07 16:55:00,98.4,1,0.0,1.06,0,none,0,none
U009,2024-09-07 17:10:00,99.2,1,0.0,1.19,0,none,0,none
U009,2024-09-07 17:35:00,100.2,1,0.0,0.9,0,none,0,none
U009,2024-09-07 17:40:00,101.0,1,0.0,1.12,0,none,0,none
U009,2024-09-07 17:45:00,100.9,1,0.0,1.06,0,none,0,none
U009,2024-09-07 17:50:00,101.1,1,0.0,1.0,0,none,0,none
U009,2024-09-07 17:55:00,100.4,1,0.0,1.18,0,none,0,none
U009,2024-09-07 18:05:00,99.3,1,0.0,1.0,0,none,0,none
U009,2024-09-07 18:10:00,99.2,1,0.0,0.86,0,none,0,none
U009,2024-09-07 18:20:00,99.3,1,0.0,0.82,0,none,0,none
U009,2024-09-07 18:35:00,99.8,1,4.9,0.83,75,breakfast,0,none
U009,2024-09-07 18:40:00,99.3,1,0.0,1.2,0,none,0,none
U009,2024-09-07 18:50:00,98.7,1,0.0,0.98,0,none,0,none
U009,2024-09-07 18:55:00,98.8,1,0.0,1.16,0,none,0,none
U009,2024-09-07 19:05:00,97.3,1,3.8,0.85,45,breakfast,0,none
U009,2024-09-07 19:20:00,97.2,1,0.0,1.13,0,none,0,none
U009,2024-09-07 19:25:00,94.6,1,0.0,1.2,0,none,1262,high
U009,2024-09-07 19:55:00,93.7,1,0.0,0.91,0,none,0,none
U009,2024-09-07 20:00:00,93.1,1,0.0,1.05,0,none,0,none
U009,2024-09-07 20:05:00,93.1,1,0.0,1.1,0,none,0,none
U009,2024-09-07 20:10:00,93.2,1,0.0,0.83,0,none,0,none
U009,2024-09-07 20:15:00,93.0,1,0.0,0.99,0,none,0,none
U009,2024-09-07 20:25:00,93.2,1,0.0,0.8,0,none,0,none
U009,2024-09-07 20:30:00,93.1,1,0.0,1.1,0,none,0,none
U009,2024-09-07 20:35:00,92.3,1,0.0,1.14,0,none,0,none
U009,2024-09-07 20:45:00,94.2,1,0.0,0.96,0,none,0,none
U009,2024-09-07 20:55:00,94.5,1,0.0,0.85,0,none,0,none
U009,2024-09-07 21:00:00,94.3,1,0.0,0.91,0,none,0,none
U009,2024-09-07 21:05:00,94.7,1,0.0,1.03,0,none,0,none
U009,2024-09-07 21:20:00,95.4,1,0.0,1.12,0,none,0,none
U009,2024-09-07 21:30:00,95.7,1,0.0,1.12,0,none,0,none
U009,2024-09-07 21:35:00,94.8,1,0.0,1.05,0,none,0,none
U009,2024-09-07 21:40:00,94.9,1,0.0,0.89,0,none,0,none
U009,2024-09-07 21:45:00,94.8,1,0.0,1.17,0,none,0,none
U009,2024-09-07 22:05:00,96.1,1,0.0,0.81,0,none,0,none
U009,2024-09-07 22:10:00,95.3,1,0.0,1.04,0,none,0,none
U009,2024-09-07 22:15:00,95.1,1,0.0,0.84,0,none,0,none
U009,2024-09-07 22:20:00,95.3,1,0.0,1.08,0,none,0,none
U009,2024-09-07 22:30:00,96.6,1,0.0,1.14,0,none,0,none
U009,2024-09-07 22:35:00,96.1,1,0.0,1.16,0,none,0,none
U009,2024-09-07 22:40:00,95.4,1,0.0,1.05,0,none,0,none
U009,2024-09-07 22:45:00,95.2,1,0.0,0.91,0,none,0,none
U009,2024-09-07 22:55:00,96.0,1,0.0,0.82,0,none,0,none
U009,2024-09-07 23:00:00,96.3,1,3.8,1.08,60,dinner,0,none
U009,2024-09-07 23:10:00,96.9,1,0.0,1.16,0,none,0,none
U009,2024-09-07 23:15:00,95.6,1,0.0,1.19,0,none,776,medium
U009,2024-09-07 23:20:00,96.0,1,0.0,0.89,0,none,0,none
U009,2024-09-07 23:25:00,95.7,1,0.0,1.12,0,none,0,none
U009,2024-09-07 23:30:00,96.2,1,0.0,1.0,0,none,0,none
U009,2024-09-07 23:35:00,96.3,1,0.0,1.2,0,none,0,none
U009,2024-09-07 23:45:00,95.8,1,0.0,0.84,0,none,0,none
U009,2024-09-07 23:50:00,94.9,1,0.0,0.83,0,none,0,none
U009,2024-09-07 23:55:00,95.3,1,0.0,0.94,0,none,0,none
U009,2024-09-08 00:10:00,95.2,1,0.0,0.95,0,none,0,none
U009,2024-09-08 00:15:00,95.8,1,0.0,0.95,0,none,0,none
U009,2024-09-08 00:20:00,95.4,1,0.0,1.1,0,none,0,none
U009,2024-09-08 00:25:00,95.2,1,0.0,0.99,0,none,0,none
U009,2024-09-08 00:30:00,95.1,1,0.0,1.17,0,none,0,none
U009,2024-09-08 00:35:00,94.5,1,0.0,1.04,0,none,0,none
U009,2024-09-08 00:40:00,93.8,1,0.0,0.9,0,none,3758,low
U009,2024-09-08 00:45:00,93.5,1,0.0,0.98,0,none,0,none
U009,2024-09-08 00:55:00,94.2,1,4.5,0.94,75,lunch,0,none
U009,2024-09-08 01:05:00,94.5,1,0.0,0.93,0,none,0,none
U009,2024-09-08 01:25:00,94.9,1,0.0,0.98,0,none,0,none
U009,2024-09-08 01:40:00,92.9,1,0.0,1.15,0,none,0,none
U009,2024-09-08 01:55:00,93.3,0,0.0,1.16,0,none,0,none
U009,2024-09-08 02:00:00,93.1,1,0.0,1.1,0,none,0,none
U009,2024-09-08 02:10:00,92.0,1,0.0,1.01,0,none,0,none
U009,2024-09-08 02:15:00,92.7,1,0.0,0.83,0,none,0,none
U009,2024-09-08 02:25:00,93.4,1,0.0,1.06,0,none,0,none
U009,2024-09-08 02:30:00,93.9,1,0.0,0.98,0,none,0,none
U009,2024-09-08 02:35:00,94.0,1,0.0,1.09,0,none,0,none
U009,2024-09-08 02:40:00,94.6,1,0.0,0.98,0,none,0,none
U009,2024-09-08 02:45:00,94.6,1,0.0,0.86,0,none,0,none
U009,2024-09-08 02:50:00,95.3,1,0.0,0.85,0,none,0,none
U009,2024-09-08 03:00:00,95.1,1,0.0,1.08,0,none,0,none
U009,2024-09-08 03:05:00,95.9,1,0.0,0.95,0,none,0,none
U009,2024-09-08 03:10:00,95.9,1,0.0,1.09,0,none,0,none
U009,2024-09-08 03:15:00,96.5,1,0.0,1.19,0,none,0,none
U009,2024-09-08 03:20:00,97.1,1,0.0,1.1,0,none,0,none
U009,2024-09-08 03:30:00,98.3,1,0.0,1.11,0,none,0,none
U009,2024-09-08 03:35:00,98.2,1,0.0,1.16,0,none,0,none
U009,2024-09-08 03:40:00,97.8,1,0.0,1.19,0,none,0,none
U009,2024-09-08 04:00:00,97.0,1,0.0,0.95,0,none,0,none
U009,2024-09-08 04:05:00,96.6,1,5.5,0.9,75,breakfast,0,none
U009,2024-09-08 04:10:00,96.4,1,0.0,1.01,0,none,0,none
U009,2024-09-08 04:25:00,96.5,1,0.0,0.8,0,none,0,none
U009,2024-09-08 04:30:00,96.8,1,0.0,0.91,0,none,0,none
U009,2024-09-08 04:45:00,96.3,1,2.5,0.83,45,lunch,0,none
U009,2024-09-08 04:50:00,95.9,1,0.0,0.98,0,none,0,none
U009,2024-09-08 04:55:00,95.4,1,0.0,1.01,0,none,0,none
U009,2024-09-08 05:00:00,95.5,1,0.0,1.08,0,none,0,none
U009,2024-09-08 05:25:00,96.1,1,0.0,1.04,0,none,0,none
U009,2024-09-08 05:35:00,94.9,1,0.0,1.08,0,none,0,none
U009,2024-09-08 05:50:00,95.8,1,0.0,1.01,0,none,0,none
U009,2024-09-08 06:10:00,93.5,1,0.0,0.93,0,none,0,none
U009,2024-09-08 06:15:00,93.9,1,0.0,1.11,0,none,0,none
U009,2024-09-08 06:30:00,94.6,1,0.0,0.93,0,none,0,none
U009,2024-09-08 06:40:00,94.8,0,0.0,0.99,0,none,0,none
U009,2024-09-08 06:45:00,95.3,1,0.0,0.85,0,none,0,none
U009,2024-09-08 06:55:00,95.6,1,0.0,0.9,0,none,0,none
U009,2024-09-08 07:00:00,96.1,1,0.0,1.16,0,none,0,none
U009,2024-09-08 07:20:00,96.4,1,0.0,0.96,0,none,0,none
U009,2024-09-08 07:35:00,97.3,1,0.0,1.18,0,none,0,none
U009,2024-09-08 07:40:00,97.8,1,0.0,1.12,0,none,0,none
U009,2024-09-08 07:45:00,97.5,1,0.0,1.09,0,none,0,none
U009,2024-09-08 07:55:00,97.4,1,0.0,0.95,0,none,0,none
U009,2024-09-08 08:05:00,96.9,1,0.0,1.0,0,none,0,none
U009,2024-09-08 08:10:00,97.5,1,0.0,0.96,0,none,0,none
U009,2024-09-08 08:25:00,98.3,1,2.0,0.9,30,dinner,0,none
U009,2024-09-08 08:45:00,99.1,1,0.0,0.81,0,none,0,none
U009,2024-09-08 08:50:00,99.7,1,0.0,0.94,0,none,0,none
U009,2024-09-08 09:05:00,99.4,1,0.0,0.98,0,none,0,none
U009,2024-09-08 09:10:00,100.4,1,0.0,0.98,0,none,0,none
U009,2024-09-08 09:25:00,102.7,1,0.0,0.95,0,none,0,none
U009,2024-09-08 09:35:00,103.6,1,0.0,1.11,0,none,0,none
U009,2024-09-08 09:55:00,104.4,1,0.0,0.92,0,none,0,none
U009,2024-09-08 10:00:00,104.6,1,0.0,0.94,0,none,0,none
U009,2024-09-08 10:10:00,103.4,1,0.0,1.03,0,none,0,none
U009,2024-09-08 10:15:00,103.4,1,0.0,0.83,0,none,0,none
U009,2024-09-08 10:25:00,105.1,1,0.0,1.16,0,none,0,none
U009,2024-09-08 10:30:00,105.6,1,0.0,1.12,0,none,0,none
U009,2024-09-08 10:40:00,105.7,1,0.0,1.16,0,none,0,none
U009,2024-09-08 10:45:00,106.2,1,0.0,1.19,0,none,0,none
U009,2024-09-08 10:50:00,106.4,1,0.0,0.89,0,none,0,none
U009,2024-09-08 10:55:00,106.7,1,0.0,1.15,0,none,0,none
U009,2024-09-08 11:00:00,106.5,1,0.0,1.09,0,none,0,none
U009,2024-09-08 11:05:00,106.1,1,0.0,1.06,0,none,0,none
U009,2024-09-08 11:10:00,106.6,1,0.0,0.87,0,none,0,none
U009,2024-09-08 11:15:00,107.8,1,0.0,1.19,0,none,0,none
U009,2024-09-08 11:20:00,107.9,1,0.0,1.17,0,none,0,none
U009,2024-09-08 11:35:00,108.0,1,0.0,1.01,0,none,0,none
U009,2024-09-08 11:45:00,108.9,1,0.0,1.15,0,none,0,none
U009,2024-09-08 11:50:00,108.0,1,0.0,1.07,0,none,0,none
U009,2024-09-08 12:00:00,106.8,1,0.0,0.98,0,none,0,none
U009,2024-09-08 12:10:00,108.0,1,0.0,1.05,0,none,0,none
U009,2024-09-08 12:15:00,108.0,1,0.0,0.89,0,none,0,none
U009,2024-09-08 12:20:00,108.3,1,0.0,1.07,0,none,0,none
U009,2024-09-08 12:25:00,108.0,1,0.0,1.11,0,none,0,none
U009,2024-09-08 12:30:00,108.4,1,0.0,0.87,0,none,0,none
U009,2024-09-08 12:35:00,109.0,1,0.0,0.83,0,none,0,none
U009,2024-09-08 12:40:00,109.4,1,0.0,0.95,0,none,0,none
U009,2024-09-08 12:45:00,109.9,1,0.0,0.81,0,none,0,none
U009,2024-09-08 12:55:00,109.7,1,0.0,1.2,0,none,0,none
U009,2024-09-08 13:00:00,109.4,1,0.0,0.88,30,breakfast,0,none
U009,2024-09-08 13:05:00,110.2,1,0.0,0.92,0,none,0,none
U009,2024-09-08 13:15:00,110.8,1,0.0,0.82,0,none,0,none
U009,2024-09-08 13:25:00,110.8,1,0.0,1.17,0,none,0,none
U009,2024-09-08 13:35:00,110.4,1,4.7,0.8,75,lunch,0,none
U009,2024-09-08 13:40:00,111.1,1,0.0,0.97,0,none,0,none
U009,2024-09-08 13:50:00,112.0,1,0.0,1.15,0,none,0,none
U009,2024-09-08 13:55:00,112.4,1,0.0,1.18,0,none,0,none
U009,2024-09-08 14:05:00,112.4,1,0.0,1.13,0,none,0,none
U009,2024-09-08 14:10:00,113.1,1,0.0,1.12,0,none,0,none
U009,2024-09-08 14:15:00,112.3,1,0.0,0.81,0,none,0,none
U009,2024-09-08 14:30:00,110.7,1,0.0,1.17,0,none,0,none
U009,2024-09-08 14:35:00,111.1,1,0.0,1.18,0,none,0,none
U009,2024-09-08 14:40:00,111.4,1,0.0,0.83,0,none,0,none
U009,2024-09-08 14:45:00,111.0,1,0.0,1.03,0,none,0,none
U009,2024-09-08 14:50:00,111.0,1,0.0,0.86,0,none,0,none
U009,2024-09-08 14:55:00,110.6,1,0.0,0.99,0,none,0,none
U009,2024-09-08 15:05:00,110.9,1,0.0,0.82,0,none,0,none
U009,2024-09-08 15:15:00,112.1,1,0.0,1.19,0,none,0,none
U009,2024-09-08 15:20:00,112.2,1,4.4,1.16,60,snack,0,none
U009,2024-09-08 15:35:00,111.6,1,0.0,0.95,0,none,0,none
U009,2024-09-08 15:45:00,111.9,1,0.0,1.04,0,none,0,none
U009,2024-09-08 15:55:00,112.5,1,0.0,0.86,0,none,0,none
U009,2024-09-08 16:05:00,111.3,1,0.0,1.12,0,none,0,none
U009,2024-09-08 16:10:00,109.4,1,3.7,1.02,45,snack,3702,medium
U009,2024-09-08 16:15:00,109.5,1,0.0,1.02,0,none,0,none
U009,2024-09-08 16:20:00,109.7,1,0.0,1.05,0,none,0,none
U009,2024-09-08 16:30:00,109.0,1,0.0,1.04,0,none,903,low
U009,2024-09-08 16:35:00,109.0,1,0.0,0.86,0,none,0,none
U009,2024-09-08 16:40:00,109.2,1,0.0,1.14,0,none,0,none
U009,2024-09-08 16:50:00,108.3,1,0.0,0.89,0,none,0,none
U009,2024-09-08 16:55:00,108.3,1,0.0,0.87,0,none,0,none
U009,2024-09-08 17:10:00,106.7,1,0.0,1.08,0,none,0,none
U009,2024-09-08 17:15:00,106.4,1,0.0,0.9,0,none,0,none
U009,2024-09-08 17:25:00,106.2,1,0.0,0.84,0,none,0,none
U009,2024-09-08 17:35:00,106.6,1,0.0,0.84,0,none,0,none
U009,2024-09-08 17:40:00,107.1,1,0.0,0.95,0,none,0,none
U009,2024-09-08 17:45:00,107.6,1,0.0,0.98,0,none,0,none
U009,2024-09-08 17:50:00,108.1,1,0.0,0.95,0,none,0,none
U009,2024-09-08 17:55:00,108.6,1,0.0,1.13,0,none,0,none
U009,2024-09-08 18:00:00,108.4,1,0.0,1.01,0,none,0,none
U009,2024-09-08 18:10:00,108.6,1,0.0,1.06,0,none,0,none
U009,2024-09-08 18:15:00,109.5,1,0.0,1.13,0,none,0,none
U009,2024-09-08 18:20:00,109.1,1,0.0,0.94,0,none,0,none
U009,2024-09-08 18:25:00,110.1,1,0.0,0.8,75,snack,0,none
U009,2024-09-08 18:50:00,110.2,1,3.4,0.84,45,snack,0,none
U009,2024-09-08 18:55:00,110.6,1,3.3,1.06,45,snack,0,none
U009,2024-09-08 19:00:00,109.7,1,0.0,1.11,0,none,0,none
U009,2024-09-08 19:05:00,108.7,1,0.0,1.19,0,none,0,none
U009,2024-09-08 19:10:00,108.5,1,0.0,1.01,0,none,0,none
U009,2024-09-08 19:15:00,108.7,1,0.0,1.11,0,none,0,none
U009,2024-09-08 19:20:00,108.8,1,0.0,1.13,0,none,0,none
U009,2024-09-08 19:35:00,109.0,1,0.0,1.1,0,none,0,none
U009,2024-09-08 19:40:00,108.7,1,0.0,0.91,0,none,0,none
U009,2024-09-08 19:45:00,108.4,1,0.0,0.89,0,none,0,none
U009,2024-09-08 19:50:00,108.0,1,0.0,1.09,0,none,0,none
U009,2024-09-08 19:55:00,107.8,1,0.0,1.12,0,none,0,none
U009,2024-09-08 20:10:00,107.3,1,0.0,1.02,0,none,0,none
U009,2024-09-08 20:20:00,107.9,1,0.0,1.14,0,none,0,none
U009,2024-09-08 20:25:00,108.5,1,0.0,1.01,0,none,0,none
U009,2024-09-08 20:35:00,108.3,0,0.0,1.05,0,none,0,none
U009,2024-09-08 20:45:00,108.3,1,0.0,1.0,0,none,0,none
U009,2024-09-08 21:00:00,108.6,1,0.0,0.89,0,none,0,none
U009,2024-09-08 21:05:00,108.1,1,0.0,1.06,0,none,0,none
U009,2024-09-08 21:10:00,107.8,1,0.0,1.1,0,none,0,none
U009,2024-09-08 21:15:00,108.6,1,0.0,1.02,0,none,0,none
U009,2024-09-08 21:20:00,108.5,1,0.0,0.87,0,none,0,none
U009,2024-09-08 21:25:00,108.1,1,0.0,0.96,0,none,0,none
U009,2024-09-08 21:30:00,107.6,1,0.0,1.19,0,none,0,none
U009,2024-09-08 21:35:00,108.7,1,0.0,0.82,0,none,0,none
U009,2024-09-08 21:40:00,107.7,1,0.0,1.05,0,none,0,none
U009,2024-09-08 21:50:00,106.5,1,0.0,0.94,0,none,0,none
U009,2024-09-08 22:05:00,105.1,0,0.0,0.98,0,none,0,none
U009,2024-09-08 22:10:00,104.8,1,0.0,0.91,0,none,0,none
U009,2024-09-08 22:15:00,104.6,1,0.0,0.87,0,none,0,none
U009,2024-09-08 22:35:00,103.8,1,0.0,1.17,0,none,0,none
U009,2024-09-08 22:40:00,103.8,1,0.0,0.85,0,none,0,none
U009,2024-09-08 22:45:00,104.0,1,0.0,0.91,0,none,0,none
U009,2024-09-08 23:00:00,103.6,1,0.0,0.86,0,none,0,none
U009,2024-09-08 23:10:00,103.7,1,4.1,0.81,75,dinner,0,none
U009,2024-09-08 23:20:00,104.1,1,0.0,0.99,0,none,0,none
U009,2024-09-08 23:25:00,105.3,1,0.0,0.98,0,none,0,none
U009,2024-09-08 23:30:00,105.1,1,0.0,0.99,0,none,0,none
U009,2024-09-08 23:45:00,104.1,1,0.0,0.88,0,none,0,none
U009,2024-09-08 23:50:00,104.5,1,0.0,0.97,0,none,0,none
U009,2024-09-08 23:55:00,104.0,1,0.0,1.02,0,none,0,none
U009,2024-09-09 00:00:00,103.5,1,0.0,0.91,0,none,0,none
U009,2024-09-09 00:05:00,103.8,1,0.0,1.08,0,none,0,none
U009,2024-09-09 00:15:00,104.1,1,0.0,1.12,75,snack,0,none
U009,2024-09-09 00:20:00,104.5,1,0.0,0.88,0,none,0,none
U009,2024-09-09 00:30:00,104.5,1,0.0,1.18,0,none,0,none
U009,2024-09-09 00:40:00,104.5,1,0.0,1.04,0,none,0,none
U009,2024-09-09 00:45:00,104.3,1,4.8,0.84,60,lunch,0,none
U009,2024-09-09 00:50:00,103.2,1,0.0,1.03,0,none,0,none
U009,2024-09-09 01:00:00,102.1,1,0.0,1.13,0,none,0,none
U009,2024-09-09 01:05:00,102.6,1,0.0,0.97,0,none,0,none
U009,2024-09-09 01:25:00,103.0,1,0.0,1.18,0,none,0,none
U009,2024-09-09 01:30:00,103.2,1,0.0,0.97,0,none,0,none
U009,2024-09-09 01:40:00,102.2,1,0.0,0.9,0,none,0,none
U009,2024-09-09 01:50:00,102.0,1,0.0,1.02,0,none,0,none
U009,2024-09-09 02:10:00,104.2,1,0.0,1.04,0,none,0,none
U009,2024-09-09 02:15:00,104.2,1,0.0,1.0,0,none,0,none
U009,2024-09-09 02:20:00,104.7,1,0.0,0.91,0,none,0,none
U009,2024-09-09 02:35:00,104.9,1,0.0,1.18,0,none,0,none
U009,2024-09-09 02:40:00,104.8,1,0.0,1.05,0,none,0,none
U009,2024-09-09 02:45:00,105.6,1,0.0,0.87,0,none,0,none
U009,2024-09-09 02:50:00,105.3,1,0.0,0.83,0,none,0,none
U009,2024-09-09 03:00:00,106.9,1,0.0,0.95,0,none,0,none
U009,2024-09-09 03:10:00,107.0,1,0.0,0.86,0,none,0,none
U009,2024-09-09 03:15:00,106.4,1,0.0,1.08,0,none,0,none
U009,2024-09-09 03:25:00,106.6,1,0.0,1.15,0,none,0,none
U009,2024-09-09 03:30:00,107.4,1,0.0,1.16,0,none,0,none
U009,2024-09-09 03:35:00,108.0,1,0.0,1.04,0,none,0,none
U009,2024-09-09 03:40:00,107.3,1,0.0,1.06,0,none,0,none
U009,2024-09-09 03:50:00,107.8,1,0.0,1.0,0,none,0,none
U009,2024-09-09 03:55:00,108.8,1,0.0,1.11,0,none,0,none
U009,2024-09-09 04:05:00,108.7,1,0.0,1.13,0,none,0,none
U009,2024-09-09 04:15:00,109.6,1,0.0,0.86,0,none,0,none
U009,2024-09-09 04:20:00,109.6,1,0.0,0.86,0,none,0,none
U009,2024-09-09 04:25:00,109.1,1,0.0,1.01,0,none,0,none
U009,2024-09-09 04:30:00,108.7,1,0.0,1.14,0,none,0,none
U009,2024-09-09 04:40:00,107.1,1,0.0,0.96,0,none,0,none
U009,2024-09-09 04:50:00,104.1,1,0.0,0.94,0,none,0,none
U009,2024-09-09 05:00:00,104.6,1,0.0,0.9,0,none,0,none
U009,2024-09-09 05:05:00,104.1,1,0.0,0.84,0,none,0,none
U009,2024-09-09 05:15:00,105.6,1,0.0,1.07,0,none,0,none
U009,2024-09-09 05:20:00,105.6,1,1.5,0.98,30,dinner,0,none
U009,2024-09-09 05:45:00,104.2,1,0.0,1.06,0,none,0,none
U009,2024-09-09 05:55:00,104.2,1,0.0,1.1,0,none,0,none
U009,2024-09-09 06:00:00,104.4,1,0.0,1.07,0,none,0,none
U009,2024-09-09 06:05:00,104.0,1,0.0,1.01,0,none,0,none
U009,2024-09-09 06:10:00,104.0,1,0.0,0.94,0,none,0,none
U009,2024-09-09 06:20:00,103.9,1,0.0,0.87,0,none,0,none
U009,2024-09-09 06:25:00,104.3,1,5.2,1.08,90,breakfast,0,none
U009,2024-09-09 06:35:00,105.1,1,0.0,0.8,0,none,0,none
U009,2024-09-09 06:50:00,104.1,1,0.0,0.87,0,none,0,none
U009,2024-09-09 06:55:00,104.1,1,0.0,0.98,0,none,0,none
U009,2024-09-09 07:00:00,102.9,1,0.0,0.84,0,none,0,none
U009,2024-09-09 07:05:00,102.9,1,0.0,0.91,0,none,0,none
U009,2024-09-09 07:10:00,103.3,1,0.0,1.05,0,none,0,none
U009,2024-09-09 07:15:00,102.6,1,0.0,1.12,0,none,0,none
U009,2024-09-09 07:25:00,104.6,1,0.0,0.9,0,none,0,none
U009,2024-09-09 07:30:00,104.9,1,1.1,0.88,30,lunch,0,none
U009,2024-09-09 07:35:00,105.2,1,0.0,0.94,0,none,0,none
U009,2024-09-09 07:50:00,105.9,0,0.0,1.11,0,none,0,none
U009,2024-09-09 07:55:00,106.2,1,0.0,0.98,0,none,0,none
U009,2024-09-09 08:05:00,107.9,1,0.0,0.89,0,none,0,none
U009,2024-09-09 08:20:00,109.3,1,0.0,1.2,0,none,0,none
U009,2024-09-09 08:25:00,109.2,1,0.0,1.17,0,none,0,none
U009,2024-09-09 08:35:00,110.6,1,0.0,0.91,0,none,0,none
U009,2024-09-09 08:40:00,111.4,1,2.9,0.93,45,dinner,0,none
U009,2024-09-09 08:50:00,110.9,1,0.0,1.1,0,none,0,none
U009,2024-09-09 08:55:00,111.1,1,0.0,0.94,0,none,0,none
U009,2024-09-09 09:05:00,112.3,1,0.0,1.02,0,none,0,none
U009,2024-09-09 09:40:00,110.7,1,0.0,1.19,0,none,0,none
U009,2024-09-09 09:45:00,111.1,1,0.0,1.12,0,none,0,none
U009,2024-09-09 09:55:00,110.9,1,0.0,1.15,0,none,0,none
U009,2024-09-09 10:00:00,111.4,1,0.0,1.0,0,none,0,none
U009,2024-09-09 10:05:00,110.7,1,2.5,0.88,30,snack,0,none
U009,2024-09-09 10:10:00,110.8,1,0.0,0.86,0,none,0,none
U009,2024-09-09 10:15:00,110.8,1,0.0,0.95,0,none,0,none
U009,2024-09-09 10:25:00,111.8,1,0.0,0.82,0,none,0,none
U009,2024-09-09 10:40:00,113.3,1,0.0,1.03,0,none,0,none
U009,2024-09-09 10:50:00,113.1,1,0.0,0.99,0,none,0,none
U009,2024-09-09 11:00:00,113.1,1,0.0,1.05,0,none,0,none
U009,2024-09-09 11:05:00,111.9,1,0.0,0.94,0,none,1649,low
U009,2024-09-09 11:15:00,111.0,1,0.0,0.95,0,none,0,none
U009,2024-09-09 11:20:00,110.9,1,0.0,1.02,0,none,0,none
U009,2024-09-09 11:25:00,111.4,1,0.0,1.02,0,none,0,none
U009,2024-09-09 11:30:00,111.6,1,0.0,0.92,0,none,0,none
U009,2024-09-09 11:35:00,112.2,1,0.0,1.02,0,none,0,none
U009,2024-09-09 11:45:00,113.2,1,0.0,0.81,0,none,0,none
U009,2024-09-09 11:55:00,114.5,1,0.0,0.98,0,none,0,none
U009,2024-09-09 12:05:00,115.2,1,0.0,1.02,0,none,0,none
U009,2024-09-09 12:10:00,115.5,1,0.0,0.83,0,none,0,none
U009,2024-09-09 12:15:00,116.5,1,0.0,1.1,0,none,0,none
U009,2024-09-09 12:20:00,115.7,1,0.0,0.9,0,none,0,none
U009,2024-09-09 12:25:00,115.5,1,0.0,1.04,0,none,0,none
U009,2024-09-09 12:30:00,116.4,1,0.0,0.83,0,none,0,none
U009,2024-09-09 12:55:00,116.8,1,0.0,1.01,0,none,0,none
U009,2024-09-09 13:00:00,117.2,1,0.0,0.86,0,none,0,none
U009,2024-09-09 13:10:00,117.7,1,0.0,0.91,0,none,0,none
U009,2024-09-09 13:15:00,116.7,1,0.0,1.09,0,none,530,medium
U009,2024-09-09 13:45:00,117.8,1,0.0,1.09,0,none,0,none
U009,2024-09-09 13:55:00,116.9,1,0.0,1.14,0,none,0,none
U009,2024-09-09 14:00:00,117.2,1,0.0,1.19,0,none,0,none
U009,2024-09-09 14:05:00,115.9,1,0.0,1.11,0,none,0,none
U009,2024-09-09 14:20:00,115.9,1,0.0,0.99,0,none,0,none
U009,2024-09-09 14:30:00,115.7,1,0.0,0.99,0,none,0,none
U009,2024-09-09 14:35:00,115.9,1,0.0,0.87,0,none,0,none
U009,2024-09-09 14:40:00,116.1,1,0.0,1.19,0,none,0,none
U009,2024-09-09 14:50:00,115.8,1,0.0,1.13,0,none,0,none
U009,2024-09-09 15:00:00,115.9,1,0.0,1.05,0,none,0,none
U009,2024-09-09 15:05:00,115.3,1,0.0,0.87,0,none,0,none
U009,2024-09-09 15:15:00,114.1,1,0.0,1.1,0,none,0,none
U009,2024-09-09 15:20:00,113.7,1,0.0,1.07,0,none,0,none
U009,2024-09-09 15:25:00,113.2,1,0.0,1.03,0,none,0,none
U009,2024-09-09 15:35:00,113.3,1,0.0,0.81,0,none,0,none
U009,2024-09-09 15:40:00,112.9,1,0.0,1.17,0,none,0,none
U009,2024-09-09 15:45:00,112.2,1,0.0,1.06,0,none,0,none
U009,2024-09-09 15:55:00,113.1,1,0.0,0.82,0,none,0,none
U009,2024-09-09 16:00:00,112.2,1,0.0,1.03,0,none,0,none
U009,2024-09-09 16:05:00,113.3,1,0.0,1.15,0,none,0,none
U009,2024-09-09 16:15:00,113.8,1,0.0,0.93,0,none,0,none
U009,2024-09-09 16:20:00,113.6,1,0.0,0.81,0,none,0,none
U009,2024-09-09 16:25:00,113.6,1,0.0,0.8,0,none,0,none
U009,2024-09-09 16:30:00,113.8,1,0.0,1.16,0,none,0,none
U009,2024-09-09 16:45:00,112.9,1,0.0,1.19,0,none,0,none
U009,2024-09-09 16:50:00,113.5,1,0.0,0.99,0,none,0,none
U009,2024-09-09 17:10:00,111.7,1,0.0,0.9,0,none,0,none
U009,2024-09-09 17:15:00,110.9,1,0.0,0.84,0,none,0,none
U009,2024-09-09 17:30:00,112.9,1,0.0,0.9,0,none,0,none
U009,2024-09-09 17:35:00,112.3,1,0.0,1.14,0,none,0,none
U009,2024-09-09 17:40:00,111.7,1,0.0,1.07,0,none,0,none
U009,2024-09-09 17:45:00,111.3,1,0.0,1.13,0,none,0,none
U009,2024-09-09 17:50:00,111.5,1,0.0,1.04,0,none,0,none
U009,2024-09-09 17:55:00,111.6,1,0.0,0.94,0,none,0,none
U009,2024-09-09 18:00:00,111.2,1,0.0,1.11,0,none,0,none
U009,2024-09-09 18:05:00,110.6,1,0.0,1.14,0,none,0,none
U009,2024-09-09 18:10:00,111.5,1,0.0,1.1,0,none,0,none
U009,2024-09-09 18:20:00,111.7,1,0.0,0.85,0,none,0,none
U009,2024-09-09 18:45:00,113.3,1,0.0,1.17,0,none,0,none
U009,2024-09-09 18:50:00,113.1,1,0.0,1.17,0,none,0,none
U009,2024-09-09 19:05:00,112.8,1,0.0,1.18,0,none,0,none
U009,2024-09-09 19:15:00,112.4,1,0.0,0.89,0,none,0,none
U009,2024-09-09 19:20:00,111.8,1,0.0,1.08,0,none,0,none
U009,2024-09-09 19:25:00,111.4,1,0.0,1.03,0,none,0,none
U009,2024-09-09 19:35:00,111.0,1,0.0,1.17,0,none,2202,medium
U009,2024-09-09 19:40:00,111.4,1,0.0,0.83,0,none,0,none
U009,2024-09-09 19:45:00,111.2,1,0.0,0.85,0,none,0,none
U009,2024-09-09 19:55:00,111.0,1,0.0,1.17,0,none,0,none
U009,2024-09-09 20:00:00,111.1,1,0.0,1.06,0,none,0,none
U009,2024-09-09 20:10:00,110.8,1,0.0,1.12,0,none,0,none
U009,2024-09-09 20:15:00,111.4,1,0.0,1.12,0,none,0,none
U009,2024-09-09 20:25:00,111.2,1,0.0,0.95,0,none,0,none
U009,2024-09-09 20:45:00,111.8,1,0.0,0.89,0,none,0,none
U009,2024-09-09 20:50:00,111.6,1,0.0,0.9,0,none,0,none
U009,2024-09-09 21:00:00,111.4,1,0.0,1.0,0,none,0,none
U009,2024-09-09 21:05:00,112.2,1,0.0,0.86,0,none,0,none
U009,2024-09-09 21:10:00,111.1,1,0.0,0.83,0,none,0,none
U009,2024-09-09 21:15:00,111.5,1,0.0,1.14,0,none,0,none
U009,2024-09-09 21:25:00,110.5,1,0.0,1.06,0,none,0,none
U009,2024-09-09 21:35:00,109.3,1,0.0,1.08,0,none,0,none
U009,2024-09-09 21:45:00,110.4,1,0.0,1.14,0,none,0,none
U009,2024-09-09 21:55:00,110.0,1,0.0,1.02,0,none,0,none
U009,2024-09-09 22:00:00,110.0,1,0.0,1.17,0,none,0,none
U009,2024-09-09 22:05:00,109.7,1,0.0,1.01,0,none,0,none
U009,2024-09-09 22:15:00,109.2,1,0.0,1.03,0,none,0,none
U009,2024-09-09 22:20:00,108.5,1,0.0,0.9,0,none,1707,high
U010,2024-09-01 00:05:00,113.0,1,0.0,1.07,0,none,0,none
U010,2024-09-01 00:10:00,113.7,1,0.0,0.97,0,none,0,none
U010,2024-09-01 00:15:00,113.7,1,0.0,1.03,0,none,0,none
U010,2024-09-01 00:25:00,113.4,1,0.0,1.04,0,none,0,none
U010,2024-09-01 00:40:00,114.1,1,0.0,0.9,0,none,0,none
U010,2024-09-01 01:00:00,111.3,1,7.4,1.09,75,lunch,0,none
U010,2024-09-01 01:05:00,110.1,1,0.0,1.14,0,none,0,none
U010,2024-09-01 01:15:00,106.8,1,0.0,1.14,0,none,0,none
U010,2024-09-01 01:25:00,100.4,1,0.0,1.17,0,none,0,none
U010,2024-09-01 01:30:00,95.5,1,0.0,0.91,0,none,0,none
U010,2024-09-01 01:35:00,89.8,1,6.4,0.93,60,snack,0,none
U010,2024-09-01 01:40:00,83.4,1,0.0,0.84,0,none,0,none
U010,2024-09-01 01:50:00,73.8,1,0.0,1.14,0,none,0,none
U010,2024-09-01 01:55:00,70.0,1,0.0,1.19,0,none,0,none
U010,2024-09-01 02:00:00,70.0,1,0.0,1.19,0,none,0,none
U010,2024-09-01 02:05:00,70.0,1,0.0,0.85,0,none,0,none
U010,2024-09-01 02:15:00,70.0,1,0.0,1.18,0,none,0,none
U010,2024-09-01 02:25:00,70.0,1,0.0,1.03,0,none,0,none
U010,2024-09-01 02:30:00,70.0,1,0.0,1.15,0,none,0,none
U010,2024-09-01 02:35:00,70.0,1,0.0,1.02,0,none,0,none
U010,2024-09-01 02:40:00,70.0,1,0.0,1.13,0,none,0,none
U010,2024-09-01 02:50:00,70.4,1,0.0,0.88,0,none,0,none
U010,2024-09-01 03:05:00,71.4,1,0.0,1.14,0,none,0,none
U010,2024-09-01 03:25:00,72.6,1,0.0,0.99,0,none,0,none
U010,2024-09-01 03:30:00,72.4,1,0.0,0.99,0,none,0,none
U010,2024-09-01 03:35:00,72.2,1,0.0,1.12,0,none,0,none
U010,2024-09-01 03:40:00,71.6,1,0.0,0.92,0,none,0,none
U010,2024-09-01 03:45:00,72.3,1,0.0,1.17,0,none,0,none
U010,2024-09-01 03:55:00,73.3,1,0.0,1.0,0,none,0,none
U010,2024-09-01 04:00:00,73.1,1,0.0,1.0,0,none,0,none
U010,2024-09-01 04:05:00,73.3,1,0.0,1.19,0,none,0,none
U010,2024-09-01 04:10:00,72.8,1,0.0,0.88,0,none,0,none
U010,2024-09-01 04:15:00,72.7,1,0.0,1.03,0,none,0,none
U010,2024-09-01 04:20:00,73.7,1,0.0,1.06,0,none,0,none
U010,2024-09-01 04:25:00,73.2,1,0.0,0.89,0,none,0,none
U010,2024-09-01 04:30:00,72.8,1,0.0,1.1,0,none,0,none
U010,2024-09-01 04:35:00,71.6,1,0.0,0.82,0,none,0,none
U010,2024-09-01 04:40:00,72.3,1,0.0,0.9,0,none,0,none
U010,2024-09-01 04:45:00,72.5,1,0.0,0.94,0,none,0,none
U010,2024-09-01 04:50:00,73.5,1,0.0,1.17,0,none,0,none
U010,2024-09-01 04:55:00,74.5,1,0.0,0.9,0,none,0,none
U010,2024-09-01 05:00:00,74.6,1,0.0,1.07,0,none,0,none
U010,2024-09-01 05:05:00,74.5,1,0.0,1.19,0,none,0,none
U010,2024-09-01 05:15:00,73.7,1,0.0,1.16,0,none,0,none
U010,2024-09-01 05:20:00,73.2,1,0.0,0.81,0,none,0,none
U010,2024-09-01 05:35:00,71.8,1,0.0,1.04,0,none,0,none
U010,2024-09-01 05:40:00,71.8,1,0.0,0.9,0,none,0,none
U010,2024-09-01 05:55:00,71.0,1,0.0,1.11,0,none,0,none
U010,2024-09-01 06:00:00,70.0,1,0.0,0.84,0,none,0,none
U010,2024-09-01 06:05:00,70.0,1,0.0,1.18,0,none,0,none
U010,2024-09-01 06:10:00,70.0,1,0.0,1.06,0,none,0,none
U010,2024-09-01 06:15:00,70.0,1,0.0,0.96,0,none,0,none
U010,2024-09-01 06:20:00,70.1,1,0.0,0.98,0,none,0,none
U010,2024-09-01 06:25:00,70.7,1,0.0,0.83,0,none,0,none
U010,2024-09-01 06:45:00,72.0,1,0.0,0.82,0,none,0,none
U010,2024-09-01 07:00:00,70.3,1,0.0,1.15,0,none,0,none
U010,2024-09-01 07:20:00,70.7,1,0.0,0.94,0,none,2799,low
U010,2024-09-01 07:35:00,71.2,1,0.0,0.82,0,none,0,none
U010,2024-09-01 07:40:00,71.0,1,0.0,1.12,0,none,0,none
U010,2024-09-01 07:45:00,70.9,1,0.0,0.86,0,none,0,none
U010,2024-09-01 07:55:00,70.1,1,0.0,0.82,0,none,2376,medium
U010,2024-09-01 08:05:00,71.1,1,0.0,1.06,0,none,0,none
U010,2024-09-01 08:10:00,70.0,1,0.0,1.15,0,none,2995,high
U010,2024-09-01 08:20:00,70.0,1,0.0,1.08,0,none,0,none
U010,2024-09-01 08:35:00,70.9,1,0.0,0.84,0,none,0,none
U010,2024-09-01 08:40:00,70.5,1,0.0,0.89,0,none,0,none
U010,2024-09-01 08:45:00,70.4,1,0.0,0.87,0,none,0,none
U010,2024-09-01 08:50:00,70.8,1,0.0,0.82,0,none,0,none
U010,2024-09-01 09:15:00,72.0,1,0.0,1.17,0,none,0,none
U010,2024-09-01 09:25:00,71.7,1,0.0,0.97,0,none,0,none
U010,2024-09-01 09:30:00,70.6,1,0.0,1.12,0,none,0,none
U010,2024-09-01 09:35:00,70.7,1,0.0,0.96,0,none,0,none
U010,2024-09-01 09:45:00,71.4,1,0.0,1.17,0,none,0,none
U010,2024-09-01 10:15:00,71.2,1,0.0,0.85,0,none,0,none
U010,2024-09-01 10:20:00,72.0,1,0.0,1.04,0,none,0,none
U010,2024-09-01 10:45:00,71.3,1,0.0,1.15,0,none,0,none
U010,2024-09-01 10:50:00,71.7,1,0.0,0.86,0,none,0,none
U010,2024-09-01 11:05:00,70.1,1,0.0,0.9,0,none,0,none
U010,2024-09-01 11:15:00,70.0,1,0.0,1.0,0,none,0,none
U010,2024-09-01 11:25:00,70.5,1,0.0,1.16,0,none,0,none
U010,2024-09-01 11:35:00,70.0,1,0.0,0.85,0,none,0,none
U010,2024-09-01 11:40:00,70.6,1,0.0,1.14,0,none,0,none
U010,2024-09-01 11:50:00,70.5,1,0.0,0.83,90,dinner,0,none
U010,2024-09-01 12:05:00,73.4,1,0.0,1.0,0,none,0,none
U010,2024-09-01 12:10:00,73.3,1,0.0,0.84,0,none,0,none
U010,2024-09-01 12:15:00,72.5,1,0.0,0.8,0,none,0,none
U010,2024-09-01 12:20:00,73.4,1,0.0,0.92,0,none,0,none
U010,2024-09-01 12:30:00,73.7,1,0.0,0.84,0,none,0,none
U010,2024-09-01 12:35:00,73.6,1,0.0,0.9,0,none,0,none
U010,2024-09-01 12:40:00,74.0,1,0.0,1.12,0,none,0,none
U010,2024-09-01 12:45:00,74.8,1,0.0,1.02,0,none,0,none
U010,2024-09-01 12:50:00,75.2,1,0.0,1.11,0,none,0,none
U010,2024-09-01 13:00:00,74.8,1,0.0,1.15,0,none,0,none
U010,2024-09-01 13:05:00,74.8,1,0.0,0.88,0,none,0,none
U010,2024-09-01 13:15:00,74.4,1,0.0,0.95,0,none,0,none
U010,2024-09-01 13:20:00,75.0,1,0.0,0.82,0,none,0,none
U010,2024-09-01 13:25:00,74.9,1,0.0,0.86,0,none,0,none
U010,2024-09-01 13:30:00,75.3,1,0.0,0.82,0,none,0,none
U010,2024-09-01 13:50:00,75.2,0,0.0,0.83,0,none,0,none
U010,2024-09-01 13:55:00,75.9,1,0.0,1.16,0,none,0,none
U010,2024-09-01 14:05:00,76.3,1,0.0,0.98,0,none,0,none
U010,2024-09-01 14:10:00,76.9,1,0.0,1.01,0,none,0,none
U010,2024-09-01 14:20:00,76.4,1,0.0,1.17,0,none,0,none
U010,2024-09-01 14:25:00,76.5,1,0.0,1.01,0,none,0,none
U010,2024-09-01 14:35:00,77.0,1,0.0,0.98,0,none,0,none
U010,2024-09-01 14:50:00,76.7,1,0.0,1.2,0,none,0,none
U010,2024-09-01 14:55:00,76.1,1,0.0,0.95,0,none,0,none
U010,2024-09-01 15:05:00,75.5,1,0.0,1.11,0,none,0,none
U010,2024-09-01 15:10:00,74.8,1,0.0,0.85,0,none,0,none
U010,2024-09-01 15:20:00,73.6,1,0.0,1.12,0,none,0,none
U010,2024-09-01 15:25:00,74.0,1,0.0,0.96,0,none,0,none
U010,2024-09-01 15:30:00,74.6,1,0.0,1.15,0,none,0,none
U010,2024-09-01 15:35:00,74.5,1,0.0,1.17,0,none,0,none
U010,2024-09-01 15:40:00,75.0,1,0.0,0.9,0,none,0,none
U010,2024-09-01 15:45:00,74.3,1,0.0,0.86,0,none,0,none
U010,2024-09-01 15:50:00,74.1,1,0.0,1.17,0,none,0,none
U010,2024-09-01 16:00:00,74.7,1,0.0,0.89,0,none,0,none
U010,2024-09-01 16:05:00,75.5,1,0.0,1.14,0,none,0,none
U010,2024-09-01 16:15:00,75.7,1,0.0,0.9,0,none,0,none
U010,2024-09-01 16:20:00,75.7,1,0.0,1.17,0,none,0,none
U010,2024-09-01 16:35:00,76.4,1,0.0,0.9,0,none,0,none
U010,2024-09-01 16:40:00,76.6,1,8.0,1.15,75,dinner,0,none
U010,2024-09-01 16:45:00,77.4,1,0.0,1.0,0,none,0,none
U010,2024-09-01 16:55:00,77.2,1,0.0,1.01,0,none,0,none
U010,2024-09-01 17:05:00,76.2,1,0.0,0.91,0,none,0,none
U010,2024-09-01 17:10:00,76.0,1,0.0,1.17,0,none,0,none
U010,2024-09-01 17:25:00,73.9,1,0.0,0.87,0,none,0,none
U010,2024-09-01 17:30:00,72.9,0,0.0,1.18,0,none,0,none
U010,2024-09-01 17:40:00,72.4,1,0.0,0.91,0,none,0,none
U010,2024-09-01 18:00:00,73.6,1,0.0,0.85,0,none,0,none
U010,2024-09-01 18:10:00,74.1,1,0.0,1.16,0,none,0,none
U010,2024-09-01 18:15:00,74.4,1,0.0,0.85,0,none,0,none
U010,2024-09-01 18:20:00,74.2,1,0.0,0.81,0,none,0,none
U010,2024-09-01 18:25:00,74.9,1,0.0,0.95,0,none,0,none
U010,2024-09-01 18:35:00,74.8,1,0.0,1.08,0,none,0,none
U010,2024-09-01 18:45:00,75.8,1,0.0,1.11,0,none,0,none
U010,2024-09-01 19:00:00,74.1,1,0.0,0.93,0,none,0,none
U010,2024-09-01 19:20:00,74.6,1,0.0,0.93,0,none,0,none
U010,2024-09-01 19:45:00,74.8,0,0.0,0.82,0,none,0,none
U010,2024-09-01 19:50:00,74.3,1,0.0,1.13,0,none,0,none
U010,2024-09-01 20:10:00,73.1,1,0.0,1.07,0,none,0,none
U010,2024-09-01 20:20:00,72.8,1,0.0,0.94,0,none,0,none
U010,2024-09-01 20:35:00,71.9,1,0.0,1.12,0,none,0,none
U010,2024-09-01 20:45:00,72.7,1,0.0,1.12,0,none,0,none
U010,2024-09-01 20:50:00,73.2,1,0.0,0.99,0,none,0,none
U010,2024-09-01 20:55:00,72.6,1,0.0,1.07,0,none,0,none
U010,2024-09-01 21:15:00,73.0,1,0.0,0.94,0,none,0,none
U010,2024-09-01 21:25:00,73.8,1,0.0,1.07,0,none,0,none
U010,2024-09-01 21:30:00,73.6,1,0.0,0.83,0,none,0,none
U010,2024-09-01 21:35:00,73.9,1,0.0,1.15,0,none,0,none
U010,2024-09-01 21:40:00,73.5,1,0.0,0.83,0,none,0,none
U010,2024-09-01 21:45:00,73.9,1,0.0,0.99,0,none,0,none
U010,2024-09-01 21:55:00,73.4,1,0.0,0.99,0,none,0,none
U010,2024-09-01 22:00:00,72.3,1,0.0,0.89,0,none,0,none
U010,2024-09-01 22:05:00,73.9,1,0.0,0.97,0,none,0,none
U010,2024-09-01 22:10:00,73.3,1,0.0,0.98,0,none,0,none
U010,2024-09-01 22:15:00,72.7,1,0.0,0.86,0,none,0,none
U010,2024-09-01 22:25:00,72.5,1,0.0,0.82,0,none,0,none
U010,2024-09-01 22:30:00,72.8,1,0.0,0.89,0,none,0,none
U010,2024-09-01 22:40:00,73.1,1,0.0,0.84,0,none,0,none
U010,2024-09-01 22:45:00,73.8,1,0.0,0.93,0,none,0,none
U010,2024-09-01 22:50:00,74.1,1,0.0,1.02,0,none,0,none
U010,2024-09-01 23:00:00,74.5,1,0.0,1.18,0,none,0,none
U010,2024-09-01 23:05:00,75.3,1,0.0,0.85,0,none,0,none
U010,2024-09-01 23:15:00,74.8,1,0.0,1.0,0,none,0,none
U010,2024-09-01 23:20:00,74.8,1,0.0,0.92,0,none,0,none
U010,2024-09-01 23:30:00,74.7,1,0.0,1.14,0,none,0,none
U010,2024-09-01 23:35:00,74.6,1,0.0,1.04,0,none,0,none
U010,2024-09-01 23:55:00,75.0,1,0.0,1.07,0,none,0,none
U010,2024-09-02 00:00:00,75.2,1,0.0,1.06,0,none,0,none
U010,2024-09-02 00:10:00,77.0,1,0.0,1.11,0,none,0,none
U010,2024-09-02 00:20:00,77.3,1,0.0,1.08,0,none,0,none
U010,2024-09-02 00:25:00,78.4,1,0.0,1.19,0,none,0,none
U010,2024-09-02 00:35:00,79.1,1,0.0,1.15,0,none,0,none
U010,2024-09-02 00:45:00,79.7,1,0.0,1.06,0,none,0,none
U010,2024-09-02 00:50:00,79.9,1,0.0,0.85,0,none,0,none
U010,2024-09-02 00:55:00,81.3,1,0.0,1.05,0,none,0,none
U010,2024-09-02 01:05:00,82.1,1,0.0,0.85,0,none,0,none
U010,2024-09-02 01:15:00,82.0,1,0.0,0.81,0,none,0,none
U010,2024-09-02 01:20:00,81.8,1,0.0,0.9,0,none,0,none
U010,2024-09-02 01:25:00,82.1,1,0.0,0.94,0,none,0,none
U010,2024-09-02 01:30:00,82.2,1,0.0,0.87,0,none,0,none
U010,2024-09-02 01:45:00,83.0,1,0.0,0.83,0,none,0,none
U010,2024-09-02 01:55:00,83.0,1,0.0,1.12,0,none,0,none
U010,2024-09-02 02:00:00,83.2,1,0.0,0.83,0,none,0,none
U010,2024-09-02 02:05:00,83.0,1,0.0,0.9,0,none,0,none
U010,2024-09-02 02:10:00,83.8,1,0.0,0.88,0,none,0,none
U010,2024-09-02 02:15:00,84.4,1,0.0,0.88,0,none,0,none
U010,2024-09-02 02:25:00,84.0,1,0.0,0.99,0,none,0,none
U010,2024-09-02 02:35:00,84.3,1,0.0,1.2,0,none,0,none
U010,2024-09-02 02:40:00,83.6,1,0.0,0.81,0,none,0,none
U010,2024-09-02 02:45:00,83.4,1,0.0,1.06,0,none,0,none
U010,2024-09-02 02:50:00,83.7,1,0.0,0.84,0,none,0,none
U010,2024-09-02 02:55:00,83.4,1,0.0,0.98,0,none,0,none
U010,2024-09-02 03:30:00,82.0,1,0.0,1.13,0,none,0,none
U010,2024-09-02 03:35:00,81.6,1,0.0,1.04,0,none,0,none
U010,2024-09-02 03:40:00,82.0,1,0.0,1.02,0,none,0,none
U010,2024-09-02 03:50:00,80.7,1,0.0,1.03,0,none,0,none
U010,2024-09-02 04:05:00,81.2,1,0.0,1.05,0,none,0,none
U010,2024-09-02 04:10:00,81.8,1,0.0,1.1,0,none,0,none
U010,2024-09-02 04:20:00,81.0,1,0.0,1.16,0,none,0,none
U010,2024-09-02 04:25:00,80.4,1,0.0,0.95,0,none,0,none
U010,2024-09-02 04:35:00,79.3,1,0.0,1.0,0,none,0,none
U010,2024-09-02 04:40:00,78.4,1,0.0,0.99,0,none,0,none
U010,2024-09-02 04:45:00,78.8,1,0.0,1.04,0,none,0,none
U010,2024-09-02 05:05:00,77.8,1,0.0,1.01,0,none,0,none
U010,2024-09-02 05:10:00,77.8,1,0.0,1.01,0,none,0,none
U010,2024-09-02 05:30:00,78.0,1,0.0,0.91,0,none,0,none
U010,2024-09-02 05:35:00,78.3,1,0.0,0.83,0,none,0,none
U010,2024-09-02 05:40:00,78.2,1,0.0,0.88,0,none,0,none
U010,2024-09-02 05:45:00,78.8,1,9.3,1.03,90,breakfast,0,none
U010,2024-09-02 05:50:00,79.0,1,0.0,0.93,0,none,0,none
U010,2024-09-02 05:55:00,79.2,1,0.0,0.88,0,none,0,none
U010,2024-09-02 06:00:00,79.7,1,0.0,1.16,0,none,0,none
U010,2024-09-02 06:10:00,79.3,1,0.0,0.98,0,none,0,none
U010,2024-09-02 06:20:00,79.1,1,0.0,1.13,0,none,0,none
U010,2024-09-02 06:30:00,79.0,1,0.0,0.9,0,none,0,none
U010,2024-09-02 07:00:00,78.5,1,0.0,0.91,0,none,0,none
U010,2024-09-02 07:10:00,78.6,0,0.0,1.13,0,none,0,none
U010,2024-09-02 07:15:00,78.1,1,0.0,1.02,0,none,0,none
U010,2024-09-02 07:35:00,80.6,1,0.0,0.88,0,none,0,none
U010,2024-09-02 07:45:00,80.5,1,0.0,1.02,0,none,0,none
U010,2024-09-02 07:55:00,80.9,1,0.0,1.02,0,none,0,none
U010,2024-09-02 08:05:00,79.8,1,0.0,1.05,0,none,0,none
U010,2024-09-02 08:40:00,78.7,1,0.0,1.15,0,none,0,none
U010,2024-09-02 08:45:00,79.1,1,0.0,1.03,0,none,0,none
U010,2024-09-02 08:50:00,79.2,1,0.0,1.18,0,none,0,none
U010,2024-09-02 09:00:00,79.4,1,0.0,0.85,0,none,0,none
U010,2024-09-02 09:05:00,78.8,1,6.1,1.18,60,snack,0,none
U010,2024-09-02 09:10:00,79.2,1,0.0,0.89,0,none,0,none
U010,2024-09-02 09:20:00,79.2,1,0.0,0.94,0,none,0,none
U010,2024-09-02 09:40:00,81.3,1,0.0,0.82,0,none,0,none
U010,2024-09-02 09:45:00,81.1,1,0.0,0.84,0,none,0,none
U010,2024-09-02 09:50:00,80.5,1,0.0,1.03,0,none,0,none
U010,2024-09-02 09:55:00,79.5,1,0.0,1.08,0,none,0,none
U010,2024-09-02 10:00:00,78.6,1,0.0,1.0,0,none,0,none
U010,2024-09-02 10:05:00,78.7,1,0.0,1.04,0,none,0,none
U010,2024-09-02 10:10:00,78.9,1,0.0,1.02,0,none,0,none
U010,2024-09-02 10:15:00,78.9,1,0.0,1.05,0,none,0,none
U010,2024-09-02 10:20:00,78.3,1,0.0,1.16,0,none,0,none
U010,2024-09-02 10:30:00,79.1,0,0.0,1.08,0,none,0,none
U010,2024-09-02 10:35:00,79.8,1,0.0,1.18,0,none,0,none
U010,2024-09-02 10:40:00,80.4,1,0.0,0.94,0,none,0,none
U010,2024-09-02 11:00:00,81.0,1,0.0,0.92,0,none,0,none
U010,2024-09-02 11:05:00,80.9,1,0.0,0.87,0,none,0,none
U010,2024-09-02 11:15:00,81.3,1,0.0,0.85,0,none,0,none
U010,2024-09-02 11:20:00,81.3,1,0.0,1.0,0,none,0,none
U010,2024-09-02 11:25:00,82.3,1,0.0,1.17,0,none,0,none
U010,2024-09-02 11:30:00,82.9,1,0.0,1.16,0,none,0,none
U010,2024-09-02 11:40:00,82.6,1,0.0,1.13,0,none,0,none
U010,2024-09-02 11:55:00,83.3,1,0.0,1.11,0,none,0,none
U010,2024-09-02 12:00:00,83.6,1,0.0,1.0,0,none,0,none
U010,2024-09-02 12:25:00,85.3,1,0.0,1.11,0,none,0,none
U010,2024-09-02 12:30:00,85.8,1,0.0,0.97,0,none,0,none
U010,2024-09-02 12:40:00,86.4,1,0.0,1.14,0,none,0,none
U010,2024-09-02 12:45:00,86.1,1,0.0,0.85,0,none,0,none
U010,2024-09-02 12:55:00,85.0,1,0.0,0.9,0,none,0,none
U010,2024-09-02 13:00:00,84.7,1,0.0,0.94,0,none,3809,medium
U010,2024-09-02 13:05:00,84.7,1,7.4,0.82,75,lunch,0,none
U010,2024-09-02 13:10:00,84.6,1,0.0,1.04,0,none,0,none
U010,2024-09-02 13:15:00,84.3,1,4.2,0.95,45,snack,0,none
U010,2024-09-02 13:25:00,83.8,1,0.0,0.94,0,none,0,none
U010,2024-09-02 13:35:00,84.1,1,0.0,1.04,0,none,0,none
U010,2024-09-02 13:40:00,83.4,1,0.0,0.9,0,none,0,none
U010,2024-09-02 13:45:00,83.5,1,0.0,1.09,0,none,0,none
U010,2024-09-02 13:50:00,84.5,1,0.0,1.12,0,none,0,none
U010,2024-09-02 13:55:00,84.4,1,0.0,0.84,0,none,0,none
U010,2024-09-02 14:05:00,83.9,1,0.0,1.05,0,none,0,none
U010,2024-09-02 14:10:00,84.0,1,0.0,0.96,0,none,0,none
U010,2024-09-02 14:25:00,84.6,1,0.0,0.85,0,none,0,none
U010,2024-09-02 14:45:00,86.7,1,0.0,0.87,0,none,0,none
U010,2024-09-02 14:50:00,86.4,1,0.0,1.12,0,none,0,none
U010,2024-09-02 15:10:00,88.3,1,0.0,1.12,0,none,0,none
U010,2024-09-02 15:30:00,89.1,1,0.0,0.94,0,none,0,none
U010,2024-09-02 15:35:00,89.9,1,0.0,0.97,0,none,0,none
U010,2024-09-02 15:40:00,90.0,1,0.0,1.15,0,none,0,none
U010,2024-09-02 15:55:00,90.4,1,0.0,1.01,0,none,0,none
U010,2024-09-02 16:05:00,90.5,1,0.0,0.89,0,none,0,none
U010,2024-09-02 16:15:00,90.2,1,0.0,1.05,0,none,0,none
U010,2024-09-02 16:20:00,89.9,1,0.0,0.92,0,none,0,none
U010,2024-09-02 16:40:00,91.3,1,0.0,1.02,0,none,0,none
U010,2024-09-02 16:55:00,91.3,1,0.0,0.87,0,none,2621,high
U010,2024-09-02 17:20:00,93.4,1,0.0,1.14,0,none,0,none
U010,2024-09-02 17:30:00,95.1,1,0.0,1.06,0,none,0,none
U010,2024-09-02 17:35:00,95.1,1,0.0,1.14,0,none,0,none
U010,2024-09-02 17:45:00,94.1,1,0.0,1.04,0,none,0,none
U010,2024-09-02 17:50:00,94.3,1,0.0,0.91,0,none,0,none
U010,2024-09-02 17:55:00,94.3,1,0.0,0.85,0,none,0,none
U010,2024-09-02 18:05:00,94.8,1,0.0,1.05,0,none,0,none
U010,2024-09-02 18:10:00,95.2,1,0.0,0.92,0,none,0,none
U010,2024-09-02 18:25:00,93.4,1,0.0,1.06,45,breakfast,0,none
U010,2024-09-02 18:30:00,94.1,1,0.0,1.03,0,none,0,none
U010,2024-09-02 18:35:00,93.8,1,0.0,0.94,0,none,0,none
U010,2024-09-02 18:40:00,93.0,1,0.0,0.87,0,none,0,none
U010,2024-09-02 18:45:00,90.9,1,0.0,1.14,0,none,611,medium
U010,2024-09-02 18:50:00,91.3,1,8.9,1.08,90,snack,0,none
U010,2024-09-02 18:55:00,91.4,0,0.0,0.96,0,none,0,none
U010,2024-09-02 19:00:00,91.6,1,0.0,1.08,0,none,0,none
U010,2024-09-02 19:10:00,89.9,1,0.0,0.85,0,none,4632,low
U010,2024-09-02 19:15:00,90.4,1,0.0,1.07,0,none,0,none
U010,2024-09-02 19:20:00,90.6,1,0.0,1.18,0,none,0,none
U010,2024-09-02 19:30:00,91.4,1,0.0,1.14,0,none,0,none
U010,2024-09-02 19:35:00,90.9,1,0.0,1.2,0,none,0,none
U010,2024-09-02 19:50:00,90.6,1,3.6,0.86,45,snack,0,none
U010,2024-09-02 19:55:00,91.4,1,0.0,0.91,0,none,0,none
U010,2024-09-02 20:00:00,91.9,1,0.0,0.95,0,none,0,none
U010,2024-09-02 20:10:00,92.7,1,0.0,0.86,0,none,0,none
U010,2024-09-02 20:15:00,92.1,1,0.0,0.95,0,none,0,none
U010,2024-09-02 20:20:00,93.0,1,0.0,0.88,0,none,0,none
U010,2024-09-02 20:25:00,93.5,1,0.0,1.11,0,none,0,none
U010,2024-09-02 20:30:00,93.1,1,2.8,0.99,30,snack,0,none
U010,2024-09-02 21:00:00,93.8,1,0.0,1.03,0,none,0,none
U010,2024-09-02 21:10:00,94.8,1,0.0,1.17,0,none,0,none
U010,2024-09-02 21:15:00,94.1,1,0.0,0.82,0,none,0,none
U010,2024-09-02 21:20:00,93.5,1,0.0,0.99,0,none,0,none
U010,2024-09-02 21:25:00,93.3,1,0.0,0.98,0,none,0,none
U010,2024-09-02 21:35:00,92.5,1,3.9,0.94,30,lunch,0,none
U010,2024-09-02 21:45:00,93.2,1,0.0,0.88,0,none,0,none
U010,2024-09-02 21:55:00,92.8,1,0.0,1.09,0,none,0,none
U010,2024-09-02 22:00:00,93.0,1,4.1,1.14,45,lunch,0,none
U010,2024-09-02 22:10:00,93.6,1,0.0,1.07,0,none,0,none
U010,2024-09-02 22:15:00,93.4,1,0.0,0.98,0,none,0,none
U010,2024-09-02 22:20:00,93.4,1,0.0,1.11,0,none,0,none
U010,2024-09-02 22:30:00,93.3,1,0.0,0.98,0,none,0,none
U010,2024-09-02 22:35:00,93.5,1,0.0,0.8,0,none,0,none
U010,2024-09-02 22:40:00,92.8,1,0.0,1.01,0,none,0,none
U010,2024-09-02 22:55:00,92.9,1,0.0,1.07,0,none,0,none
U010,2024-09-02 23:00:00,93.6,1,0.0,1.05,0,none,0,none
U010,2024-09-02 23:05:00,92.8,1,0.0,0.95,0,none,0,none
U010,2024-09-02 23:15:00,91.9,1,0.0,1.2,0,none,0,none
U010,2024-09-02 23:20:00,91.6,1,0.0,1.19,0,none,0,none
U010,2024-09-02 23:25:00,91.1,1,0.0,0.83,0,none,0,none
U010,2024-09-02 23:30:00,91.6,1,0.0,1.05,0,none,0,none
U010,2024-09-02 23:35:00,91.6,1,0.0,1.05,0,none,0,none
U010,2024-09-02 23:45:00,91.5,1,0.0,0.87,0,none,0,none
U010,2024-09-02 23:55:00,92.1,1,0.0,1.19,0,none,0,none
U010,2024-09-03 00:00:00,92.2,1,0.0,0.98,0,none,0,none
U010,2024-09-03 00:10:00,92.0,1,0.0,0.95,0,none,0,none
U010,2024-09-03 00:20:00,92.7,1,0.0,1.01,0,none,0,none
U010,2024-09-03 00:25:00,92.0,1,0.0,1.03,0,none,0,none
U010,2024-09-03 00:30:00,92.6,1,0.0,0.88,0,none,0,none
U010,2024-09-03 00:55:00,93.9,1,0.0,0.94,0,none,0,none
U010,2024-09-03 01:00:00,94.4,1,0.0,0.91,0,none,0,none
U010,2024-09-03 01:05:00,95.2,1,0.0,1.17,0,none,0,none
U010,2024-09-03 01:10:00,95.2,1,0.0,0.93,0,none,0,none
U010,2024-09-03 01:15:00,95.0,1,0.0,1.06,0,none,0,none
U010,2024-09-03 01:20:00,95.4,1,0.0,0.99,0,none,0,none
U010,2024-09-03 01:40:00,95.7,1,4.6,1.09,45,lunch,0,none
U010,2024-09-03 01:45:00,96.6,1,6.9,0.86,60,breakfast,0,none
U010,2024-09-03 01:50:00,97.7,1,0.0,1.04,0,none,0,none
U010,2024-09-03 01:55:00,97.4,1,0.0,0.95,0,none,0,none
U010,2024-09-03 02:05:00,96.9,1,0.0,1.11,0,none,0,none
U010,2024-09-03 02:10:00,96.5,1,0.0,0.85,0,none,0,none
U010,2024-09-03 02:15:00,96.3,1,0.0,1.07,0,none,0,none
U010,2024-09-03 02:20:00,96.1,1,0.0,0.94,0,none,0,none
U010,2024-09-03 02:30:00,96.0,1,0.0,1.02,0,none,0,none
U010,2024-09-03 02:35:00,96.2,1,0.0,1.07,0,none,0,none
U010,2024-09-03 02:40:00,97.1,1,0.0,1.12,0,none,0,none
U010,2024-09-03 03:05:00,95.5,1,0.0,1.03,0,none,0,none
U010,2024-09-03 03:15:00,95.5,1,0.0,0.9,0,none,0,none
U010,2024-09-03 03:20:00,94.5,1,0.0,1.18,0,none,0,none
U010,2024-09-03 03:25:00,94.1,1,0.0,0.93,0,none,0,none
U010,2024-09-03 03:30:00,94.4,1,0.0,0.81,0,none,0,none
U010,2024-09-03 03:45:00,93.4,1,0.0,0.94,0,none,0,none
U010,2024-09-03 03:50:00,93.3,1,0.0,0.83,0,none,0,none
U010,2024-09-03 04:00:00,93.3,1,0.0,1.16,0,none,0,none
U010,2024-09-03 04:25:00,94.1,1,0.0,1.02,0,none,0,none
U010,2024-09-03 04:40:00,93.8,1,0.0,1.12,0,none,0,none
U010,2024-09-03 04:45:00,93.4,1,0.0,0.91,0,none,0,none
U010,2024-09-03 05:10:00,91.9,1,0.0,1.12,0,none,0,none
U010,2024-09-03 05:25:00,91.5,1,0.0,1.17,0,none,0,none
U010,2024-09-03 05:30:00,90.9,1,0.0,1.02,0,none,0,none
U010,2024-09-03 05:35:00,90.7,1,0.0,1.05,0,none,0,none
U010,2024-09-03 05:40:00,90.4,1,0.0,0.83,0,none,0,none
U010,2024-09-03 06:05:00,90.7,1,0.0,1.06,0,none,0,none
U010,2024-09-03 06:10:00,90.3,1,5.3,1.05,45,lunch,0,none
U010,2024-09-03 06:15:00,90.5,1,0.0,0.85,0,none,0,none
U010,2024-09-03 06:20:00,90.8,1,0.0,0.82,0,none,0,none
U010,2024-09-03 06:25:00,90.5,1,0.0,0.88,0,none,0,none
U010,2024-09-03 06:30:00,90.8,1,0.0,0.83,0,none,0,none
U010,2024-09-03 06:35:00,91.1,1,0.0,1.09,0,none,0,none
U010,2024-09-03 06:55:00,92.7,1,0.0,0.86,0,none,0,none
U010,2024-09-03 07:00:00,92.0,1,0.0,0.98,0,none,0,none
U010,2024-09-03 07:05:00,91.9,1,0.0,1.15,0,none,0,none
U010,2024-09-03 07:10:00,92.8,1,0.0,0.82,0,none,0,none
U010,2024-09-03 07:15:00,93.0,1,0.0,0.84,0,none,0,none
U010,2024-09-03 07:30:00,93.1,1,0.0,0.81,0,none,0,none
U010,2024-09-03 07:40:00,93.5,1,0.0,0.98,0,none,0,none
U010,2024-09-03 07:45:00,92.1,1,0.0,1.11,0,none,0,none
U010,2024-09-03 07:50:00,91.3,1,0.0,1.2,0,none,0,none
U010,2024-09-03 07:55:00,91.4,1,3.6,0.85,45,dinner,0,none
U010,2024-09-03 08:00:00,91.1,1,0.0,1.17,0,none,0,none
U010,2024-09-03 08:05:00,90.4,1,0.0,0.84,0,none,0,none
U010,2024-09-03 08:25:00,90.5,1,0.0,0.95,0,none,0,none
U010,2024-09-03 08:30:00,90.8,1,0.0,0.98,0,none,0,none
U010,2024-09-03 08:35:00,91.0,1,0.0,1.17,0,none,0,none
U010,2024-09-03 08:40:00,90.9,1,0.0,0.83,0,none,0,none
U010,2024-09-03 08:50:00,90.5,1,0.0,1.11,0,none,0,none
U010,2024-09-03 08:55:00,90.0,1,0.0,1.11,0,none,0,none
U010,2024-09-03 09:00:00,89.7,1,0.0,0.89,0,none,0,none
U010,2024-09-03 09:05:00,88.5,1,0.0,0.97,0,none,2551,high
U010,2024-09-03 09:30:00,87.5,1,0.0,0.96,0,none,0,none
U010,2024-09-03 09:35:00,88.3,1,9.5,0.85,90,breakfast,0,none
U010,2024-09-03 09:40:00,86.7,1,0.0,0.98,0,none,4366,low
U010,2024-09-03 09:45:00,86.3,1,0.0,0.95,0,none,0,none
U010,2024-09-03 09:50:00,85.7,1,0.0,0.94,0,none,0,none
U010,2024-09-03 09:55:00,85.1,1,0.0,0.81,0,none,0,none
U010,2024-09-03 10:00:00,85.5,1,0.0,0.99,0,none,0,none
U010,2024-09-03 10:05:00,85.5,1,0.0,1.07,0,none,0,none
U010,2024-09-03 10:15:00,85.6,1,0.0,1.17,0,none,0,none
U010,2024-09-03 10:25:00,85.5,1,0.0,0.81,0,none,0,none
U010,2024-09-03 10:30:00,85.7,1,0.0,1.02,0,none,0,none
U010,2024-09-03 10:35:00,86.0,0,0.0,0.99,0,none,0,none
U010,2024-09-03 10:40:00,85.5,1,0.0,1.03,0,none,0,none
U010,2024-09-03 10:45:00,85.6,1,0.0,0.9,0,none,0,none
U010,2024-09-03 10:55:00,86.3,1,0.0,0.99,0,none,0,none
U010,2024-09-03 11:00:00,86.0,1,0.0,0.83,0,none,0,none
U010,2024-09-03 11:05:00,85.4,1,0.0,1.16,0,none,0,none
U010,2024-09-03 11:10:00,85.3,1,0.0,1.16,0,none,0,none
U010,2024-09-03 11:15:00,85.0,1,0.0,1.04,0,none,0,none
U010,2024-09-03 11:20:00,85.5,1,0.0,0.85,0,none,0,none
U010,2024-09-03 11:35:00,86.5,1,0.0,0.96,0,none,0,none
U010,2024-09-03 11:50:00,85.6,1,0.0,0.98,0,none,0,none
U010,2024-09-03 11:55:00,85.7,1,0.0,0.95,0,none,0,none
U010,2024-09-03 12:00:00,86.1,1,0.0,0.92,0,none,0,none
U010,2024-09-03 12:05:00,86.4,1,0.0,1.01,0,none,0,none
U010,2024-09-03 12:15:00,84.1,1,0.0,0.84,0,none,0,none
U010,2024-09-03 12:20:00,84.0,1,0.0,1.02,0,none,0,none
U010,2024-09-03 12:40:00,82.7,1,0.0,0.81,0,none,0,none
U010,2024-09-03 12:55:00,84.0,1,9.5,0.81,90,lunch,0,none
U010,2024-09-03 13:00:00,84.6,1,0.0,0.99,0,none,0,none
U010,2024-09-03 13:35:00,83.3,1,0.0,0.81,0,none,0,none
U010,2024-09-03 13:45:00,84.2,1,0.0,1.06,0,none,0,none
U010,2024-09-03 14:05:00,85.0,1,0.0,0.93,0,none,0,none
U010,2024-09-03 14:10:00,84.9,1,0.0,1.03,0,none,0,none
U010,2024-09-03 14:20:00,85.5,1,0.0,0.95,0,none,0,none
U010,2024-09-03 14:25:00,86.2,1,0.0,1.17,0,none,0,none
U010,2024-09-03 14:35:00,85.7,1,0.0,0.94,0,none,0,none
U010,2024-09-03 14:45:00,85.1,1,0.0,1.11,0,none,0,none
U010,2024-09-03 14:50:00,84.9,1,0.0,1.05,0,none,0,none
U010,2024-09-03 14:55:00,85.2,1,0.0,1.11,0,none,0,none
U010,2024-09-03 15:10:00,84.9,1,0.0,1.13,0,none,0,none
U010,2024-09-03 15:15:00,84.8,1,0.0,1.18,0,none,0,none
U010,2024-09-03 15:20:00,84.3,1,0.0,1.14,0,none,0,none
U010,2024-09-03 15:25:00,84.1,1,0.0,1.18,0,none,0,none
U010,2024-09-03 15:30:00,84.1,1,0.0,1.11,0,none,0,none
U010,2024-09-03 15:40:00,84.0,1,0.0,0.81,0,none,0,none
U010,2024-09-03 15:50:00,84.7,1,0.0,1.12,0,none,0,none
U010,2024-09-03 16:00:00,85.1,1,0.0,1.19,0,none,0,none
U010,2024-09-03 16:05:00,85.1,1,4.7,1.11,45,snack,0,none
U010,2024-09-03 16:10:00,84.6,1,0.0,0.84,0,none,0,none
U010,2024-09-03 16:15:00,84.2,1,0.0,1.16,0,none,0,none
U010,2024-09-03 16:35:00,83.9,1,0.0,0.89,0,none,0,none
U010,2024-09-03 16:40:00,83.6,1,0.0,0.94,0,none,0,none
U010,2024-09-03 16:50:00,84.5,1,0.0,1.03,0,none,0,none
U010,2024-09-03 16:55:00,84.6,1,0.0,1.16,0,none,0,none
U010,2024-09-03 17:00:00,84.0,1,0.0,1.11,0,none,0,none
U010,2024-09-03 17:25:00,86.3,1,0.0,0.84,0,none,0,none
U010,2024-09-03 17:30:00,86.7,1,0.0,1.07,0,none,0,none
U010,2024-09-03 17:45:00,86.5,1,0.0,0.89,0,none,0,none
U010,2024-09-03 17:50:00,86.9,1,0.0,1.04,0,none,0,none
U010,2024-09-03 18:00:00,87.0,1,0.0,0.98,0,none,0,none
U010,2024-09-03 18:15:00,85.6,1,0.0,0.85,0,none,0,none
U010,2024-09-03 18:35:00,86.5,1,0.0,0.84,0,none,0,none
U010,2024-09-03 18:40:00,86.7,1,0.0,1.12,0,none,0,none
U010,2024-09-03 18:45:00,87.2,1,0.0,1.15,0,none,0,none
U010,2024-09-03 19:00:00,87.3,1,0.0,1.2,0,none,0,none
U010,2024-09-03 19:05:00,87.7,1,0.0,1.05,0,none,0,none
U010,2024-09-03 19:30:00,82.8,1,0.0,0.91,0,none,2184,high
U010,2024-09-03 19:45:00,82.9,1,0.0,1.09,0,none,0,none
U010,2024-09-03 19:50:00,82.6,1,3.7,1.07,45,breakfast,0,none
U010,2024-09-03 19:55:00,82.5,1,0.0,0.96,0,none,0,none
U010,2024-09-03 20:00:00,82.9,1,0.0,1.15,0,none,0,none
U010,2024-09-03 20:10:00,83.8,1,0.0,1.08,0,none,0,none
U010,2024-09-03 20:20:00,82.1,1,0.0,0.9,0,none,4819,high
U010,2024-09-03 20:30:00,81.5,1,0.0,0.89,0,none,0,none
U010,2024-09-03 20:35:00,81.0,1,0.0,1.05,0,none,0,none
U010,2024-09-03 20:40:00,81.2,1,0.0,0.82,0,none,0,none
U010,2024-09-03 20:45:00,81.3,1,0.0,1.02,0,none,0,none
U010,2024-09-03 20:50:00,80.8,1,0.0,1.07,0,none,0,none
U010,2024-09-03 21:00:00,81.3,1,6.6,0.9,60,dinner,0,none
U010,2024-09-03 21:05:00,80.5,1,0.0,0.8,0,none,0,none
U010,2024-09-03 21:10:00,80.5,1,0.0,1.18,0,none,0,none
U010,2024-09-03 21:15:00,80.5,1,0.0,0.98,0,none,0,none
U010,2024-09-03 21:25:00,81.1,1,0.0,1.12,0,none,0,none
U010,2024-09-03 21:30:00,82.1,1,0.0,1.15,0,none,0,none
U010,2024-09-03 21:35:00,82.2,1,0.0,0.93,0,none,0,none
U010,2024-09-03 21:45:00,82.7,1,0.0,1.07,0,none,0,none
U010,2024-09-03 21:55:00,82.4,1,0.0,1.0,0,none,0,none
U010,2024-09-03 22:05:00,83.6,1,3.8,0.9,30,dinner,0,none
U010,2024-09-03 22:10:00,82.9,1,0.0,1.08,0,none,0,none
U010,2024-09-03 22:15:00,83.0,1,0.0,0.9,0,none,0,none
U010,2024-09-03 22:20:00,83.4,1,0.0,1.0,0,none,0,none
U010,2024-09-03 22:25:00,82.4,1,0.0,0.82,0,none,0,none
U010,2024-09-03 22:30:00,81.9,1,0.0,1.04,0,none,0,none
U010,2024-09-03 22:45:00,80.6,1,0.0,1.17,0,none,0,none
U010,2024-09-03 22:50:00,81.4,1,0.0,1.16,0,none,0,none
U010,2024-09-03 22:55:00,81.5,1,0.0,1.19,0,none,0,none
U010,2024-09-03 23:05:00,82.1,1,0.0,0.89,0,none,0,none
U010,2024-09-03 23:20:00,82.1,1,0.0,1.1,0,none,0,none
U010,2024-09-03 23:30:00,82.6,1,0.0,1.11,0,none,0,none
U010,2024-09-03 23:40:00,81.7,1,0.0,0.97,0,none,0,none
U010,2024-09-03 23:45:00,81.2,1,0.0,1.02,0,none,0,none
U010,2024-09-04 00:00:00,80.6,1,0.0,1.0,0,none,0,none
U010,2024-09-04 00:05:00,81.2,1,0.0,0.9,0,none,0,none
U010,2024-09-04 00:10:00,80.8,1,0.0,1.12,0,none,0,none
U010,2024-09-04 00:25:00,81.6,1,0.0,0.84,0,none,0,none
U010,2024-09-04 00:35:00,82.7,1,0.0,1.14,0,none,0,none
U010,2024-09-04 00:50:00,80.7,1,0.0,1.04,0,none,0,none
U010,2024-09-04 01:00:00,81.2,1,0.0,0.83,0,none,0,none
U010,2024-09-04 01:05:00,81.7,1,0.0,1.08,0,none,0,none
U010,2024-09-04 01:25:00,81.6,1,0.0,1.12,0,none,0,none
U010,2024-09-04 01:35:00,81.8,1,0.0,0.99,0,none,0,none
U010,2024-09-04 01:40:00,82.1,1,7.6,1.13,75,dinner,0,none
U010,2024-09-04 01:55:00,82.1,1,0.0,0.88,0,none,0,none
U010,2024-09-04 02:05:00,82.6,1,0.0,1.05,0,none,0,none
U010,2024-09-04 02:10:00,82.9,1,0.0,1.13,0,none,0,none
U010,2024-09-04 02:15:00,81.9,1,0.0,0.95,0,none,0,none
U010,2024-09-04 02:20:00,81.9,1,0.0,0.93,0,none,0,none
U010,2024-09-04 02:45:00,79.1,1,0.0,1.18,0,none,4304,low
U010,2024-09-04 02:55:00,78.7,1,0.0,1.2,0,none,0,none
U010,2024-09-04 03:00:00,79.3,1,0.0,1.19,0,none,0,none
U010,2024-09-04 03:10:00,78.9,1,0.0,0.87,0,none,0,none
U010,2024-09-04 03:15:00,77.7,1,0.0,1.04,0,none,3306,high
U010,2024-09-04 03:20:00,77.3,1,0.0,0.97,0,none,0,none
U010,2024-09-04 03:25:00,77.7,1,0.0,1.1,0,none,0,none
U010,2024-09-04 03:40:00,77.1,1,0.0,1.08,0,none,0,none
U010,2024-09-04 03:45:00,77.5,1,0.0,0.86,0,none,0,none
U010,2024-09-04 03:55:00,77.0,1,0.0,1.14,0,none,0,none
U010,2024-09-04 04:00:00,76.0,1,0.0,0.85,0,none,0,none
U010,2024-09-04 04:15:00,77.6,1,0.0,0.99,0,none,0,none
U010,2024-09-04 04:35:00,77.6,1,0.0,1.02,0,none,0,none
U010,2024-09-04 04:50:00,76.5,1,0.0,1.14,0,none,0,none
U010,2024-09-04 04:55:00,76.9,1,0.0,1.18,0,none,0,none
U010,2024-09-04 05:00:00,76.5,1,0.0,1.03,0,none,0,none
U010,2024-09-04 05:05:00,75.4,1,9.0,1.02,90,lunch,0,none
U010,2024-09-04 05:10:00,75.9,1,0.0,1.17,0,none,0,none
U010,2024-09-04 05:15:00,76.3,1,0.0,0.8,0,none,0,none
U010,2024-09-04 05:25:00,76.9,1,0.0,1.1,0,none,0,none
U010,2024-09-04 05:30:00,76.4,0,2.9,0.84,30,snack,0,none
U010,2024-09-04 05:35:00,76.6,1,0.0,0.88,0,none,0,none
U010,2024-09-04 05:45:00,76.6,1,0.0,0.95,0,none,0,none
U010,2024-09-04 05:50:00,74.1,1,0.0,0.99,0,none,2283,high
U010,2024-09-04 05:55:00,74.7,1,5.3,0.9,45,lunch,0,none
U010,2024-09-04 06:10:00,72.5,1,0.0,1.0,0,none,0,none
U010,2024-09-04 06:30:00,73.2,1,0.0,0.94,0,none,0,none
U010,2024-09-04 06:35:00,73.0,1,0.0,0.87,0,none,0,none
U010,2024-09-04 06:40:00,73.6,1,0.0,1.09,0,none,0,none
U010,2024-09-04 06:50:00,73.5,1,0.0,1.11,0,none,0,none
U010,2024-09-04 06:55:00,73.3,1,0.0,0.93,0,none,0,none
U010,2024-09-04 07:15:00,73.1,1,0.0,0.94,0,none,0,none
U010,2024-09-04 07:40:00,72.8,1,0.0,1.05,0,none,0,none
U010,2024-09-04 07:55:00,72.5,1,0.0,1.14,0,none,0,none
U010,2024-09-04 08:00:00,72.1,1,0.0,1.06,0,none,0,none
U010,2024-09-04 08:15:00,72.9,1,0.0,0.89,0,none,0,none
U010,2024-09-04 08:30:00,72.4,1,0.0,1.07,0,none,0,none
U010,2024-09-04 08:40:00,72.6,1,0.0,1.04,0,none,0,none
U010,2024-09-04 08:50:00,71.7,1,0.0,0.92,0,none,0,none
U010,2024-09-04 08:55:00,71.8,1,0.0,0.87,0,none,0,none
U010,2024-09-04 09:00:00,72.3,1,5.2,0.84,60,snack,0,none
U010,2024-09-04 09:05:00,70.5,1,0.0,1.09,0,none,1371,medium
U010,2024-09-04 09:10:00,71.2,1,0.0,1.13,0,none,0,none
U010,2024-09-04 09:15:00,72.0,1,0.0,0.89,0,none,0,none
U010,2024-09-04 09:20:00,72.9,1,0.0,1.13,0,none,0,none
U010,2024-09-04 09:30:00,74.2,1,0.0,1.19,0,none,0,none
U010,2024-09-04 09:40:00,75.3,1,0.0,0.82,0,none,0,none
U010,2024-09-04 09:45:00,74.7,1,0.0,0.82,0,none,0,none
U010,2024-09-04 09:50:00,75.2,1,0.0,0.99,0,none,0,none
U010,2024-09-04 09:55:00,74.9,1,0.0,1.05,0,none,0,none
U010,2024-09-04 10:00:00,74.6,0,0.0,0.88,0,none,0,none
U010,2024-09-04 10:05:00,74.7,1,0.0,0.85,0,none,0,none
U010,2024-09-04 10:30:00,75.5,1,0.0,0.94,0,none,0,none
U010,2024-09-04 10:35:00,74.7,1,0.0,1.1,0,none,0,none
U010,2024-09-04 10:40:00,74.5,1,0.0,1.19,0,none,0,none
U010,2024-09-04 10:45:00,73.4,1,3.7,0.82,30,dinner,4952,medium
U010,2024-09-04 10:50:00,73.3,1,0.0,0.96,0,none,0,none
U010,2024-09-04 11:05:00,75.6,1,0.0,0.96,0,none,0,none
U010,2024-09-04 11:15:00,75.6,1,0.0,0.95,0,none,0,none
U010,2024-09-04 11:25:00,74.8,1,0.0,1.07,0,none,3927,high
U010,2024-09-04 11:30:00,74.4,1,0.0,0.81,0,none,0,none
U010,2024-09-04 11:40:00,74.5,1,0.0,0.96,0,none,0,none
U010,2024-09-04 11:50:00,75.2,1,0.0,1.09,0,none,0,none
U010,2024-09-04 12:15:00,74.9,1,0.0,1.11,0,none,0,none
U010,2024-09-04 12:30:00,75.7,1,0.0,1.04,0,none,0,none
U010,2024-09-04 12:35:00,75.0,1,0.0,0.82,0,none,0,none
U010,2024-09-04 12:50:00,75.3,1,0.0,1.15,0,none,0,none
U010,2024-09-04 13:00:00,75.7,1,0.0,1.09,0,none,0,none
U010,2024-09-04 13:15:00,76.4,1,0.0,0.94,0,none,0,none
U010,2024-09-04 13:25:00,75.6,1,0.0,0.92,0,none,0,none
U010,2024-09-04 13:30:00,75.2,1,0.0,0.92,0,none,0,none
U010,2024-09-04 13:45:00,75.0,1,0.0,1.18,0,none,0,none
U010,2024-09-04 13:50:00,75.8,1,0.0,1.02,0,none,0,none
U010,2024-09-04 13:55:00,76.2,1,0.0,1.04,0,none,0,none
U010,2024-09-04 14:00:00,76.9,1,0.0,1.18,0,none,0,none
U010,2024-09-04 14:15:00,77.0,1,0.0,1.12,0,none,0,none
U010,2024-09-04 14:20:00,76.4,1,0.0,0.92,0,none,2677,high
U010,2024-09-04 14:25:00,76.3,1,0.0,1.13,0,none,0,none
U010,2024-09-04 14:30:00,75.8,1,0.0,1.03,0,none,0,none
U010,2024-09-04 14:35:00,76.1,1,0.0,1.0,0,none,0,none
U010,2024-09-04 14:40:00,76.2,1,0.0,0.97,0,none,0,none
U010,2024-09-04 14:50:00,77.8,1,0.0,1.02,0,none,0,none
U010,2024-09-04 15:00:00,77.8,1,0.0,0.96,0,none,0,none
U010,2024-09-04 15:05:00,77.3,1,0.0,1.16,0,none,0,none
U010,2024-09-04 15:10:00,77.3,1,0.0,0.8,0,none,0,none
U010,2024-09-04 15:25:00,77.6,1,0.0,1.0,0,none,0,none
U010,2024-09-04 15:35:00,77.1,1,0.0,0.91,0,none,0,none
U010,2024-09-04 15:40:00,77.4,1,0.0,0.93,0,none,0,none
U010,2024-09-04 15:45:00,76.7,1,0.0,1.14,0,none,0,none
U010,2024-09-04 16:00:00,74.9,1,0.0,0.83,0,none,0,none
U010,2024-09-04 16:10:00,75.3,1,0.0,1.01,0,none,0,none
U010,2024-09-04 16:15:00,75.2,1,0.0,1.15,0,none,0,none
U010,2024-09-04 16:20:00,75.4,1,0.0,1.17,0,none,0,none
U010,2024-09-04 16:35:00,75.6,1,0.0,1.16,0,none,0,none
U010,2024-09-04 16:50:00,76.4,1,0.0,1.14,0,none,0,none
U010,2024-09-04 16:55:00,76.9,1,0.0,1.02,0,none,0,none
U010,2024-09-04 17:00:00,76.9,1,0.0,0.9,0,none,0,none
U010,2024-09-04 17:10:00,76.6,1,0.0,1.02,0,none,0,none
U010,2024-09-04 17:20:00,76.9,1,0.0,0.93,0,none,0,none
U010,2024-09-04 17:25:00,77.0,1,0.0,0.94,0,none,0,none
U010,2024-09-04 17:30:00,77.3,1,0.0,0.86,0,none,0,none
U010,2024-09-04 17:35:00,76.5,1,0.0,1.0,0,none,2938,high
U010,2024-09-04 17:45:00,76.0,1,0.0,0.86,0,none,0,none
U010,2024-09-04 17:50:00,76.0,1,0.0,0.92,0,none,0,none
U010,2024-09-04 18:05:00,76.1,1,8.5,1.13,90,breakfast,0,none
U010,2024-09-04 18:30:00,73.8,1,0.0,0.85,0,none,0,none
U010,2024-09-04 18:40:00,73.8,1,0.0,1.09,0,none,0,none
U010,2024-09-04 19:00:00,73.1,1,0.0,0.99,0,none,0,none
U010,2024-09-04 19:05:00,73.5,1,0.0,0.93,0,none,0,none
U010,2024-09-04 19:15:00,73.6,1,0.0,1.07,0,none,0,none
U010,2024-09-04 19:25:00,73.5,1,0.0,1.05,0,none,0,none
U010,2024-09-04 19:35:00,73.4,1,0.0,1.2,0,none,0,none
U010,2024-09-04 20:00:00,71.6,1,0.0,0.99,0,none,0,none
U010,2024-09-04 20:05:00,71.8,1,0.0,1.14,0,none,0,none
U010,2024-09-04 20:20:00,71.9,1,0.0,0.98,0,none,0,none
U010,2024-09-04 20:30:00,70.3,1,0.0,1.11,0,none,0,none
U010,2024-09-04 20:35:00,70.7,1,0.0,1.07,0,none,0,none
U010,2024-09-04 20:40:00,70.9,1,0.0,0.83,0,none,0,none
U010,2024-09-04 20:45:00,71.0,1,0.0,0.84,0,none,0,none
U010,2024-09-04 20:50:00,71.3,1,0.0,0.93,0,none,0,none
U010,2024-09-04 20:55:00,72.1,1,0.0,1.19,0,none,0,none
U010,2024-09-04 21:00:00,71.3,1,0.0,0.84,0,none,0,none
U010,2024-09-04 21:05:00,71.9,1,0.0,1.04,0,none,0,none
U010,2024-09-04 21:20:00,71.9,1,4.0,0.91,45,dinner,0,none
U010,2024-09-04 21:30:00,72.1,1,0.0,1.07,0,none,0,none
U010,2024-09-04 21:35:00,71.6,1,0.0,1.11,0,none,0,none
U010,2024-09-04 21:40:00,70.8,1,0.0,0.85,0,none,0,none
U010,2024-09-04 21:45:00,70.2,1,0.0,0.99,0,none,0,none
U010,2024-09-04 21:50:00,70.4,1,0.0,1.15,0,none,0,none
U010,2024-09-04 21:55:00,71.1,1,0.0,1.18,0,none,0,none
U010,2024-09-04 22:10:00,70.0,1,0.0,1.08,0,none,2671,low
U010,2024-09-04 22:15:00,70.3,0,0.0,1.16,0,none,0,none
U010,2024-09-04 22:25:00,70.0,1,0.0,1.03,0,none,0,none
U010,2024-09-04 22:30:00,70.1,1,0.0,0.85,0,none,0,none
U010,2024-09-04 22:35:00,70.3,1,0.0,0.81,0,none,0,none
U010,2024-09-04 22:40:00,70.0,1,0.0,0.89,0,none,0,none
U010,2024-09-04 22:55:00,70.0,1,0.0,1.03,0,none,0,none
U010,2024-09-04 23:00:00,70.0,1,8.3,0.96,90,dinner,0,none
U010,2024-09-04 23:05:00,70.0,1,0.0,1.14,0,none,0,none
U010,2024-09-04 23:10:00,70.6,1,0.0,1.1,0,none,0,none
U010,2024-09-04 23:20:00,70.1,1,0.0,0.92,0,none,0,none
U010,2024-09-04 23:25:00,70.0,1,0.0,0.9,0,none,0,none
U010,2024-09-04 23:30:00,70.1,1,0.0,0.94,0,none,0,none
U010,2024-09-04 23:35:00,70.4,1,0.0,1.18,0,none,0,none
U010,2024-09-04 23:55:00,70.5,1,0.0,0.95,0,none,0,none
U010,2024-09-05 00:10:00,70.8,1,0.0,0.97,0,none,0,none
U010,2024-09-05 00:20:00,71.7,1,0.0,1.18,0,none,0,none
U010,2024-09-05 00:25:00,71.5,1,0.0,1.15,0,none,0,none
U010,2024-09-05 00:30:00,70.9,1,0.0,0.81,0,none,0,none
U010,2024-09-05 00:40:00,70.2,1,0.0,0.91,0,none,0,none
U010,2024-09-05 00:45:00,70.0,1,6.3,1.06,60,snack,2062,high
U010,2024-09-05 00:50:00,70.1,1,0.0,1.14,0,none,0,none
U010,2024-09-05 01:15:00,71.0,1,0.0,1.15,0,none,0,none
U010,2024-09-05 01:20:00,70.0,1,0.0,0.99,0,none,649,low
U010,2024-09-05 01:35:00,71.5,1,0.0,1.09,0,none,0,none
U010,2024-09-05 01:45:00,72.6,1,0.0,0.95,0,none,0,none
U010,2024-09-05 01:50:00,72.7,1,0.0,0.98,0,none,0,none
U010,2024-09-05 01:55:00,73.5,1,0.0,0.83,0,none,0,none
U010,2024-09-05 02:00:00,73.5,0,0.0,0.97,0,none,0,none
U010,2024-09-05 02:05:00,73.2,1,0.0,1.2,0,none,0,none
U010,2024-09-05 02:10:00,73.2,1,0.0,1.04,0,none,0,none
U010,2024-09-05 02:15:00,74.6,1,0.0,1.18,0,none,0,none
U010,2024-09-05 02:20:00,75.1,1,0.0,0.88,0,none,0,none
U010,2024-09-05 02:25:00,75.3,1,0.0,1.17,0,none,0,none
U010,2024-09-05 02:30:00,75.3,1,0.0,1.02,0,none,0,none
U010,2024-09-05 02:50:00,75.2,1,0.0,0.82,0,none,0,none
U010,2024-09-05 02:55:00,75.2,1,0.0,0.86,0,none,0,none
U010,2024-09-05 03:00:00,75.1,1,0.0,0.88,0,none,0,none
U010,2024-09-05 03:05:00,75.9,1,4.5,0.88,45,snack,0,none
U010,2024-09-05 03:10:00,76.3,1,0.0,1.2,0,none,0,none
U010,2024-09-05 03:25:00,76.1,1,0.0,0.97,0,none,0,none
U010,2024-09-05 03:30:00,76.0,1,0.0,1.06,0,none,0,none
U010,2024-09-05 03:45:00,75.1,1,0.0,1.19,0,none,0,none
U010,2024-09-05 03:50:00,74.4,1,0.0,1.12,0,none,0,none
U010,2024-09-05 03:55:00,73.0,1,0.0,1.06,0,none,0,none
U010,2024-09-05 04:00:00,73.7,1,0.0,0.91,0,none,0,none
U010,2024-09-05 04:05:00,73.8,1,0.0,0.84,0,none,0,none
U010,2024-09-05 04:10:00,74.3,1,0.0,1.19,0,none,0,none
U010,2024-09-05 04:15:00,74.0,1,0.0,0.86,0,none,0,none
U010,2024-09-05 04:20:00,73.6,1,0.0,1.1,0,none,0,none
U010,2024-09-05 04:35:00,72.1,1,0.0,1.17,0,none,0,none
U010,2024-09-05 04:50:00,72.4,1,0.0,1.07,0,none,0,none
U010,2024-09-05 04:55:00,72.4,1,0.0,0.81,0,none,0,none
U010,2024-09-05 05:10:00,70.7,1,0.0,0.86,0,none,0,none
U010,2024-09-05 05:15:00,70.3,1,0.0,0.84,0,none,0,none
U010,2024-09-05 05:20:00,70.2,1,0.0,1.16,0,none,0,none
U010,2024-09-05 05:25:00,70.5,1,0.0,0.94,0,none,0,none
U010,2024-09-05 05:40:00,70.4,1,0.0,1.18,0,none,0,none
U010,2024-09-05 05:45:00,71.1,1,0.0,1.16,0,none,0,none
U010,2024-09-05 05:50:00,70.4,1,0.0,0.95,0,none,2851,medium
U010,2024-09-05 06:20:00,70.5,1,9.7,1.1,90,dinner,0,none
U010,2024-09-05 06:30:00,70.0,1,0.0,0.83,0,none,3930,high
U010,2024-09-05 06:35:00,70.0,1,0.0,1.2,0,none,0,none
U010,2024-09-05 06:40:00,70.0,1,0.0,1.15,0,none,0,none
U010,2024-09-05 06:45:00,70.0,1,0.0,0.85,0,none,0,none
U010,2024-09-05 06:50:00,70.0,1,0.0,1.09,0,none,0,none
U010,2024-09-05 07:00:00,70.0,1,0.0,0.86,0,none,0,none
U010,2024-09-05 07:15:00,70.3,1,8.2,0.85,75,snack,0,none
U010,2024-09-05 07:30:00,70.0,1,0.0,1.15,0,none,0,none
U010,2024-09-05 07:35:00,70.0,1,0.0,0.91,0,none,0,none
U010,2024-09-05 07:40:00,70.1,1,0.0,0.85,0,none,0,none
U010,2024-09-05 07:45:00,70.2,1,0.0,0.83,0,none,0,none
U010,2024-09-05 07:50:00,70.2,1,0.0,1.03,0,none,0,none
U010,2024-09-05 07:55:00,70.6,1,0.0,1.06,0,none,0,none
U010,2024-09-05 08:00:00,71.2,1,0.0,1.06,0,none,0,none
U010,2024-09-05 08:05:00,70.5,1,0.0,0.86,0,none,0,none
U010,2024-09-05 08:10:00,70.2,1,0.0,0.9,0,none,0,none
U010,2024-09-05 08:15:00,70.2,1,0.0,0.95,0,none,0,none
U010,2024-09-05 08:20:00,70.6,1,0.0,0.9,0,none,0,none
U010,2024-09-05 08:25:00,70.6,1,0.0,0.94,0,none,0,none
U010,2024-09-05 08:40:00,70.4,1,0.0,1.17,0,none,0,none
U010,2024-09-05 08:50:00,70.4,1,0.0,1.11,0,none,0,none
U010,2024-09-05 08:55:00,70.3,1,5.4,0.91,60,snack,0,none
U010,2024-09-05 09:05:00,70.0,1,0.0,0.8,0,none,0,none
U010,2024-09-05 09:25:00,70.1,1,0.0,1.09,0,none,0,none
U010,2024-09-05 09:40:00,70.0,1,0.0,0.93,0,none,0,none
U010,2024-09-05 09:45:00,70.0,1,0.0,1.16,0,none,0,none
U010,2024-09-05 09:55:00,70.1,1,0.0,1.1,0,none,0,none
U010,2024-09-05 10:10:00,71.8,1,0.0,0.8,0,none,0,none
U010,2024-09-05 10:15:00,72.7,1,0.0,1.03,0,none,0,none
U010,2024-09-05 10:40:00,73.2,1,0.0,1.18,0,none,0,none
U010,2024-09-05 10:55:00,74.0,1,0.0,1.07,0,none,0,none
U010,2024-09-05 11:00:00,73.9,1,0.0,1.0,0,none,0,none
U010,2024-09-05 11:05:00,74.4,1,0.0,0.94,0,none,0,none
U010,2024-09-05 11:10:00,74.4,1,0.0,0.84,0,none,0,none
U010,2024-09-05 11:15:00,73.5,1,0.0,0.86,0,none,2528,low
U010,2024-09-05 11:25:00,74.4,1,0.0,0.85,0,none,0,none
U010,2024-09-05 11:35:00,76.4,1,0.0,0.86,0,none,0,none
U010,2024-09-05 11:45:00,77.1,1,0.0,0.85,0,none,0,none
U010,2024-09-05 12:05:00,77.9,1,0.0,0.95,0,none,0,none
U010,2024-09-05 12:10:00,77.4,1,0.0,1.1,0,none,0,none
U010,2024-09-05 12:15:00,77.4,1,0.0,1.04,0,none,0,none
U010,2024-09-05 12:30:00,77.9,1,0.0,1.14,0,none,0,none
U010,2024-09-05 12:50:00,77.8,1,0.0,0.98,0,none,0,none
U010,2024-09-05 13:00:00,78.6,1,0.0,0.94,0,none,0,none
U010,2024-09-05 13:15:00,78.6,1,0.0,0.91,0,none,0,none
U010,2024-09-05 13:20:00,78.2,1,0.0,0.97,0,none,0,none
U010,2024-09-05 13:25:00,78.5,1,0.0,1.01,0,none,0,none
U010,2024-09-05 13:35:00,78.4,1,0.0,1.05,0,none,0,none
U010,2024-09-05 13:40:00,78.7,1,0.0,0.99,0,none,0,none
U010,2024-09-05 13:50:00,77.9,1,0.0,0.82,0,none,0,none
U010,2024-09-05 13:55:00,78.4,1,3.3,1.11,30,lunch,0,none
U010,2024-09-05 14:10:00,78.3,1,0.0,0.84,0,none,0,none
U010,2024-09-05 14:15:00,78.3,1,0.0,1.01,0,none,0,none
U010,2024-09-05 14:25:00,79.5,1,0.0,1.16,0,none,0,none
U010,2024-09-05 14:30:00,79.8,1,0.0,0.87,0,none,714,low
U010,2024-09-05 14:40:00,79.9,1,0.0,0.87,0,none,0,none
U010,2024-09-05 15:10:00,78.3,1,0.0,0.84,0,none,3228,medium
U010,2024-09-05 15:25:00,79.1,1,0.0,1.15,0,none,0,none
U010,2024-09-05 15:30:00,78.5,1,0.0,0.89,0,none,0,none
U010,2024-09-05 15:35:00,78.4,1,0.0,0.9,0,none,0,none
U010,2024-09-05 15:40:00,77.7,1,0.0,1.09,0,none,0,none
U010,2024-09-05 15:45:00,77.2,1,0.0,1.03,0,none,0,none
U010,2024-09-05 15:50:00,77.1,1,3.7,1.05,30,breakfast,0,none
U010,2024-09-05 16:00:00,78.0,1,0.0,0.94,0,none,0,none
U010,2024-09-05 16:05:00,78.6,1,0.0,0.9,0,none,0,none
U010,2024-09-05 16:20:00,78.2,1,0.0,1.13,0,none,0,none
U010,2024-09-05 16:30:00,78.0,1,0.0,1.07,0,none,0,none
U010,2024-09-05 16:35:00,77.4,1,0.0,1.02,0,none,0,none
U010,2024-09-05 16:45:00,77.7,1,0.0,1.03,0,none,0,none
U010,2024-09-05 17:00:00,78.6,1,0.0,0.96,0,none,0,none
U010,2024-09-05 17:05:00,78.4,1,0.0,0.81,0,none,0,none
U010,2024-09-05 17:20:00,78.2,1,0.0,1.14,0,none,0,none
U010,2024-09-05 17:25:00,77.4,1,0.0,1.19,0,none,0,none
U010,2024-09-05 17:35:00,78.3,1,0.0,1.11,30,dinner,0,none
U010,2024-09-05 17:40:00,78.6,1,0.0,1.19,0,none,0,none
U010,2024-09-05 17:45:00,78.2,1,0.0,1.18,0,none,0,none
U010,2024-09-05 17:50:00,78.7,1,0.0,1.1,0,none,0,none
U010,2024-09-05 18:00:00,78.9,1,0.0,1.18,0,none,0,none
U010,2024-09-05 18:05:00,79.2,1,6.0,0.88,60,snack,0,none
U010,2024-09-05 18:10:00,78.1,1,0.0,0.81,0,none,0,none
U010,2024-09-05 18:15:00,78.6,1,0.0,0.81,0,none,0,none
U010,2024-09-05 18:30:00,81.0,1,0.0,1.1,0,none,0,none
U010,2024-09-05 18:35:00,80.9,1,0.0,0.84,0,none,0,none
U010,2024-09-05 19:00:00,80.9,1,0.0,1.1,0,none,0,none
U010,2024-09-05 19:25:00,81.5,1,0.0,1.02,0,none,0,none
U010,2024-09-05 19:30:00,81.5,1,0.0,1.12,0,none,0,none
U010,2024-09-05 19:40:00,80.6,1,0.0,1.2,0,none,0,none
U010,2024-09-05 19:45:00,80.5,1,0.0,0.96,0,none,0,none
U010,2024-09-05 19:50:00,80.1,1,0.0,0.99,0,none,0,none
U010,2024-09-05 20:00:00,80.8,1,0.0,0.93,0,none,0,none
U010,2024-09-05 20:15:00,79.2,1,0.0,1.12,0,none,0,none
U010,2024-09-05 20:35:00,78.3,1,0.0,1.08,0,none,0,none
U010,2024-09-05 20:40:00,79.0,1,0.0,0.94,0,none,0,none
U010,2024-09-05 20:45:00,79.6,1,8.7,0.83,90,dinner,0,none
U010,2024-09-05 20:50:00,79.9,1,0.0,1.12,0,none,0,none
U010,2024-09-05 20:55:00,80.1,1,0.0,1.04,0,none,0,none
U010,2024-09-05 21:00:00,81.3,1,0.0,0.99,0,none,0,none
U010,2024-09-05 21:10:00,82.1,1,0.0,0.99,0,none,0,none
U010,2024-09-05 21:15:00,81.9,1,0.0,1.09,0,none,0,none
U010,2024-09-05 21:30:00,81.7,1,0.0,1.18,0,none,0,none
U010,2024-09-05 21:35:00,81.4,1,0.0,0.8,0,none,0,none
U010,2024-09-05 21:40:00,81.9,1,0.0,0.97,0,none,0,none
U010,2024-09-05 21:50:00,82.6,1,0.0,0.91,0,none,0,none
U010,2024-09-05 21:55:00,82.8,1,0.0,0.88,0,none,0,none
U010,2024-09-05 22:05:00,83.0,1,0.0,0.91,0,none,0,none
U010,2024-09-05 22:15:00,83.7,1,0.0,0.83,0,none,0,none
U010,2024-09-05 22:20:00,83.6,1,0.0,0.99,0,none,0,none
U010,2024-09-05 22:25:00,83.4,1,0.0,1.01,0,none,0,none
U010,2024-09-05 22:45:00,83.8,1,0.0,1.12,0,none,0,none
U010,2024-09-05 22:55:00,84.3,1,0.0,0.99,0,none,0,none
U010,2024-09-05 23:00:00,84.6,1,0.0,1.16,0,none,0,none
U010,2024-09-05 23:05:00,84.5,1,0.0,0.88,0,none,0,none
U010,2024-09-05 23:20:00,83.1,1,5.3,1.02,60,lunch,0,none
U010,2024-09-05 23:25:00,83.1,1,0.0,1.13,0,none,0,none
U010,2024-09-05 23:30:00,82.5,1,0.0,0.85,0,none,0,none
U010,2024-09-05 23:35:00,82.6,1,0.0,1.11,0,none,0,none
U010,2024-09-05 23:40:00,83.6,1,0.0,1.0,0,none,0,none
U010,2024-09-05 23:50:00,83.7,1,0.0,1.01,0,none,0,none
U010,2024-09-05 23:55:00,83.0,1,0.0,1.12,0,none,0,none
U010,2024-09-06 00:05:00,83.9,1,0.0,0.88,0,none,0,none
U010,2024-09-06 00:20:00,84.2,1,0.0,1.07,0,none,0,none
U010,2024-09-06 00:35:00,84.2,1,0.0,0.81,0,none,0,none
U010,2024-09-06 00:40:00,83.8,1,0.0,1.13,0,none,0,none
U010,2024-09-06 00:45:00,84.8,1,0.0,1.03,0,none,0,none
U010,2024-09-06 00:50:00,84.6,1,0.0,0.87,0,none,0,none
U010,2024-09-06 00:55:00,83.9,1,0.0,0.97,0,none,0,none
U010,2024-09-06 01:00:00,85.0,1,0.0,1.19,0,none,0,none
U010,2024-09-06 01:05:00,84.3,1,0.0,1.09,0,none,0,none
U010,2024-09-06 01:10:00,84.0,1,0.0,0.85,0,none,0,none
U010,2024-09-06 01:20:00,85.3,1,0.0,1.06,0,none,0,none
U010,2024-09-06 01:25:00,85.7,1,0.0,1.1,0,none,0,none
U010,2024-09-06 01:30:00,87.4,1,0.0,0.82,0,none,0,none
U010,2024-09-06 01:35:00,87.7,1,0.0,1.18,0,none,0,none
U010,2024-09-06 01:40:00,88.0,1,0.0,1.1,0,none,0,none
U010,2024-09-06 02:00:00,87.4,1,0.0,1.06,0,none,0,none
U010,2024-09-06 02:10:00,86.9,1,0.0,0.98,0,none,0,none
U010,2024-09-06 02:15:00,87.0,1,0.0,0.97,0,none,0,none
U010,2024-09-06 02:20:00,86.4,0,0.0,0.81,0,none,0,none
U010,2024-09-06 02:35:00,83.9,1,0.0,1.06,0,none,0,none
U010,2024-09-06 02:40:00,83.8,1,0.0,0.9,0,none,0,none
U010,2024-09-06 02:45:00,84.9,1,0.0,0.86,0,none,0,none
U010,2024-09-06 02:55:00,85.2,1,0.0,1.0,0,none,0,none
U010,2024-09-06 03:00:00,85.2,1,5.3,0.95,45,breakfast,0,none
U010,2024-09-06 03:05:00,85.9,1,0.0,1.08,0,none,0,none
U010,2024-09-06 03:20:00,85.4,1,0.0,0.87,0,none,0,none
U010,2024-09-06 03:25:00,85.3,1,0.0,1.04,0,none,0,none
U010,2024-09-06 03:30:00,85.2,1,0.0,1.18,0,none,0,none
U010,2024-09-06 03:35:00,85.3,1,0.0,1.06,0,none,0,none
U010,2024-09-06 03:40:00,85.6,1,0.0,0.87,0,none,0,none
U010,2024-09-06 03:55:00,85.5,0,0.0,1.16,0,none,0,none
U010,2024-09-06 04:00:00,85.7,1,0.0,1.2,0,none,0,none
U010,2024-09-06 04:05:00,86.3,1,0.0,0.86,0,none,0,none
U010,2024-09-06 04:10:00,87.0,1,0.0,1.01,0,none,0,none
U010,2024-09-06 04:15:00,86.5,1,0.0,1.02,0,none,0,none
U010,2024-09-06 04:35:00,85.4,1,0.0,1.06,0,none,0,none
U010,2024-09-06 04:40:00,85.4,1,0.0,1.0,0,none,0,none
U010,2024-09-06 04:45:00,85.5,1,0.0,1.09,0,none,0,none
U010,2024-09-06 05:05:00,85.4,1,0.0,1.02,0,none,0,none
U010,2024-09-06 05:10:00,85.2,1,0.0,0.92,0,none,0,none
U010,2024-09-06 05:15:00,85.9,1,0.0,0.82,0,none,0,none
U010,2024-09-06 05:30:00,86.2,1,0.0,1.09,0,none,0,none
U010,2024-09-06 05:35:00,85.8,1,0.0,0.83,0,none,0,none
U010,2024-09-06 05:55:00,85.8,1,0.0,1.16,0,none,0,none
U010,2024-09-06 06:00:00,85.1,1,0.0,0.99,0,none,0,none
U010,2024-09-06 06:05:00,85.0,1,0.0,1.03,0,none,0,none
U010,2024-09-06 06:10:00,84.8,1,0.0,1.13,0,none,0,none
U010,2024-09-06 06:20:00,84.3,1,0.0,1.19,0,none,0,none
U010,2024-09-06 06:25:00,84.0,1,0.0,0.93,0,none,0,none
U010,2024-09-06 06:35:00,84.9,1,0.0,1.1,0,none,0,none
U010,2024-09-06 06:40:00,84.3,1,0.0,0.86,0,none,0,none
U010,2024-09-06 06:45:00,84.2,1,0.0,1.07,0,none,0,none
U010,2024-09-06 06:50:00,84.3,1,0.0,1.11,0,none,0,none
U010,2024-09-06 07:15:00,84.5,1,0.0,0.87,0,none,0,none
U010,2024-09-06 07:20:00,83.3,1,0.0,1.17,0,none,0,none
U010,2024-09-06 07:25:00,81.5,1,0.0,1.15,0,none,4242,high
U010,2024-09-06 07:30:00,82.0,1,0.0,1.1,0,none,0,none
U010,2024-09-06 07:55:00,82.5,1,0.0,1.03,0,none,0,none
U010,2024-09-06 08:00:00,81.4,1,0.0,0.99,0,none,0,none
U010,2024-09-06 08:05:00,81.5,1,0.0,1.01,0,none,0,none
U010,2024-09-06 08:10:00,81.3,1,0.0,0.92,0,none,0,none
U010,2024-09-06 08:15:00,80.9,1,0.0,0.97,0,none,0,none
U010,2024-09-06 08:20:00,79.8,1,0.0,1.19,0,none,0,none
U010,2024-09-06 08:25:00,79.7,1,0.0,1.09,0,none,0,none
U010,2024-09-06 08:30:00,79.7,1,0.0,0.96,0,none,0,none
U010,2024-09-06 08:35:00,79.2,1,0.0,1.19,0,none,0,none
U010,2024-09-06 08:45:00,77.7,1,0.0,0.87,0,none,0,none
U010,2024-09-06 08:55:00,77.8,1,0.0,1.07,0,none,0,none
U010,2024-09-06 09:05:00,77.3,1,0.0,1.02,0,none,4748,low
U010,2024-09-06 09:10:00,78.5,1,0.0,1.15,0,none,0,none
U010,2024-09-06 09:15:00,78.5,1,0.0,1.18,0,none,0,none
U010,2024-09-06 09:20:00,78.9,1,0.0,1.09,0,none,0,none
U010,2024-09-06 09:25:00,78.7,1,0.0,0.82,0,none,0,none
U010,2024-09-06 09:55:00,80.8,1,0.0,0.96,0,none,0,none
U010,2024-09-06 10:05:00,80.6,1,0.0,0.99,0,none,0,none
U010,2024-09-06 10:10:00,81.1,1,0.0,0.85,0,none,0,none
U010,2024-09-06 10:15:00,81.5,1,0.0,1.17,0,none,0,none
U010,2024-09-06 10:30:00,81.7,1,0.0,1.01,0,none,3268,medium
U010,2024-09-06 10:35:00,81.5,1,0.0,0.97,0,none,0,none
U010,2024-09-06 10:40:00,81.7,1,0.0,0.84,0,none,0,none
U010,2024-09-06 10:45:00,82.8,1,0.0,1.02,0,none,0,none
U010,2024-09-06 10:50:00,83.1,1,0.0,0.86,0,none,0,none
U010,2024-09-06 10:55:00,83.5,1,0.0,1.07,0,none,0,none
U010,2024-09-06 11:00:00,83.3,1,0.0,0.93,0,none,0,none
U010,2024-09-06 11:10:00,83.6,1,0.0,1.18,0,none,0,none
U010,2024-09-06 11:20:00,83.6,1,0.0,1.18,0,none,0,none
U010,2024-09-06 11:30:00,83.0,1,0.0,0.96,30,lunch,0,none
U010,2024-09-06 11:40:00,82.4,1,0.0,0.84,0,none,0,none
U010,2024-09-06 11:50:00,81.6,1,0.0,0.99,0,none,0,none
U010,2024-09-06 12:00:00,81.2,1,0.0,0.96,0,none,0,none
U010,2024-09-06 12:10:00,81.3,1,0.0,1.17,0,none,0,none
U010,2024-09-06 12:15:00,80.8,1,0.0,1.14,0,none,0,none
U010,2024-09-06 12:35:00,80.3,1,0.0,1.0,0,none,0,none
U010,2024-09-06 12:50:00,81.7,1,0.0,1.15,0,none,0,none
U010,2024-09-06 12:55:00,81.7,1,0.0,0.81,0,none,0,none
U010,2024-09-06 13:00:00,80.9,1,0.0,1.0,0,none,0,none
U010,2024-09-06 13:10:00,79.5,1,0.0,0.86,0,none,0,none
U010,2024-09-06 13:15:00,79.9,1,0.0,0.85,0,none,0,none
U010,2024-09-06 13:20:00,79.4,1,0.0,1.04,0,none,0,none
U010,2024-09-06 13:25:00,80.2,1,0.0,0.97,0,none,0,none
U010,2024-09-06 13:35:00,79.5,1,0.0,1.02,0,none,4300,high
U010,2024-09-06 13:45:00,79.9,1,0.0,1.11,0,none,0,none
U010,2024-09-06 13:50:00,79.2,1,0.0,1.02,0,none,0,none
U010,2024-09-06 14:00:00,78.9,1,0.0,0.98,0,none,0,none
U010,2024-09-06 14:05:00,79.6,1,0.0,1.13,0,none,0,none
U010,2024-09-06 14:10:00,79.8,1,0.0,1.0,0,none,0,none
U010,2024-09-06 14:20:00,80.7,1,0.0,0.92,0,none,0,none
U010,2024-09-06 14:25:00,81.4,1,0.0,0.92,0,none,0,none
U010,2024-09-06 14:30:00,80.9,1,0.0,0.9,0,none,0,none
U010,2024-09-06 14:35:00,79.7,1,0.0,0.93,0,none,0,none
U010,2024-09-06 14:40:00,79.4,1,0.0,0.95,0,none,0,none
U010,2024-09-06 14:45:00,79.7,1,2.1,1.05,30,dinner,0,none
U010,2024-09-06 14:50:00,80.0,1,0.0,0.94,0,none,0,none
U010,2024-09-06 14:55:00,79.7,1,0.0,1.08,0,none,0,none
U010,2024-09-06 15:00:00,80.0,1,0.0,0.84,0,none,0,none
U010,2024-09-06 15:05:00,79.5,1,0.0,1.03,0,none,1943,high
U010,2024-09-06 15:15:00,79.3,1,0.0,0.93,0,none,0,none
U010,2024-09-06 15:25:00,78.9,1,0.0,0.92,0,none,0,none
U010,2024-09-06 15:30:00,78.7,1,5.7,0.93,60,snack,0,none
U010,2024-09-06 15:35:00,79.4,1,0.0,1.16,0,none,0,none
U010,2024-09-06 15:40:00,79.4,1,0.0,1.01,0,none,0,none
U010,2024-09-06 16:10:00,76.6,1,0.0,1.06,0,none,0,none
U010,2024-09-06 16:25:00,78.4,1,0.0,1.1,0,none,0,none
U010,2024-09-06 16:30:00,78.6,1,0.0,1.07,0,none,0,none
U010,2024-09-06 16:40:00,78.9,1,0.0,1.0,0,none,0,none
U010,2024-09-06 17:05:00,79.4,1,0.0,1.18,0,none,0,none
U010,2024-09-06 17:20:00,80.3,1,0.0,1.1,0,none,0,none
U010,2024-09-06 17:25:00,80.8,1,0.0,1.11,0,none,0,none
U010,2024-09-06 17:35:00,81.1,1,0.0,0.85,60,breakfast,0,none
U010,2024-09-06 17:40:00,81.3,1,0.0,1.01,0,none,0,none
U010,2024-09-06 17:50:00,82.2,1,0.0,1.14,0,none,0,none
U010,2024-09-06 17:55:00,81.8,1,0.0,1.14,0,none,0,none
U010,2024-09-06 18:00:00,81.9,1,0.0,0.97,0,none,0,none
U010,2024-09-06 18:05:00,82.2,1,0.0,0.92,0,none,0,none
U010,2024-09-06 18:10:00,81.8,1,0.0,0.85,0,none,0,none
U010,2024-09-06 18:15:00,82.5,1,0.0,1.07,0,none,0,none
U010,2024-09-06 18:25:00,82.4,1,0.0,1.0,0,none,0,none
U010,2024-09-06 18:30:00,81.8,1,0.0,1.16,0,none,0,none
U010,2024-09-06 18:35:00,81.8,1,0.0,1.14,0,none,0,none
U010,2024-09-06 18:45:00,81.8,1,0.0,1.05,0,none,0,none
U010,2024-09-06 18:50:00,82.1,1,0.0,1.1,0,none,0,none
U010,2024-09-06 18:55:00,82.3,1,0.0,0.92,0,none,0,none
U010,2024-09-06 19:00:00,81.4,1,0.0,1.01,60,lunch,0,none
U010,2024-09-06 19:10:00,82.2,1,0.0,0.9,0,none,0,none
U010,2024-09-06 19:25:00,82.3,1,0.0,0.95,0,none,0,none
U010,2024-09-06 19:30:00,82.7,1,0.0,0.92,0,none,0,none
U010,2024-09-06 19:35:00,83.6,1,0.0,1.19,0,none,0,none
U010,2024-09-06 19:40:00,82.3,1,0.0,0.81,0,none,2498,high
U010,2024-09-06 19:45:00,82.6,1,0.0,0.95,0,none,0,none
U010,2024-09-06 19:50:00,83.1,1,0.0,0.81,0,none,0,none
U010,2024-09-06 19:55:00,82.9,1,0.0,0.91,0,none,0,none
U010,2024-09-06 20:00:00,83.0,1,5.6,0.96,60,lunch,0,none
U010,2024-09-06 20:05:00,82.1,1,0.0,1.15,0,none,0,none
U010,2024-09-06 20:15:00,81.3,0,0.0,1.18,0,none,0,none
U010,2024-09-06 20:25:00,82.0,1,0.0,1.14,0,none,0,none
U010,2024-09-06 20:30:00,81.5,1,0.0,0.88,0,none,0,none
U010,2024-09-06 20:35:00,80.6,1,0.0,1.06,0,none,0,none
U010,2024-09-06 20:40:00,80.2,1,0.0,1.13,0,none,0,none
U010,2024-09-06 20:45:00,79.7,1,5.3,1.05,45,lunch,0,none
U010,2024-09-06 20:50:00,79.7,1,0.0,0.97,0,none,0,none
U010,2024-09-06 21:20:00,79.8,1,0.0,0.93,0,none,0,none
U010,2024-09-06 21:30:00,80.2,1,0.0,0.81,0,none,0,none
U010,2024-09-06 21:35:00,80.7,1,0.0,0.82,0,none,0,none
U010,2024-09-06 21:40:00,80.1,1,0.0,1.09,0,none,0,none
U010,2024-09-06 21:45:00,80.4,1,0.0,1.06,0,none,0,none
U010,2024-09-06 21:50:00,80.4,0,0.0,1.05,0,none,0,none
U010,2024-09-06 21:55:00,80.6,1,0.0,0.92,0,none,0,none
U010,2024-09-06 22:05:00,81.0,1,0.0,0.96,0,none,0,none
U010,2024-09-06 22:10:00,81.7,1,0.0,0.85,0,none,0,none
U010,2024-09-06 22:20:00,82.5,1,0.0,1.18,0,none,0,none
U010,2024-09-06 22:25:00,82.9,1,0.0,0.9,0,none,0,none
U010,2024-09-06 22:30:00,83.0,1,0.0,1.04,0,none,0,none
U010,2024-09-06 22:35:00,83.0,0,0.0,0.84,0,none,0,none
U010,2024-09-06 22:40:00,82.9,1,0.0,1.15,0,none,0,none
U010,2024-09-06 22:50:00,82.4,1,0.0,0.81,0,none,0,none
U010,2024-09-06 22:55:00,81.8,1,0.0,1.08,0,none,0,none
U010,2024-09-06 23:00:00,81.3,1,0.0,1.11,0,none,0,none
U010,2024-09-06 23:05:00,81.4,1,0.0,1.01,0,none,0,none
U010,2024-09-06 23:10:00,81.9,1,0.0,0.97,0,none,0,none
U010,2024-09-06 23:20:00,80.7,1,0.0,1.01,0,none,0,none
U010,2024-09-06 23:30:00,81.7,1,0.0,1.03,0,none,0,none
U010,2024-09-06 23:40:00,82.9,1,0.0,1.08,0,none,0,none
U010,2024-09-06 23:45:00,84.6,1,0.0,0.81,0,none,0,none
U010,2024-09-06 23:50:00,84.1,1,0.0,1.11,0,none,0,none
U010,2024-09-06 23:55:00,84.2,1,0.0,1.03,0,none,0,none
U010,2024-09-07 00:00:00,83.5,1,0.0,1.13,0,none,0,none
U010,2024-09-07 00:05:00,82.9,1,0.0,0.88,0,none,0,none
U010,2024-09-07 00:10:00,83.2,1,0.0,1.18,0,none,0,none
U010,2024-09-07 00:15:00,84.1,1,0.0,0.99,0,none,0,none
U010,2024-09-07 00:30:00,84.2,1,0.0,0.93,0,none,0,none
U010,2024-09-07 00:55:00,84.4,1,0.0,0.86,0,none,0,none
U010,2024-09-07 01:00:00,84.1,1,0.0,1.14,0,none,0,none
U010,2024-09-07 01:10:00,85.0,1,0.0,1.12,0,none,0,none
U010,2024-09-07 01:15:00,85.9,1,6.7,1.02,60,dinner,0,none
U010,2024-09-07 01:30:00,87.2,1,0.0,0.99,0,none,0,none
U010,2024-09-07 01:40:00,86.4,1,4.4,1.18,45,breakfast,0,none
U010,2024-09-07 01:45:00,85.8,1,5.4,0.85,45,breakfast,0,none
U010,2024-09-07 01:50:00,85.5,1,0.0,0.91,0,none,0,none
U010,2024-09-07 01:55:00,85.7,1,0.0,0.82,0,none,0,none
U010,2024-09-07 02:05:00,85.8,1,0.0,0.98,0,none,0,none
U010,2024-09-07 02:20:00,86.6,1,0.0,1.02,0,none,0,none
U010,2024-09-07 02:25:00,86.7,1,0.0,1.16,0,none,0,none
U010,2024-09-07 02:30:00,86.7,1,0.0,1.14,0,none,0,none
U010,2024-09-07 02:35:00,86.9,1,0.0,1.03,0,none,0,none
U010,2024-09-07 02:40:00,86.9,1,0.0,1.15,0,none,0,none
U010,2024-09-07 02:55:00,87.5,1,0.0,1.08,0,none,0,none
U010,2024-09-07 03:00:00,88.0,1,0.0,0.94,0,none,0,none
U010,2024-09-07 03:05:00,88.7,1,0.0,0.89,0,none,0,none
U010,2024-09-07 03:10:00,88.5,0,0.0,0.87,0,none,0,none
U010,2024-09-07 03:15:00,88.7,1,0.0,1.15,0,none,0,none
U010,2024-09-07 03:25:00,88.2,1,0.0,0.92,0,none,0,none
U010,2024-09-07 03:30:00,88.6,1,0.0,1.16,0,none,0,none
U010,2024-09-07 03:40:00,88.5,1,0.0,0.97,0,none,0,none
U010,2024-09-07 03:50:00,87.6,1,0.0,0.93,0,none,0,none
U010,2024-09-07 04:20:00,87.3,1,0.0,1.11,0,none,0,none
U010,2024-09-07 04:25:00,86.9,1,0.0,1.16,0,none,0,none
U010,2024-09-07 04:30:00,87.7,1,0.0,0.97,0,none,0,none
U010,2024-09-07 04:40:00,87.9,1,0.0,1.07,0,none,0,none
U010,2024-09-07 04:50:00,87.5,1,0.0,0.9,0,none,0,none
U010,2024-09-07 04:55:00,87.5,1,0.0,0.95,0,none,0,none
U010,2024-09-07 05:00:00,87.3,1,0.0,1.09,0,none,0,none
U010,2024-09-07 05:15:00,86.4,1,0.0,0.98,0,none,0,none
U010,2024-09-07 05:20:00,86.1,1,0.0,1.02,0,none,0,none
U010,2024-09-07 05:25:00,85.7,1,0.0,1.16,0,none,0,none
U010,2024-09-07 05:30:00,85.1,1,0.0,0.96,0,none,0,none
U010,2024-09-07 05:35:00,85.0,1,0.0,1.08,0,none,0,none
U010,2024-09-07 05:50:00,86.2,1,0.0,0.95,0,none,0,none
U010,2024-09-07 06:00:00,86.3,1,0.0,0.97,0,none,0,none
U010,2024-09-07 06:05:00,86.1,1,0.0,1.04,0,none,0,none
U010,2024-09-07 06:15:00,86.7,1,0.0,0.89,0,none,0,none
U010,2024-09-07 06:35:00,87.3,1,0.0,1.04,0,none,0,none
U010,2024-09-07 06:40:00,87.2,1,0.0,1.1,0,none,0,none
U010,2024-09-07 06:45:00,87.6,1,0.0,1.12,0,none,0,none
U010,2024-09-07 06:55:00,86.8,1,0.0,0.9,75,lunch,0,none
U010,2024-09-07 07:00:00,86.7,1,0.0,1.15,0,none,0,none
U010,2024-09-07 07:15:00,87.4,1,0.0,0.85,0,none,0,none
U010,2024-09-07 07:25:00,86.6,1,0.0,1.11,0,none,0,none
U010,2024-09-07 07:35:00,85.8,1,0.0,1.13,0,none,0,none
U010,2024-09-07 07:50:00,86.8,1,0.0,0.83,0,none,0,none
U010,2024-09-07 07:55:00,86.3,1,0.0,1.15,0,none,0,none
U010,2024-09-07 08:00:00,86.7,1,0.0,1.09,0,none,0,none
U010,2024-09-07 08:05:00,86.9,0,0.0,1.14,0,none,0,none
U010,2024-09-07 08:15:00,88.2,1,0.0,1.02,0,none,0,none
U010,2024-09-07 08:20:00,88.3,1,0.0,0.82,0,none,0,none
U010,2024-09-07 08:25:00,88.6,1,0.0,1.02,0,none,0,none
U010,2024-09-07 08:35:00,87.6,1,0.0,1.04,0,none,0,none
U010,2024-09-07 08:50:00,87.3,1,0.0,0.99,0,none,0,none
U010,2024-09-07 08:55:00,87.7,1,0.0,0.91,0,none,0,none
U010,2024-09-07 09:00:00,87.3,1,0.0,0.86,0,none,0,none
U010,2024-09-07 09:05:00,88.0,1,0.0,0.87,0,none,0,none
U010,2024-09-07 09:10:00,88.6,1,0.0,1.19,0,none,0,none
U010,2024-09-07 09:15:00,89.2,1,0.0,0.99,0,none,0,none
U010,2024-09-07 09:30:00,87.9,1,0.0,0.99,0,none,0,none
U010,2024-09-07 09:40:00,88.9,1,0.0,0.98,0,none,0,none
U010,2024-09-07 09:50:00,89.5,1,0.0,1.15,0,none,0,none
U010,2024-09-07 09:55:00,89.9,1,0.0,0.97,0,none,0,none
U010,2024-09-07 10:00:00,90.6,1,0.0,1.07,0,none,0,none
U010,2024-09-07 10:05:00,90.3,1,0.0,1.16,0,none,0,none
U010,2024-09-07 10:30:00,88.7,1,0.0,1.17,0,none,0,none
U010,2024-09-07 10:50:00,90.2,1,0.0,0.87,0,none,0,none
U010,2024-09-07 10:55:00,89.6,1,0.0,1.04,0,none,0,none
U010,2024-09-07 11:05:00,90.1,1,0.0,1.15,0,none,0,none
U010,2024-09-07 11:15:00,90.9,1,0.0,1.19,0,none,0,none
U010,2024-09-07 11:20:00,91.2,1,0.0,0.99,0,none,0,none
U010,2024-09-07 11:30:00,90.4,1,0.0,1.18,0,none,0,none
U010,2024-09-07 11:35:00,91.0,1,0.0,1.0,0,none,0,none
U010,2024-09-07 11:40:00,90.7,1,0.0,0.85,0,none,0,none
U010,2024-09-07 11:45:00,90.2,1,0.0,1.06,0,none,0,none
U010,2024-09-07 11:50:00,90.6,1,0.0,1.07,0,none,0,none
U010,2024-09-07 12:15:00,90.8,1,0.0,1.15,0,none,0,none
U010,2024-09-07 12:20:00,89.8,1,0.0,1.12,0,none,4638,high
U010,2024-09-07 12:25:00,89.0,1,0.0,0.83,0,none,0,none
U010,2024-09-07 12:30:00,88.4,1,0.0,1.15,0,none,0,none
U010,2024-09-07 12:35:00,89.3,1,0.0,0.86,0,none,0,none
U010,2024-09-07 12:40:00,89.8,1,0.0,0.87,0,none,0,none
U010,2024-09-07 12:50:00,89.7,1,0.0,1.19,0,none,0,none
U010,2024-09-07 12:55:00,90.1,1,0.0,0.97,0,none,0,none
U010,2024-09-07 13:10:00,88.6,1,0.0,0.88,0,none,0,none
U010,2024-09-07 13:20:00,88.3,1,0.0,1.16,0,none,0,none
U010,2024-09-07 13:40:00,88.6,1,0.0,1.09,0,none,0,none
U010,2024-09-07 13:45:00,88.6,1,0.0,1.14,0,none,0,none
U010,2024-09-07 13:50:00,89.1,1,0.0,0.99,0,none,0,none
U010,2024-09-07 14:00:00,90.8,1,0.0,1.04,0,none,0,none
U010,2024-09-07 14:15:00,89.6,1,0.0,0.96,0,none,0,none
U010,2024-09-07 14:35:00,88.9,1,0.0,0.86,0,none,0,none
U010,2024-09-07 14:45:00,88.5,1,0.0,0.94,0,none,0,none
U010,2024-09-07 14:55:00,90.1,1,0.0,1.14,0,none,0,none
U010,2024-09-07 15:00:00,90.9,1,0.0,0.86,0,none,0,none
U010,2024-09-07 15:05:00,91.1,1,0.0,0.89,0,none,0,none
U010,2024-09-07 15:20:00,89.9,1,0.0,0.82,0,none,0,none
U010,2024-09-07 15:25:00,90.1,1,0.0,0.83,0,none,0,none
U010,2024-09-07 15:30:00,90.1,1,0.0,1.2,0,none,0,none
U010,2024-09-07 15:35:00,89.7,1,0.0,0.9,0,none,0,none
U010,2024-09-07 15:40:00,89.0,1,0.0,0.95,0,none,0,none
U010,2024-09-07 15:50:00,88.5,1,0.0,1.06,0,none,0,none
U010,2024-09-07 15:55:00,88.7,1,0.0,0.92,0,none,0,none
U010,2024-09-07 16:00:00,89.7,1,0.0,0.81,0,none,0,none
U010,2024-09-07 16:05:00,89.9,1,0.0,1.02,0,none,0,none
U010,2024-09-07 16:30:00,90.8,1,0.0,1.14,0,none,0,none
U010,2024-09-07 16:35:00,90.5,1,0.0,0.92,0,none,0,none
U010,2024-09-07 16:40:00,90.8,1,0.0,0.94,0,none,0,none
U010,2024-09-07 17:00:00,89.9,1,0.0,0.94,0,none,0,none
U010,2024-09-07 17:05:00,89.6,1,0.0,0.85,0,none,0,none
U010,2024-09-07 17:10:00,90.2,1,0.0,0.94,0,none,0,none
U010,2024-09-07 17:45:00,87.9,1,0.0,0.89,0,none,0,none
U010,2024-09-07 18:00:00,88.6,1,0.0,1.06,0,none,0,none
U010,2024-09-07 18:25:00,89.3,1,0.0,1.0,0,none,0,none
U010,2024-09-07 18:30:00,89.6,1,0.0,0.82,0,none,0,none
U010,2024-09-07 18:40:00,89.6,1,0.0,1.17,0,none,0,none
U010,2024-09-07 18:45:00,89.3,1,0.0,0.86,0,none,0,none
U010,2024-09-07 18:50:00,89.5,1,0.0,0.97,0,none,0,none
U010,2024-09-07 18:55:00,89.8,1,2.4,0.98,30,dinner,0,none
U010,2024-09-07 19:00:00,89.7,1,0.0,0.9,0,none,0,none
U010,2024-09-07 19:05:00,89.9,1,0.0,1.08,0,none,0,none
U010,2024-09-07 19:10:00,90.5,1,0.0,1.11,0,none,0,none
U010,2024-09-07 19:15:00,90.4,1,0.0,1.05,0,none,0,none
U010,2024-09-07 19:20:00,91.0,1,0.0,1.17,0,none,0,none
U010,2024-09-07 19:30:00,90.5,1,0.0,1.02,0,none,0,none
U010,2024-09-07 19:40:00,91.1,1,0.0,0.9,0,none,0,none
U010,2024-09-07 19:45:00,90.6,1,4.6,1.13,45,snack,0,none
U010,2024-09-07 19:50:00,91.1,1,0.0,0.85,0,none,0,none
U010,2024-09-07 19:55:00,92.0,1,0.0,0.9,0,none,0,none
U010,2024-09-07 20:00:00,92.2,1,0.0,0.93,0,none,0,none
U010,2024-09-07 20:10:00,91.7,1,0.0,1.13,0,none,0,none
U010,2024-09-07 20:25:00,93.1,1,0.0,0.99,0,none,0,none
U010,2024-09-07 20:30:00,92.1,1,0.0,1.06,0,none,0,none
U010,2024-09-07 20:40:00,91.4,1,0.0,1.19,0,none,0,none
U010,2024-09-07 20:45:00,91.3,1,0.0,1.01,0,none,0,none
U010,2024-09-07 20:50:00,91.0,1,8.6,1.05,90,snack,0,none
U010,2024-09-07 20:55:00,91.9,1,0.0,1.04,0,none,0,none
U010,2024-09-07 21:00:00,92.3,1,0.0,0.97,0,none,0,none
U010,2024-09-07 21:05:00,92.8,1,0.0,0.99,0,none,0,none
U010,2024-09-07 21:10:00,92.2,1,0.0,0.96,0,none,0,none
U010,2024-09-07 21:20:00,91.9,1,0.0,0.98,0,none,0,none
U010,2024-09-07 21:35:00,93.7,1,0.0,1.13,0,none,0,none
U010,2024-09-07 21:40:00,92.5,1,0.0,1.15,0,none,1549,low
U010,2024-09-07 21:45:00,92.9,1,0.0,0.94,0,none,0,none
U010,2024-09-07 21:50:00,92.5,1,0.0,1.04,0,none,0,none
U010,2024-09-07 21:55:00,92.4,1,0.0,1.04,0,none,0,none
U010,2024-09-07 22:00:00,91.1,1,0.0,0.93,0,none,0,none
U010,2024-09-07 22:05:00,90.1,1,0.0,1.08,0,none,2952,low
U010,2024-09-07 22:20:00,89.9,1,0.0,1.01,0,none,0,none
U010,2024-09-07 22:35:00,90.7,1,0.0,1.04,0,none,0,none
U010,2024-09-07 22:40:00,91.3,1,0.0,0.83,0,none,0,none
U010,2024-09-07 22:45:00,90.9,1,0.0,0.95,0,none,0,none
U010,2024-09-07 22:50:00,90.5,1,0.0,1.03,0,none,0,none
U010,2024-09-07 22:55:00,90.1,1,6.3,0.9,60,snack,0,none
U010,2024-09-07 23:00:00,89.6,1,0.0,1.02,0,none,0,none
U010,2024-09-07 23:35:00,89.9,1,0.0,1.1,0,none,0,none
U010,2024-09-07 23:40:00,90.3,1,0.0,0.96,0,none,0,none
U010,2024-09-07 23:55:00,90.5,1,0.0,0.84,0,none,0,none
U010,2024-09-08 00:05:00,90.2,1,0.0,1.18,0,none,0,none
U010,2024-09-08 00:10:00,89.9,1,0.0,1.02,0,none,0,none
U010,2024-09-08 00:15:00,90.1,1,8.1,1.05,90,dinner,0,none
U010,2024-09-08 00:20:00,90.4,1,0.0,0.98,0,none,0,none
U010,2024-09-08 00:30:00,90.2,1,0.0,1.0,0,none,0,none
U010,2024-09-08 00:35:00,90.1,1,0.0,1.1,0,none,0,none
U010,2024-09-08 00:40:00,90.1,1,0.0,0.83,0,none,0,none
U010,2024-09-08 00:45:00,90.0,1,0.0,0.92,0,none,0,none
U010,2024-09-08 00:50:00,90.4,1,0.0,0.88,0,none,0,none
U010,2024-09-08 01:00:00,89.2,1,0.0,0.98,0,none,0,none
U010,2024-09-08 01:05:00,89.6,1,0.0,0.95,0,none,0,none
U010,2024-09-08 01:10:00,89.3,1,0.0,0.86,0,none,0,none
U010,2024-09-08 01:15:00,89.2,1,0.0,0.86,0,none,0,none
U010,2024-09-08 01:20:00,88.7,0,7.1,0.9,75,lunch,0,none
U010,2024-09-08 01:25:00,88.4,1,0.0,0.99,0,none,0,none
U010,2024-09-08 01:30:00,89.3,1,0.0,1.13,0,none,0,none
U010,2024-09-08 01:35:00,89.3,1,0.0,0.91,0,none,0,none
U010,2024-09-08 01:45:00,89.3,1,0.0,0.98,0,none,0,none
U010,2024-09-08 02:05:00,88.4,1,0.0,1.13,0,none,0,none
U010,2024-09-08 02:15:00,87.8,1,0.0,1.08,0,none,0,none
U010,2024-09-08 02:20:00,87.9,1,0.0,1.16,0,none,0,none
U010,2024-09-08 02:25:00,88.1,1,0.0,1.03,0,none,0,none
U010,2024-09-08 02:35:00,88.1,1,0.0,0.94,0,none,0,none
U010,2024-09-08 02:40:00,87.0,1,0.0,1.04,0,none,0,none
U010,2024-09-08 02:45:00,88.0,1,0.0,0.82,0,none,0,none
U010,2024-09-08 02:50:00,87.6,1,0.0,0.98,0,none,0,none
U010,2024-09-08 03:00:00,86.9,1,2.3,0.88,30,breakfast,4539,medium
U010,2024-09-08 03:05:00,85.9,1,0.0,0.97,0,none,1100,low
U010,2024-09-08 03:10:00,85.4,0,4.2,1.05,45,breakfast,0,none
U010,2024-09-08 03:15:00,85.1,1,0.0,1.13,0,none,0,none
U010,2024-09-08 03:30:00,85.0,1,0.0,0.98,0,none,0,none
U010,2024-09-08 03:35:00,85.0,1,0.0,0.87,0,none,0,none
U010,2024-09-08 03:40:00,85.6,1,0.0,0.85,0,none,0,none
U010,2024-09-08 03:45:00,85.0,1,0.0,1.01,0,none,0,none
U010,2024-09-08 03:50:00,85.6,1,0.0,0.92,0,none,0,none
U010,2024-09-08 04:00:00,86.0,1,0.0,1.09,0,none,0,none
U010,2024-09-08 04:15:00,86.4,1,0.0,0.85,0,none,0,none
U010,2024-09-08 04:20:00,85.4,1,0.0,1.2,0,none,0,none
U010,2024-09-08 04:25:00,84.0,1,0.0,1.1,0,none,0,none
U010,2024-09-08 04:30:00,83.9,1,0.0,1.12,0,none,0,none
U010,2024-09-08 04:45:00,83.6,1,0.0,1.13,0,none,0,none
U010,2024-09-08 04:50:00,83.4,1,0.0,0.83,0,none,0,none
U010,2024-09-08 04:55:00,83.0,0,0.0,1.03,0,none,0,none
U010,2024-09-08 05:00:00,83.0,1,0.0,1.06,0,none,0,none
U010,2024-09-08 05:05:00,82.5,1,0.0,1.04,0,none,0,none
U010,2024-09-08 05:10:00,83.3,1,0.0,1.17,0,none,0,none
U010,2024-09-08 05:15:00,83.8,1,0.0,0.91,0,none,0,none
U010,2024-09-08 05:20:00,84.6,1,0.0,0.86,0,none,0,none
U010,2024-09-08 05:25:00,84.7,1,0.0,1.07,0,none,0,none
U010,2024-09-08 05:30:00,84.3,1,0.0,1.0,0,none,0,none
U010,2024-09-08 05:35:00,85.2,1,0.0,1.19,0,none,0,none
U010,2024-09-08 05:40:00,85.7,1,0.0,0.91,0,none,0,none
U010,2024-09-08 05:45:00,86.3,1,0.0,0.83,0,none,0,none
U010,2024-09-08 05:50:00,86.4,1,0.0,1.04,0,none,0,none
U010,2024-09-08 05:55:00,85.6,1,0.0,1.04,0,none,0,none
U010,2024-09-08 06:00:00,86.2,1,0.0,0.98,0,none,0,none
U010,2024-09-08 06:05:00,86.0,1,0.0,0.9,0,none,0,none
U010,2024-09-08 06:10:00,85.1,1,0.0,0.89,0,none,4873,medium
U010,2024-09-08 06:25:00,84.8,1,0.0,0.98,0,none,0,none
U010,2024-09-08 06:30:00,85.0,1,0.0,0.86,0,none,0,none
U010,2024-09-08 06:35:00,85.1,1,0.0,1.05,0,none,0,none
U010,2024-09-08 06:40:00,84.8,1,8.4,0.89,75,snack,0,none
U010,2024-09-08 06:50:00,84.9,1,0.0,0.87,0,none,0,none
U010,2024-09-08 07:05:00,85.2,1,0.0,0.85,0,none,0,none
U010,2024-09-08 07:20:00,84.6,1,0.0,0.89,0,none,0,none
U010,2024-09-08 07:25:00,84.6,1,0.0,1.1,0,none,0,none
U010,2024-09-08 07:45:00,85.0,1,0.0,1.18,0,none,0,none
U010,2024-09-08 07:50:00,85.0,1,0.0,1.01,0,none,0,none
U010,2024-09-08 08:05:00,84.7,1,0.0,1.11,0,none,0,none
U010,2024-09-08 08:10:00,85.4,1,0.0,0.98,0,none,0,none
U010,2024-09-08 08:20:00,85.3,1,0.0,1.07,0,none,0,none
U010,2024-09-08 08:25:00,84.9,1,0.0,0.85,0,none,0,none
U010,2024-09-08 08:35:00,86.3,1,8.2,0.95,75,snack,0,none
U010,2024-09-08 08:45:00,84.2,1,0.0,1.02,0,none,3630,high
U010,2024-09-08 09:00:00,84.8,1,0.0,0.93,0,none,0,none
U010,2024-09-08 09:10:00,84.5,1,0.0,0.99,0,none,0,none
U010,2024-09-08 09:25:00,84.3,1,9.0,1.11,90,breakfast,0,none
U010,2024-09-08 09:30:00,84.6,1,0.0,1.08,0,none,0,none
U010,2024-09-08 09:40:00,83.8,1,0.0,0.89,0,none,0,none
U010,2024-09-08 10:00:00,85.1,1,0.0,1.08,0,none,0,none
U010,2024-09-08 10:05:00,85.6,1,0.0,1.03,0,none,0,none
U010,2024-09-08 10:15:00,85.3,1,0.0,1.2,0,none,0,none
U010,2024-09-08 10:20:00,85.3,1,0.0,1.03,0,none,0,none
U010,2024-09-08 10:25:00,84.2,1,0.0,0.89,0,none,0,none
U010,2024-09-08 10:30:00,84.1,1,0.0,1.01,0,none,0,none
U010,2024-09-08 10:35:00,84.3,1,0.0,1.13,0,none,0,none
U010,2024-09-08 10:40:00,83.0,1,0.0,0.81,0,none,0,none
U010,2024-09-08 10:55:00,84.3,1,0.0,1.03,0,none,0,none
U010,2024-09-08 11:05:00,84.8,1,0.0,1.2,0,none,0,none
U010,2024-09-08 11:10:00,83.7,1,0.0,1.14,0,none,0,none
U010,2024-09-08 11:15:00,84.4,1,0.0,0.91,0,none,0,none
U010,2024-09-08 11:20:00,84.5,1,0.0,1.17,0,none,0,none
U010,2024-09-08 11:25:00,84.4,1,0.0,0.81,0,none,0,none
U010,2024-09-08 11:30:00,84.6,1,0.0,1.1,30,dinner,0,none
U010,2024-09-08 11:40:00,85.0,1,0.0,0.91,0,none,0,none
U010,2024-09-08 11:45:00,85.1,1,0.0,1.19,0,none,0,none
U010,2024-09-08 11:50:00,85.3,1,4.9,1.19,45,dinner,0,none
U010,2024-09-08 12:00:00,86.7,1,0.0,1.07,0,none,0,none
U010,2024-09-08 12:10:00,87.3,1,0.0,0.97,0,none,0,none
U010,2024-09-08 12:15:00,86.9,1,0.0,1.12,0,none,0,none
U010,2024-09-08 12:20:00,86.9,1,0.0,1.14,0,none,0,none
U010,2024-09-08 12:25:00,85.6,1,0.0,1.04,0,none,4458,low
U010,2024-09-08 12:30:00,85.8,1,0.0,1.15,0,none,0,none
U010,2024-09-08 12:35:00,86.1,1,0.0,0.85,0,none,0,none
U010,2024-09-08 12:40:00,86.3,1,0.0,0.99,0,none,0,none
U010,2024-09-08 12:45:00,85.8,1,0.0,1.19,0,none,0,none
U010,2024-09-08 13:00:00,86.0,1,0.0,1.14,0,none,0,none
U010,2024-09-08 13:05:00,87.0,1,0.0,0.86,0,none,0,none
U010,2024-09-08 13:10:00,86.3,1,0.0,0.84,0,none,0,none
U010,2024-09-08 13:15:00,86.9,1,0.0,1.18,0,none,0,none
U010,2024-09-08 13:30:00,86.6,1,0.0,0.92,0,none,0,none
U010,2024-09-08 13:35:00,87.4,1,0.0,0.88,0,none,0,none
U010,2024-09-08 13:45:00,87.0,1,0.0,1.09,0,none,0,none
U010,2024-09-08 14:10:00,89.3,1,0.0,1.14,0,none,0,none
U010,2024-09-08 14:25:00,88.6,1,0.0,1.01,0,none,0,none
U010,2024-09-08 14:30:00,88.0,1,0.0,1.16,0,none,0,none
U010,2024-09-08 14:35:00,88.5,0,0.0,0.81,0,none,0,none
U010,2024-09-08 14:40:00,88.1,1,0.0,1.05,0,none,0,none
U010,2024-09-08 14:45:00,88.4,1,0.0,0.93,0,none,0,none
U010,2024-09-08 14:50:00,88.5,1,0.0,1.05,0,none,0,none
U010,2024-09-08 14:55:00,88.0,1,0.0,1.16,0,none,0,none
U010,2024-09-08 15:00:00,87.7,1,0.0,1.02,0,none,0,none
U010,2024-09-08 15:05:00,86.9,1,0.0,0.9,0,none,0,none
U010,2024-09-08 15:10:00,86.4,1,0.0,1.01,0,none,0,none
U010,2024-09-08 15:15:00,87.1,1,0.0,0.99,0,none,0,none
U010,2024-09-08 15:25:00,87.2,1,0.0,1.02,0,none,0,none
U010,2024-09-08 15:30:00,87.5,1,0.0,1.04,0,none,0,none
U010,2024-09-08 15:40:00,87.3,1,0.0,1.15,0,none,0,none
U010,2024-09-08 15:50:00,86.3,1,0.0,1.13,0,none,0,none
U010,2024-09-08 15:55:00,86.3,1,0.0,0.9,0,none,0,none
U010,2024-09-08 16:00:00,86.6,1,0.0,0.84,0,none,0,none
U010,2024-09-08 16:05:00,87.4,1,0.0,1.12,0,none,0,none
U010,2024-09-08 16:10:00,87.2,1,0.0,0.88,0,none,0,none
U010,2024-09-08 16:30:00,87.2,1,0.0,0.91,0,none,0,none
U010,2024-09-08 16:35:00,87.7,0,0.0,0.89,0,none,0,none
U010,2024-09-08 16:40:00,87.5,1,0.0,1.14,0,none,0,none
U010,2024-09-08 16:45:00,87.3,1,0.0,1.1,0,none,0,none
U010,2024-09-08 16:50:00,88.3,1,0.0,0.92,0,none,0,none
U010,2024-09-08 17:10:00,88.5,1,0.0,0.84,0,none,0,none
U010,2024-09-08 17:20:00,90.0,1,5.3,0.96,60,lunch,0,none
U010,2024-09-08 17:30:00,90.2,1,0.0,1.06,0,none,0,none
U010,2024-09-08 17:40:00,90.2,1,0.0,1.07,0,none,0,none
U010,2024-09-08 17:50:00,91.1,1,0.0,0.94,0,none,0,none
U010,2024-09-08 17:55:00,90.9,1,2.8,0.99,30,snack,0,none
U010,2024-09-08 18:05:00,91.2,1,0.0,0.97,0,none,0,none
U010,2024-09-08 18:10:00,91.5,1,0.0,0.9,0,none,0,none
U010,2024-09-08 18:15:00,92.0,1,0.0,1.18,0,none,0,none
U010,2024-09-08 18:20:00,92.3,1,0.0,1.08,0,none,0,none
U010,2024-09-08 18:30:00,92.9,1,7.1,0.85,75,breakfast,0,none
U010,2024-09-08 18:45:00,92.7,1,0.0,1.14,0,none,0,none
U010,2024-09-08 18:50:00,91.3,1,0.0,1.05,0,none,3732,high
U010,2024-09-08 18:55:00,91.5,1,0.0,1.05,0,none,0,none
U010,2024-09-08 19:05:00,91.8,1,0.0,1.1,0,none,0,none
U010,2024-09-08 19:10:00,92.4,1,0.0,0.9,0,none,0,none
U010,2024-09-08 19:20:00,93.1,1,0.0,1.17,0,none,0,none
U010,2024-09-08 19:35:00,92.3,1,0.0,1.17,0,none,0,none
U010,2024-09-08 19:40:00,92.2,1,0.0,0.99,0,none,0,none
U010,2024-09-08 20:00:00,90.2,1,0.0,1.04,0,none,0,none
U010,2024-09-08 20:05:00,91.2,1,0.0,1.06,0,none,0,none
U010,2024-09-08 20:10:00,91.4,0,0.0,0.86,45,snack,0,none
U010,2024-09-08 20:15:00,91.6,1,0.0,0.85,0,none,0,none
U010,2024-09-08 20:20:00,92.0,1,0.0,1.06,0,none,0,none
U010,2024-09-08 20:30:00,91.7,1,0.0,1.18,0,none,0,none
U010,2024-09-08 20:35:00,91.8,1,0.0,1.15,0,none,0,none
U010,2024-09-08 20:45:00,91.3,1,0.0,1.15,0,none,0,none
U010,2024-09-08 20:50:00,89.7,1,0.0,1.0,0,none,2333,high
U010,2024-09-08 21:05:00,90.5,1,0.0,1.0,0,none,0,none
U010,2024-09-08 21:10:00,90.4,1,0.0,0.85,0,none,0,none
U010,2024-09-08 21:15:00,90.2,1,0.0,0.9,0,none,0,none
U010,2024-09-08 21:25:00,89.8,1,0.0,0.98,0,none,0,none
U010,2024-09-08 21:30:00,88.9,1,0.0,0.96,0,none,2713,medium
U010,2024-09-08 21:35:00,88.5,1,0.0,0.82,0,none,0,none
U010,2024-09-08 21:40:00,88.1,1,0.0,1.08,0,none,0,none
U010,2024-09-08 21:45:00,87.9,1,0.0,0.8,0,none,0,none
U010,2024-09-08 22:00:00,87.1,1,0.0,1.12,0,none,0,none
U010,2024-09-08 22:05:00,87.4,1,0.0,1.13,0,none,0,none
U010,2024-09-08 22:10:00,88.3,1,0.0,0.9,0,none,0,none
U010,2024-09-08 22:15:00,88.0,1,0.0,1.11,0,none,0,none
U010,2024-09-08 22:20:00,87.4,1,0.0,0.99,0,none,0,none
U010,2024-09-08 22:25:00,87.2,1,0.0,0.82,0,none,0,none
U010,2024-09-08 22:30:00,86.9,1,0.0,1.01,0,none,0,none
U010,2024-09-08 22:55:00,83.9,1,0.0,1.11,0,none,0,none
U010,2024-09-08 23:00:00,84.1,1,0.0,0.93,0,none,0,none
U010,2024-09-08 23:15:00,85.0,1,0.0,1.12,0,none,0,none
U010,2024-09-08 23:20:00,85.1,1,0.0,0.81,0,none,0,none
U010,2024-09-08 23:25:00,85.9,1,0.0,0.89,0,none,0,none
U010,2024-09-08 23:30:00,86.0,1,0.0,0.94,0,none,0,none
U010,2024-09-08 23:40:00,87.0,1,0.0,1.1,0,none,0,none
U010,2024-09-09 00:00:00,87.5,1,0.0,0.81,0,none,0,none
U010,2024-09-09 00:10:00,87.2,1,0.0,0.9,0,none,0,none
U010,2024-09-09 00:15:00,86.5,1,0.0,1.03,0,none,0,none
U010,2024-09-09 00:20:00,85.4,1,0.0,1.16,0,none,0,none
U010,2024-09-09 00:25:00,85.1,1,0.0,1.18,0,none,0,none
U010,2024-09-09 00:45:00,86.0,1,0.0,1.17,0,none,0,none
U010,2024-09-09 00:50:00,86.2,1,0.0,0.94,0,none,0,none
U010,2024-09-09 00:55:00,87.3,1,0.0,1.01,0,none,0,none
U010,2024-09-09 01:00:00,86.9,1,0.0,1.06,0,none,0,none
U010,2024-09-09 01:10:00,87.6,1,0.0,0.93,0,none,0,none
U010,2024-09-09 01:15:00,85.3,1,0.0,1.19,0,none,4318,medium
U010,2024-09-09 01:20:00,85.1,1,0.0,0.97,0,none,0,none
U010,2024-09-09 01:25:00,84.9,1,0.0,0.87,0,none,0,none
U010,2024-09-09 01:30:00,84.7,1,0.0,1.04,0,none,0,none
U010,2024-09-09 01:40:00,84.9,1,0.0,1.11,0,none,0,none
U010,2024-09-09 01:55:00,85.5,1,0.0,0.96,0,none,0,none
U010,2024-09-09 02:00:00,86.0,1,0.0,0.84,0,none,0,none
U010,2024-09-09 02:05:00,85.7,1,0.0,0.83,0,none,0,none
U010,2024-09-09 02:10:00,86.3,1,0.0,1.1,0,none,0,none
U010,2024-09-09 02:15:00,86.5,1,0.0,0.86,0,none,0,none
U010,2024-09-09 02:20:00,84.6,1,0.0,1.16,0,none,1548,medium
U010,2024-09-09 02:30:00,84.0,1,0.0,1.17,0,none,0,none
U010,2024-09-09 02:35:00,85.3,1,0.0,0.83,0,none,0,none
U010,2024-09-09 02:45:00,84.6,1,0.0,1.15,0,none,0,none
U010,2024-09-09 02:50:00,84.6,1,0.0,1.11,0,none,0,none
U010,2024-09-09 02:55:00,84.4,1,0.0,0.94,0,none,0,none
U010,2024-09-09 03:00:00,84.9,1,0.0,1.0,0,none,0,none
U010,2024-09-09 03:05:00,85.4,1,0.0,0.83,0,none,0,none
U010,2024-09-09 03:10:00,84.9,1,2.3,0.98,30,lunch,0,none
U010,2024-09-09 03:15:00,85.6,1,0.0,0.92,0,none,0,none
U010,2024-09-09 03:25:00,85.5,1,0.0,1.07,0,none,0,none
U010,2024-09-09 03:35:00,85.0,1,0.0,1.1,0,none,0,none
U010,2024-09-09 03:40:00,84.8,1,0.0,1.18,0,none,0,none
U010,2024-09-09 03:50:00,84.7,1,0.0,0.92,0,none,0,none
U010,2024-09-09 03:55:00,83.8,1,0.0,1.0,0,none,0,none
U010,2024-09-09 04:10:00,84.5,1,0.0,0.86,0,none,0,none
U010,2024-09-09 04:15:00,84.5,1,0.0,0.95,0,none,0,none
U010,2024-09-09 04:20:00,84.6,1,0.0,1.2,0,none,0,none
U010,2024-09-09 04:25:00,84.0,1,0.0,1.02,0,none,0,none
U010,2024-09-09 04:30:00,83.1,1,0.0,0.95,0,none,0,none
U010,2024-09-09 04:40:00,80.8,1,0.0,0.85,0,none,0,none
U010,2024-09-09 04:45:00,80.3,1,0.0,1.16,0,none,594,high
U010,2024-09-09 04:50:00,79.5,1,0.0,1.03,0,none,0,none
U010,2024-09-09 04:55:00,80.2,1,0.0,1.12,0,none,0,none
U010,2024-09-09 05:00:00,79.5,1,0.0,1.16,0,none,0,none
U010,2024-09-09 05:10:00,78.7,1,0.0,0.84,0,none,0,none
U010,2024-09-09 05:25:00,81.1,1,0.0,0.91,0,none,0,none
U010,2024-09-09 05:30:00,80.6,1,0.0,1.06,0,none,0,none
U010,2024-09-09 05:40:00,81.0,1,0.0,1.09,0,none,0,none
U010,2024-09-09 05:50:00,80.8,1,0.0,0.93,0,none,0,none
U010,2024-09-09 06:00:00,81.7,1,0.0,1.01,0,none,0,none
U010,2024-09-09 06:15:00,82.0,1,0.0,1.07,0,none,0,none
U010,2024-09-09 06:20:00,80.8,1,0.0,1.19,0,none,0,none
U010,2024-09-09 06:25:00,81.0,1,0.0,1.18,0,none,0,none
U010,2024-09-09 06:35:00,81.1,1,0.0,1.19,0,none,0,none
U010,2024-09-09 06:40:00,81.3,1,0.0,1.11,0,none,0,none
U010,2024-09-09 06:45:00,81.4,1,0.0,1.03,0,none,0,none
U010,2024-09-09 06:50:00,81.6,1,0.0,1.02,0,none,0,none
U010,2024-09-09 07:00:00,82.0,1,0.0,1.09,0,none,0,none
U010,2024-09-09 07:10:00,83.1,1,0.0,0.89,0,none,0,none
U010,2024-09-09 07:15:00,82.7,1,0.0,0.83,0,none,0,none
U010,2024-09-09 07:20:00,81.7,1,0.0,0.98,0,none,1414,high
U010,2024-09-09 07:25:00,82.2,1,2.7,0.96,30,dinner,0,none
U010,2024-09-09 07:35:00,82.4,1,0.0,1.02,0,none,0,none
U010,2024-09-09 07:45:00,82.8,1,0.0,1.19,0,none,0,none
U010,2024-09-09 07:55:00,82.8,1,0.0,0.84,0,none,0,none
U010,2024-09-09 08:00:00,82.6,1,0.0,1.16,0,none,0,none
U010,2024-09-09 08:05:00,83.3,1,0.0,0.99,0,none,0,none
U010,2024-09-09 08:10:00,83.0,1,0.0,1.02,0,none,0,none
U010,2024-09-09 08:15:00,83.5,1,0.0,0.81,0,none,0,none
U010,2024-09-09 08:25:00,81.8,1,0.0,1.01,0,none,0,none
U010,2024-09-09 08:30:00,82.0,1,0.0,1.07,0,none,0,none
U010,2024-09-09 08:40:00,81.3,1,0.0,1.04,0,none,0,none
U010,2024-09-09 08:45:00,81.9,1,0.0,1.08,0,none,0,none
U010,2024-09-09 08:50:00,81.9,1,0.0,0.96,0,none,0,none
U010,2024-09-09 08:55:00,81.8,1,0.0,1.04,0,none,0,none
U010,2024-09-09 09:00:00,81.6,1,0.0,0.92,0,none,0,none
U010,2024-09-09 09:05:00,81.6,1,0.0,1.1,0,none,0,none
U010,2024-09-09 09:10:00,81.5,1,0.0,0.92,0,none,0,none
U010,2024-09-09 09:15:00,81.3,1,0.0,0.81,0,none,0,none
U010,2024-09-09 09:25:00,81.4,1,0.0,1.11,0,none,0,none
U010,2024-09-09 09:30:00,81.2,1,4.3,0.89,45,dinner,0,none
U010,2024-09-09 09:35:00,81.7,1,0.0,1.14,0,none,0,none
U010,2024-09-09 09:40:00,81.7,1,0.0,0.8,0,none,0,none
U010,2024-09-09 09:55:00,82.7,0,0.0,1.1,0,none,0,none
U010,2024-09-09 10:00:00,83.5,1,0.0,1.1,0,none,0,none
U010,2024-09-09 10:10:00,82.7,1,0.0,1.1,0,none,0,none
U010,2024-09-09 10:15:00,82.7,1,0.0,0.93,0,none,0,none
U010,2024-09-09 10:25:00,84.2,1,0.0,1.19,0,none,0,none
U010,2024-09-09 10:35:00,84.0,1,0.0,1.12,0,none,0,none
U010,2024-09-09 10:40:00,83.8,1,0.0,0.93,0,none,0,none
U010,2024-09-09 10:45:00,83.5,1,0.0,1.11,0,none,0,none
U010,2024-09-09 10:50:00,84.5,1,0.0,1.16,0,none,0,none
U010,2024-09-09 10:55:00,84.0,1,0.0,0.97,0,none,0,none
U010,2024-09-09 11:00:00,83.8,1,0.0,1.09,0,none,0,none
U010,2024-09-09 11:05:00,83.1,1,0.0,0.93,0,none,0,none
U010,2024-09-09 11:10:00,82.4,1,0.0,1.14,0,none,0,none
U010,2024-09-09 11:20:00,82.0,1,0.0,0.95,0,none,0,none
U010,2024-09-09 11:25:00,82.7,1,6.8,0.82,75,lunch,0,none
U010,2024-09-09 11:30:00,82.2,1,0.0,0.98,0,none,0,none
U010,2024-09-09 11:55:00,82.6,1,0.0,1.05,0,none,0,none
U010,2024-09-09 12:00:00,82.0,1,0.0,0.93,0,none,0,none
U010,2024-09-09 12:10:00,82.5,1,0.0,1.1,0,none,0,none
U010,2024-09-09 12:20:00,81.1,1,0.0,1.17,0,none,0,none
U010,2024-09-09 12:30:00,81.3,1,0.0,0.87,0,none,0,none
U010,2024-09-09 12:50:00,80.9,1,0.0,1.07,0,none,0,none
U010,2024-09-09 12:55:00,81.3,1,0.0,0.84,0,none,0,none
U010,2024-09-09 13:00:00,81.4,1,0.0,0.99,0,none,0,none
U010,2024-09-09 13:10:00,82.5,1,0.0,0.83,0,none,0,none
U010,2024-09-09 13:15:00,80.9,1,0.0,0.87,0,none,4087,medium
U010,2024-09-09 13:30:00,80.4,1,0.0,0.99,0,none,0,none
U010,2024-09-09 13:35:00,81.1,1,0.0,1.09,0,none,0,none
U010,2024-09-09 13:45:00,80.9,1,0.0,0.88,0,none,0,none
U010,2024-09-09 13:55:00,81.1,1,0.0,1.15,0,none,0,none
U010,2024-09-09 14:00:00,81.5,1,0.0,1.18,0,none,0,none
U010,2024-09-09 14:05:00,82.1,1,0.0,1.12,0,none,0,none
U010,2024-09-09 14:15:00,79.5,1,0.0,0.92,0,none,3555,medium
U010,2024-09-09 14:25:00,79.7,1,0.0,1.17,0,none,0,none
U010,2024-09-09 14:45:00,79.7,1,0.0,0.95,0,none,0,none
U010,2024-09-09 14:50:00,81.4,1,0.0,0.82,0,none,0,none
U010,2024-09-09 14:55:00,82.0,1,0.0,0.83,0,none,0,none
U010,2024-09-09 15:00:00,82.1,1,0.0,0.86,0,none,0,none
U010,2024-09-09 15:10:00,80.8,1,0.0,1.07,0,none,2094,low
U010,2024-09-09 15:20:00,81.3,1,0.0,0.82,0,none,0,none
U010,2024-09-09 15:25:00,79.9,1,0.0,0.81,0,none,3338,low
U010,2024-09-09 15:30:00,80.0,1,6.5,0.91,60,lunch,0,none
U010,2024-09-09 15:40:00,80.4,1,0.0,1.03,0,none,0,none
U010,2024-09-09 15:45:00,80.0,1,0.0,0.99,0,none,0,none
U010,2024-09-09 15:50:00,80.1,1,0.0,0.82,0,none,0,none
U010,2024-09-09 16:00:00,80.7,1,0.0,1.03,0,none,0,none
U010,2024-09-09 16:05:00,81.4,1,0.0,0.96,0,none,0,none
U010,2024-09-09 16:35:00,82.6,1,5.2,0.82,45,snack,0,none
U010,2024-09-09 16:40:00,82.1,1,0.0,1.02,0,none,0,none
U010,2024-09-09 16:45:00,80.1,1,0.0,0.93,0,none,2631,low
U010,2024-09-09 16:50:00,80.3,1,0.0,0.86,0,none,0,none
U010,2024-09-09 17:05:00,81.2,1,0.0,0.84,0,none,0,none
U010,2024-09-09 17:30:00,79.8,1,0.0,1.15,0,none,0,none
U010,2024-09-09 17:35:00,80.7,1,5.6,0.85,60,snack,0,none
U010,2024-09-09 17:40:00,80.8,1,0.0,1.08,0,none,0,none
U010,2024-09-09 17:50:00,81.0,1,0.0,1.1,0,none,0,none
U010,2024-09-09 18:05:00,79.1,1,0.0,1.14,0,none,0,none
U010,2024-09-09 18:10:00,78.2,1,0.0,0.89,0,none,0,none
U010,2024-09-09 18:30:00,77.8,1,0.0,0.88,0,none,0,none
U010,2024-09-09 18:35:00,77.4,1,0.0,0.91,0,none,0,none
U010,2024-09-09 18:40:00,77.1,1,0.0,0.82,0,none,0,none
U010,2024-09-09 18:45:00,76.6,1,0.0,1.02,0,none,0,none
U010,2024-09-09 18:50:00,77.0,1,0.0,0.94,0,none,0,none
U010,2024-09-09 18:55:00,76.5,1,0.0,1.03,0,none,0,none
U010,2024-09-09 19:00:00,76.0,1,0.0,0.9,0,none,0,none
U010,2024-09-09 19:05:00,76.2,1,0.0,1.08,0,none,0,none
U010,2024-09-09 19:10:00,76.7,1,0.0,1.16,0,none,0,none
U010,2024-09-09 19:20:00,77.7,1,0.0,0.95,0,none,0,none
U010,2024-09-09 19:30:00,78.0,1,0.0,0.86,0,none,0,none
U010,2024-09-09 19:40:00,77.6,1,0.0,0.89,0,none,0,none
U010,2024-09-09 19:45:00,77.4,1,0.0,1.16,0,none,0,none
U010,2024-09-09 19:50:00,78.4,1,0.0,0.9,0,none,0,none
U010,2024-09-09 19:55:00,79.3,1,0.0,0.8,0,none,0,none
U010,2024-09-09 20:00:00,78.8,1,0.0,0.9,0,none,0,none
U010,2024-09-09 20:40:00,78.4,1,0.0,1.13,0,none,0,none
U010,2024-09-09 21:00:00,78.4,1,0.0,0.92,0,none,0,none
U010,2024-09-09 21:05:00,78.3,1,0.0,1.06,0,none,0,none
U010,2024-09-09 21:10:00,78.0,1,0.0,1.0,0,none,0,none
U010,2024-09-09 21:15:00,77.7,1,0.0,0.86,0,none,0,none
U010,2024-09-09 21:20:00,77.2,1,0.0,0.84,0,none,0,none
U010,2024-09-09 21:25:00,77.4,1,0.0,0.95,0,none,0,none
U010,2024-09-09 21:35:00,76.5,1,0.0,1.06,0,none,0,none
U010,2024-09-09 21:40:00,76.8,1,5.4,1.14,60,lunch,0,none
U010,2024-09-09 21:45:00,76.9,1,0.0,0.98,0,none,0,none
U010,2024-09-09 21:50:00,77.4,1,0.0,1.01,0,none,0,none
U010,2024-09-09 21:55:00,77.7,1,0.0,1.04,0,none,0,none
U010,2024-09-09 22:10:00,77.2,1,0.0,0.85,0,none,1802,high
U010,2024-09-09 22:20:00,77.1,1,0.0,0.8,0,none,0,none
